email,active_subscription,expiry,plan,email_disabled,created_at,first_payment_at
ptdaris@uol.com.br,false,,other,false,2024-11-12T03:17:43.583Z,
sebastianpintodesign@gmail.com,false,,other,false,2025-06-20T06:58:47.519Z,
ianwilmoth@gmail.com,false,,other,false,2024-02-04T21:20:53.228Z,
ulazuberi@gmail.com,false,,other,false,2025-10-25T13:13:54.435Z,
bky074a@gmail.com,false,,other,false,2024-07-03T19:28:33.204Z,
djcart137@gmail.com,false,,other,false,2024-02-23T14:28:14.796Z,
strange.exiles@gmail.com,false,,other,false,2025-10-15T09:22:11.801Z,
pj.blueoyster@gmail.com,false,,other,false,2025-11-02T03:20:23.346Z,
bryantmcgill@gmail.com,false,,other,false,2025-12-21T23:35:21.180Z,
internetboomer@gmail.com,false,,other,false,2025-12-06T23:26:54.740Z,
tracerdj@gmail.com,false,,other,false,2025-11-08T01:35:00.414Z,
evangelinepressblog@gmail.com,false,,other,false,2024-11-05T01:04:26.909Z,
ozs2@cornell.edu,false,,other,false,2024-08-22T16:49:41.522Z,
burkhartmnus@gmail.com,false,,other,false,2025-09-28T00:33:09.416Z,
calebgrasse@gmail.com,false,,other,false,2024-02-07T13:58:52.262Z,
rimbsweiler@yahoo.com,false,,other,false,2024-02-15T14:29:56.674Z,2024-04-04T04:33:02.634Z
petermak81@hotmail.com,false,,other,false,2025-09-07T17:16:55.071Z,
harrisbrian321@gmail.com,false,,other,false,2024-12-05T21:50:08.004Z,
raynottwoodbead@gmail.com,false,,other,false,2024-01-08T22:09:23.298Z,
edgarkarynmetroid123@gmail.com,false,,other,false,2025-06-24T15:42:36.948Z,
awedit999@gmail.com,false,,other,false,2024-08-22T18:44:08.695Z,
shien.getsuto@gmail.com,false,,other,false,2024-03-19T06:13:40.446Z,
oscarsantandermusic@gmail.com,false,,other,false,2025-12-25T20:48:07.370Z,
jakobfrommichigan@gmail.com,false,,other,false,2025-05-25T16:13:16.388Z,
naq.santana@gmail.com,false,,other,false,2025-12-04T11:06:46.250Z,
kaspar.sup@gmail.com,false,,other,false,2024-08-22T20:59:54.005Z,
mrnononsense02@gmail.com,false,,other,false,2024-05-18T08:44:20.431Z,
rimbsweiler@gmail.com,false,,other,false,2023-12-22T12:58:28.171Z,
gdg2018mm5@gmail.com,false,,other,false,2024-09-10T14:26:42.724Z,
briana.j.carroll@gmail.com,false,,other,false,2024-01-09T13:56:55.742Z,
justinaugustwellington@gmail.com,false,,other,false,2024-03-06T04:59:08.303Z,
kadirgemici066@gmail.com,false,,other,false,2024-02-28T22:07:27.885Z,
beer64925@gmail.com,false,,other,false,2024-04-11T15:29:33.806Z,
omarionburgess45@gmail.com,false,,other,false,2024-03-18T00:36:59.184Z,
skyjensen@icloud.com,false,,other,false,2024-04-15T00:38:17.960Z,
apollohlynch@gmail.com,false,,other,false,2024-04-18T18:15:46.287Z,
kalakaldruzuzu@gmail.com,false,,other,false,2024-05-04T01:52:30.917Z,
marcreekers@icloud.com,false,,other,false,2025-04-14T22:11:11.603Z,
rwlbmitchell@gmail.com,false,,other,false,2024-10-30T20:55:33.349Z,
filoso@mecoinbox.com,false,,other,false,2025-08-15T17:44:30.262Z,
simulacronzen@proton.me,false,,other,false,2025-12-19T11:04:04.048Z,
ongewis@murena.io,false,,other,false,2025-11-03T16:00:21.067Z,
memeticcowboy@gmail.com,false,,other,false,2025-09-26T17:34:36.784Z,
prodbyb2ny@gmail.com,false,,other,false,2025-03-30T01:27:20.082Z,
ajmcgrat@uci.edu,false,,other,false,2025-06-19T23:52:19.004Z,
zaidachaudhary@gmail.com,false,,other,false,2025-05-28T03:51:55.252Z,
sean.milligan@oswego.edu,false,,other,false,2025-07-01T19:10:20.376Z,
artisanaltomatoes@proton.me,false,,other,false,2025-11-30T03:15:11.217Z,
tonym@consistent-life.org,false,,other,false,2025-09-14T15:45:04.272Z,
emqathetic@gmail.com,false,,other,false,2025-09-18T05:18:05.455Z,
