post_id,timestamp,email,post_type,post_audience,active_subscription
140008206,2025-02-09T20:52:02.709Z,rimbsweiler@yahoo.com,newsletter,everyone,false
140008206,2025-02-09T20:52:02.782Z,justinaugustwellington@gmail.com,newsletter,everyone,true
140008206,2025-02-09T20:52:02.786Z,dwightlyman@gmail.com,newsletter,everyone,true
140008206,2025-02-09T20:52:02.883Z,gdg2018mm5@gmail.com,newsletter,everyone,true
140008206,2025-02-09T20:52:02.973Z,mrnononsense02@gmail.com,newsletter,everyone,true
140008206,2025-02-09T20:52:03.045Z,nathanhaile11@gmail.com,newsletter,everyone,true
140008206,2025-02-09T20:52:03.121Z,kalakaldruzuzu@gmail.com,newsletter,everyone,true
140008206,2025-02-09T20:52:03.138Z,djcart137@gmail.com,newsletter,everyone,true
140008206,2025-02-09T20:52:03.154Z,Experimentalunit317@gmail.com,newsletter,everyone,false
140008206,2025-02-09T20:52:03.159Z,3d0f86f2-e17f-4f2a-8ca5-154e98f6d68a@deletion-request.substack.com,newsletter,everyone,true
140008206,2025-02-09T20:52:03.198Z,rimbsweiler@gmail.com,newsletter,everyone,true
140008206,2025-02-09T20:52:03.210Z,beer64925@gmail.com,newsletter,everyone,true
140008206,2025-02-09T20:52:03.247Z,briana.j.carroll@gmail.com,newsletter,everyone,true
140008206,2025-02-09T20:52:03.297Z,zutorilla@gmail.com,newsletter,everyone,true
140008206,2025-02-09T20:52:03.330Z,mileswilsondc@gmail.com,newsletter,everyone,true
140008206,2025-02-09T20:52:03.334Z,semakpa@gmail.com,newsletter,everyone,true
140008206,2025-02-09T20:52:03.363Z,calebgrasse@gmail.com,newsletter,everyone,true
140008206,2025-02-09T20:52:03.364Z,harrisbrian321@gmail.com,newsletter,everyone,true
140008206,2025-02-09T20:52:03.368Z,virknavkaur@gmail.com,newsletter,everyone,true
140008206,2025-02-09T20:52:03.374Z,ianwilmoth@gmail.com,newsletter,everyone,true
140008206,2025-02-09T20:52:03.437Z,Twadley@gmail.com,newsletter,everyone,true
140008206,2025-02-09T20:52:03.475Z,shien.getsuto@gmail.com,newsletter,everyone,true
140008206,2025-02-09T20:52:03.503Z,itzhak.samara@gmail.com,newsletter,everyone,true
140008206,2025-02-09T20:52:03.534Z,bky074a@gmail.com,newsletter,everyone,true
140008206,2025-02-09T20:52:03.545Z,adooleycox@gmail.com,newsletter,everyone,true
140008206,2025-02-09T20:52:03.570Z,raynottwoodbead@gmail.com,newsletter,everyone,true
140008206,2025-02-09T20:52:03.599Z,kadirgemici066@gmail.com,newsletter,everyone,true
140008206,2025-02-09T20:52:03.642Z,zach.bartell.writer@gmail.com,newsletter,everyone,true
140008206,2025-02-09T20:52:03.793Z,alminivdmerwe@gmail.com,newsletter,everyone,true
140008206,2025-02-09T20:52:03.968Z,lennoxgravox@gmail.com,newsletter,everyone,true
140008206,2025-02-09T20:52:03.980Z,rwlbmitchell@gmail.com,newsletter,everyone,true
140008206,2025-02-09T20:52:04.087Z,growlyted@gmail.com,newsletter,everyone,true
140008206,2025-02-09T20:52:04.099Z,beansocolofsky@gmail.com,newsletter,everyone,true
140008206,2025-02-09T20:52:04.252Z,ahershmc@aol.com,newsletter,everyone,true
140008206,2025-02-09T20:52:04.345Z,ozs2@cornell.edu,newsletter,everyone,true
140008206,2025-02-09T20:52:04.565Z,borealspain@yahoo.co.uk,newsletter,everyone,true
140008206,2025-02-09T20:52:04.590Z,evangelinepressblog@gmail.com,newsletter,everyone,true
140008206,2025-02-09T20:52:04.635Z,ptdaris@uol.com.br,newsletter,everyone,true
140008206,2025-02-09T20:52:04.636Z,apollohlynch@gmail.com,newsletter,everyone,true
140008206,2025-02-09T20:52:04.665Z,jasontrew@gmail.com,newsletter,everyone,true
140008206,2025-02-09T20:52:05.127Z,theory.nifty438@passinbox.com,newsletter,everyone,true
140008206,2025-02-09T20:52:05.886Z,dennis@burns.org,newsletter,everyone,true
140008206,2025-02-09T20:52:06.229Z,skyjensen@icloud.com,newsletter,everyone,true
