post_id,timestamp,email,post_type,post_audience,active_subscription,country,city,region,device_type,client_os,client_type,user_agent
140008206,2025-02-09T20:52:41.541Z,briana.j.carroll@gmail.com,newsletter,everyone,true,US,,,,,,Mozilla/5.0 (Windows NT 5.1; rv:11.0) Gecko Firefox/11.0 (via ggpht.com GoogleImageProxy)
140008206,2025-02-09T20:54:03.229Z,mileswilsondc@gmail.com,newsletter,everyone,true,US,,,,,,Mozilla/5.0
140008206,2025-02-09T20:54:22.878Z,virknavkaur@gmail.com,newsletter,everyone,true,US,,,,,,Mozilla/5.0 (Windows NT 5.1; rv:11.0) Gecko Firefox/11.0 (via ggpht.com GoogleImageProxy)
140008206,2025-02-09T20:58:01.328Z,Experimentalunit317@gmail.com,newsletter,everyone,false,US,,,,,,Mozilla/5.0 (Windows NT 5.1; rv:11.0) Gecko Firefox/11.0 (via ggpht.com GoogleImageProxy)
140008206,2025-02-09T21:01:37.576Z,borealspain@yahoo.co.uk,newsletter,everyone,true,US,,,,,,Mozilla/5.0
140008206,2025-02-09T21:02:58.774Z,alminivdmerwe@gmail.com,newsletter,everyone,true,LI,,,,,,Mozilla/5.0
140008206,2025-02-09T21:06:01.527Z,skyjensen@icloud.com,newsletter,everyone,true,US,,,,,,Mozilla/5.0
140008206,2025-02-09T21:42:26.504Z,ozs2@cornell.edu,newsletter,everyone,true,US,,,,,,Mozilla/5.0 (Windows NT 5.1; rv:11.0) Gecko Firefox/11.0 (via ggpht.com GoogleImageProxy)
140008206,2025-02-09T23:00:54.832Z,dennis@burns.org,newsletter,everyone,true,US,,,,,,Mozilla/4.0 (compatible; ms-office; MSOffice 16)
140008206,2025-02-09T23:00:54.832Z,dennis@burns.org,newsletter,everyone,true,US,,,,,,Mozilla/4.0 (compatible; ms-office; MSOffice 16)
140008206,2025-02-10T01:55:04.541Z,lennoxgravox@gmail.com,newsletter,everyone,true,US,,,,,,Mozilla/5.0 (Windows NT 5.1; rv:11.0) Gecko Firefox/11.0 (via ggpht.com GoogleImageProxy)
140008206,2025-02-10T04:17:00.868Z,jasontrew@gmail.com,newsletter,everyone,true,US,,,,,,Mozilla/5.0
140008206,2025-02-10T05:02:59.513Z,skyjensen@icloud.com,newsletter,everyone,true,US,,,,,,Mozilla/5.0
140008206,2025-02-10T07:55:49.208Z,alminivdmerwe@gmail.com,newsletter,everyone,true,LI,,,,,,Mozilla/5.0
140008206,2025-02-10T15:29:53.289Z,apollohlynch@gmail.com,newsletter,everyone,true,US,,,,,,Mozilla/5.0
140008206,2025-02-10T16:03:05.331Z,harrisbrian321@gmail.com,newsletter,everyone,true,CA,,,,,,Mozilla/5.0
140008206,2025-02-10T17:11:38.201Z,rimbsweiler@yahoo.com,newsletter,everyone,false,US,,,,,,Mozilla/5.0
140008206,2025-02-10T18:32:45.072Z,bky074a@gmail.com,newsletter,everyone,true,US,,,,,,Mozilla/5.0 (Windows NT 5.1; rv:11.0) Gecko Firefox/11.0 (via ggpht.com GoogleImageProxy)
140008206,2025-02-11T03:20:27.226Z,zach.bartell.writer@gmail.com,newsletter,everyone,true,US,,,,,,Mozilla/5.0
140008206,2025-02-26T04:22:27.922Z,nathanhaile11@gmail.com,newsletter,everyone,true,MX,,,,,,Mozilla/5.0
