post_id,timestamp,email,post_type,post_audience,active_subscription
140714289,2025-02-09T16:41:08.883Z,Experimentalunit317@gmail.com,newsletter,everyone,false
140714289,2025-02-09T16:41:09.285Z,beansocolofsky@gmail.com,newsletter,everyone,true
140714289,2025-02-09T16:41:09.544Z,rimbsweiler@yahoo.com,newsletter,everyone,false
140714289,2025-02-09T16:41:09.607Z,nathanhaile11@gmail.com,newsletter,everyone,true
140714289,2025-02-09T16:41:09.685Z,gdg2018mm5@gmail.com,newsletter,everyone,true
140714289,2025-02-09T16:41:09.721Z,lennoxgravox@gmail.com,newsletter,everyone,true
140714289,2025-02-09T16:41:09.760Z,mrnononsense02@gmail.com,newsletter,everyone,true
140714289,2025-02-09T16:41:09.821Z,justinaugustwellington@gmail.com,newsletter,everyone,true
140714289,2025-02-09T16:41:09.867Z,dwightlyman@gmail.com,newsletter,everyone,true
140714289,2025-02-09T16:41:09.876Z,evangelinepressblog@gmail.com,newsletter,everyone,true
140714289,2025-02-09T16:41:10.014Z,djcart137@gmail.com,newsletter,everyone,true
140714289,2025-02-09T16:41:10.122Z,zach.bartell.writer@gmail.com,newsletter,everyone,true
140714289,2025-02-09T16:41:10.159Z,beer64925@gmail.com,newsletter,everyone,true
140714289,2025-02-09T16:41:10.164Z,kadirgemici066@gmail.com,newsletter,everyone,true
140714289,2025-02-09T16:41:10.220Z,kalakaldruzuzu@gmail.com,newsletter,everyone,true
140714289,2025-02-09T16:41:10.307Z,bky074a@gmail.com,newsletter,everyone,true
140714289,2025-02-09T16:41:10.342Z,harrisbrian321@gmail.com,newsletter,everyone,true
140714289,2025-02-09T16:41:10.373Z,raynottwoodbead@gmail.com,newsletter,everyone,true
140714289,2025-02-09T16:41:10.433Z,mileswilsondc@gmail.com,newsletter,everyone,true
140714289,2025-02-09T16:41:10.457Z,ozs2@cornell.edu,newsletter,everyone,true
140714289,2025-02-09T16:41:10.568Z,3d0f86f2-e17f-4f2a-8ca5-154e98f6d68a@deletion-request.substack.com,newsletter,everyone,true
140714289,2025-02-09T16:41:10.744Z,briana.j.carroll@gmail.com,newsletter,everyone,true
140714289,2025-02-09T16:41:10.778Z,zutorilla@gmail.com,newsletter,everyone,true
140714289,2025-02-09T16:41:10.786Z,ianwilmoth@gmail.com,newsletter,everyone,true
140714289,2025-02-09T16:41:10.800Z,rwlbmitchell@gmail.com,newsletter,everyone,true
140714289,2025-02-09T16:41:10.835Z,ptdaris@uol.com.br,newsletter,everyone,true
140714289,2025-02-09T16:41:10.845Z,jasontrew@gmail.com,newsletter,everyone,true
140714289,2025-02-09T16:41:10.870Z,calebgrasse@gmail.com,newsletter,everyone,true
140714289,2025-02-09T16:41:10.874Z,semakpa@gmail.com,newsletter,everyone,true
140714289,2025-02-09T16:41:10.882Z,growlyted@gmail.com,newsletter,everyone,true
140714289,2025-02-09T16:41:10.888Z,adooleycox@gmail.com,newsletter,everyone,true
140714289,2025-02-09T16:41:11.070Z,apollohlynch@gmail.com,newsletter,everyone,true
140714289,2025-02-09T16:41:11.205Z,itzhak.samara@gmail.com,newsletter,everyone,true
140714289,2025-02-09T16:41:11.240Z,alminivdmerwe@gmail.com,newsletter,everyone,true
140714289,2025-02-09T16:41:11.273Z,shien.getsuto@gmail.com,newsletter,everyone,true
140714289,2025-02-09T16:41:11.311Z,virknavkaur@gmail.com,newsletter,everyone,true
140714289,2025-02-09T16:41:11.333Z,ahershmc@aol.com,newsletter,everyone,true
140714289,2025-02-09T16:41:11.495Z,Twadley@gmail.com,newsletter,everyone,true
140714289,2025-02-09T16:41:11.993Z,rimbsweiler@gmail.com,newsletter,everyone,true
140714289,2025-02-09T16:41:12.162Z,borealspain@yahoo.co.uk,newsletter,everyone,true
140714289,2025-02-09T16:41:12.471Z,theory.nifty438@passinbox.com,newsletter,everyone,true
140714289,2025-02-09T16:41:13.707Z,dennis@burns.org,newsletter,everyone,true
140714289,2025-02-09T16:41:16.661Z,skyjensen@icloud.com,newsletter,everyone,true
