post_id,timestamp,email,post_type,post_audience,active_subscription,country,city,region,device_type,client_os,client_type,user_agent
140714289,2025-02-09T16:51:21.485Z,skyjensen@icloud.com,newsletter,everyone,true,US,,,,,,Mozilla/5.0
140714289,2025-02-09T17:11:48.486Z,ianwilmoth@gmail.com,newsletter,everyone,true,US,,,,,,Mozilla/5.0
140714289,2025-02-09T17:37:51.676Z,borealspain@yahoo.co.uk,newsletter,everyone,true,US,,,,,,Mozilla/5.0
140714289,2025-02-09T17:54:46.260Z,briana.j.carroll@gmail.com,newsletter,everyone,true,US,,,,,,Mozilla/5.0 (Windows NT 5.1; rv:11.0) Gecko Firefox/11.0 (via ggpht.com GoogleImageProxy)
140714289,2025-02-09T18:20:12.918Z,ptdaris@uol.com.br,newsletter,everyone,true,BR,,,,,,Mozilla/4.0 (compatible; ms-office; MSOffice 16)
140714289,2025-02-09T18:20:22.790Z,ptdaris@uol.com.br,newsletter,everyone,true,BR,,,,,,Mozilla/4.0 (compatible; ms-office; MSOffice 16)
140714289,2025-02-09T19:51:57.165Z,alminivdmerwe@gmail.com,newsletter,everyone,true,LI,,,,,,Mozilla/5.0
140714289,2025-02-09T20:52:20.919Z,rwlbmitchell@gmail.com,newsletter,everyone,true,US,,,,,,Mozilla/5.0 (Windows NT 5.1; rv:11.0) Gecko Firefox/11.0 (via ggpht.com GoogleImageProxy)
140714289,2025-02-09T20:54:03.208Z,mileswilsondc@gmail.com,newsletter,everyone,true,US,,,,,,Mozilla/5.0
140714289,2025-02-10T03:58:05.676Z,jasontrew@gmail.com,newsletter,everyone,true,US,,,,,,Mozilla/5.0
140714289,2025-02-10T04:23:29.249Z,zach.bartell.writer@gmail.com,newsletter,everyone,true,US,,,,,,Mozilla/5.0
140714289,2025-02-10T04:53:23.338Z,skyjensen@icloud.com,newsletter,everyone,true,US,,,,,,Mozilla/5.0
140714289,2025-02-10T07:55:49.107Z,alminivdmerwe@gmail.com,newsletter,everyone,true,LI,,,,,,Mozilla/5.0
140714289,2025-02-10T17:11:38.205Z,rimbsweiler@yahoo.com,newsletter,everyone,false,US,,,,,,Mozilla/5.0
140714289,2025-02-10T17:17:54.840Z,apollohlynch@gmail.com,newsletter,everyone,true,US,,,,,,Mozilla/5.0
140714289,2025-02-11T11:50:23.337Z,harrisbrian321@gmail.com,newsletter,everyone,true,CA,,,,,,Mozilla/5.0
140714289,2025-02-26T04:22:30.322Z,nathanhaile11@gmail.com,newsletter,everyone,true,MX,,,,,,Mozilla/5.0
