post_id,timestamp,email,post_type,post_audience,active_subscription
141473895,2024-02-07T21:38:17.478Z,Twadley@gmail.com,newsletter,everyone,true
141473895,2024-02-07T21:38:17.498Z,calebgrasse@gmail.com,newsletter,everyone,true
141473895,2024-02-07T21:38:17.712Z,rimbsweiler@gmail.com,newsletter,everyone,true
141473895,2024-02-07T21:38:17.718Z,itzhak.samara@gmail.com,newsletter,everyone,true
141473895,2024-02-07T21:38:17.787Z,ianwilmoth@gmail.com,newsletter,everyone,true
141473895,2024-02-07T21:38:17.840Z,briana.j.carroll@gmail.com,newsletter,everyone,true
141473895,2024-02-07T21:38:17.950Z,raynottwoodbead@gmail.com,newsletter,everyone,true
141473895,2024-02-07T21:38:18.070Z,mooresie@outlook.com,newsletter,everyone,true
141473895,2024-02-07T21:38:18.195Z,Experimentalunit317@gmail.com,newsletter,everyone,false
