post_id,timestamp,email,post_type,post_audience,active_subscription
141930934,2024-02-22T16:59:51.405Z,raynottwoodbead@gmail.com,newsletter,everyone,true
141930934,2024-02-22T16:59:51.508Z,nadahlberg@gmail.com,newsletter,everyone,true
141930934,2024-02-22T16:59:51.585Z,ianwilmoth@gmail.com,newsletter,everyone,true
141930934,2024-02-22T16:59:52.114Z,Experimentalunit317@gmail.com,newsletter,everyone,false
141930934,2024-02-22T16:59:52.389Z,Twadley@gmail.com,newsletter,everyone,true
141930934,2024-02-22T16:59:52.414Z,rimbsweiler@gmail.com,newsletter,everyone,true
141930934,2024-02-22T16:59:52.473Z,briana.j.carroll@gmail.com,newsletter,everyone,true
141930934,2024-02-22T16:59:52.510Z,rimbsweiler@yahoo.com,newsletter,everyone,true
141930934,2024-02-22T16:59:52.622Z,itzhak.samara@gmail.com,newsletter,everyone,true
141930934,2024-02-22T16:59:52.630Z,calebgrasse@gmail.com,newsletter,everyone,true
141930934,2024-02-22T16:59:54.066Z,mooresie@outlook.com,newsletter,everyone,true
