post_id,timestamp,email,post_type,post_audience,active_subscription
142174359,2024-02-29T16:50:05.012Z,Experimentalunit317@gmail.com,newsletter,everyone,false
142174359,2024-02-29T16:50:05.072Z,3d0f86f2-e17f-4f2a-8ca5-154e98f6d68a@deletion-request.substack.com,newsletter,everyone,true
142174359,2024-02-29T16:50:05.291Z,kadirgemici066@gmail.com,newsletter,everyone,true
142174359,2024-02-29T16:50:05.365Z,djcart137@gmail.com,newsletter,everyone,true
142174359,2024-02-29T16:50:05.377Z,raynottwoodbead@gmail.com,newsletter,everyone,true
142174359,2024-02-29T16:50:05.399Z,ianwilmoth@gmail.com,newsletter,everyone,true
142174359,2024-02-29T16:50:05.408Z,nadahlberg@gmail.com,newsletter,everyone,true
142174359,2024-02-29T16:50:05.875Z,rimbsweiler@gmail.com,newsletter,everyone,true
142174359,2024-02-29T16:50:05.880Z,Twadley@gmail.com,newsletter,everyone,true
142174359,2024-02-29T16:50:06.029Z,calebgrasse@gmail.com,newsletter,everyone,true
142174359,2024-02-29T16:50:06.042Z,itzhak.samara@gmail.com,newsletter,everyone,true
142174359,2024-02-29T16:50:06.072Z,rimbsweiler@yahoo.com,newsletter,everyone,true
142174359,2024-02-29T16:50:06.182Z,briana.j.carroll@gmail.com,newsletter,everyone,true
142174359,2024-02-29T16:50:06.428Z,mooresie@outlook.com,newsletter,everyone,true
