post_id,timestamp,email,post_type,post_audience,active_subscription,country,city,region,device_type,client_os,client_type,user_agent
142502784,2025-02-09T20:51:28.222Z,briana.j.carroll@gmail.com,newsletter,everyone,true,US,,,,,,Mozilla/5.0 (Windows NT 5.1; rv:11.0) Gecko Firefox/11.0 (via ggpht.com GoogleImageProxy)
142502784,2025-02-09T20:52:00.466Z,rwlbmitchell@gmail.com,newsletter,everyone,true,US,,,,,,Mozilla/5.0 (Windows NT 5.1; rv:11.0) Gecko Firefox/11.0 (via ggpht.com GoogleImageProxy)
142502784,2025-02-09T20:52:07.897Z,briana.j.carroll@gmail.com,newsletter,everyone,true,US,,,,,,Mozilla/5.0 (Windows NT 5.1; rv:11.0) Gecko Firefox/11.0 (via ggpht.com GoogleImageProxy)
142502784,2025-02-09T20:54:03.214Z,mileswilsondc@gmail.com,newsletter,everyone,true,US,,,,,,Mozilla/5.0
142502784,2025-02-09T20:58:28.111Z,harrisbrian321@gmail.com,newsletter,everyone,true,US,,,,,,Mozilla/5.0 (Windows NT 5.1; rv:11.0) Gecko Firefox/11.0 (via ggpht.com GoogleImageProxy)
142502784,2025-02-09T21:01:37.575Z,borealspain@yahoo.co.uk,newsletter,everyone,true,US,,,,,,Mozilla/5.0
142502784,2025-02-09T21:02:58.778Z,alminivdmerwe@gmail.com,newsletter,everyone,true,LI,,,,,,Mozilla/5.0
142502784,2025-02-09T21:06:01.526Z,skyjensen@icloud.com,newsletter,everyone,true,US,,,,,,Mozilla/5.0
142502784,2025-02-09T21:09:35.994Z,virknavkaur@gmail.com,newsletter,everyone,true,US,,,,,,Mozilla/5.0 (Windows NT 5.1; rv:11.0) Gecko Firefox/11.0 (via ggpht.com GoogleImageProxy)
142502784,2025-02-09T21:49:18.812Z,Experimentalunit317@gmail.com,newsletter,everyone,false,US,,,,,,Mozilla/5.0 (Windows NT 5.1; rv:11.0) Gecko Firefox/11.0 (via ggpht.com GoogleImageProxy)
142502784,2025-02-09T22:16:47.794Z,ptdaris@uol.com.br,newsletter,everyone,true,BR,,,,,,Mozilla/4.0 (compatible; ms-office; MSOffice 16)
142502784,2025-02-10T03:58:05.678Z,jasontrew@gmail.com,newsletter,everyone,true,US,,,,,,Mozilla/5.0
142502784,2025-02-10T04:22:09.354Z,nathanhaile11@gmail.com,newsletter,everyone,true,US,,,,,,Mozilla/5.0 (Windows NT 5.1; rv:11.0) Gecko Firefox/11.0 (via ggpht.com GoogleImageProxy)
142502784,2025-02-10T05:02:59.512Z,skyjensen@icloud.com,newsletter,everyone,true,US,,,,,,Mozilla/5.0
142502784,2025-02-10T07:55:49.208Z,alminivdmerwe@gmail.com,newsletter,everyone,true,LI,,,,,,Mozilla/5.0
142502784,2025-02-10T14:29:30.257Z,rimbsweiler@yahoo.com,newsletter,everyone,false,US,,,,,,Mozilla/5.0
142502784,2025-02-10T15:29:53.293Z,apollohlynch@gmail.com,newsletter,everyone,true,US,,,,,,Mozilla/5.0
142502784,2025-02-10T16:03:05.332Z,harrisbrian321@gmail.com,newsletter,everyone,true,CA,,,,,,Mozilla/5.0
142502784,2025-02-10T18:32:53.985Z,bky074a@gmail.com,newsletter,everyone,true,US,,,,,,Mozilla/5.0 (Windows NT 5.1; rv:11.0) Gecko Firefox/11.0 (via ggpht.com GoogleImageProxy)
142502784,2025-02-11T03:20:27.224Z,zach.bartell.writer@gmail.com,newsletter,everyone,true,US,,,,,,Mozilla/5.0
142502784,2025-02-11T18:42:41.599Z,rimbsweiler@yahoo.com,newsletter,everyone,false,US,,,,,,YahooMailProxy; https://help.yahoo.com/kb/yahoo-mail-proxy-SLN28749.html
142502784,2025-02-26T04:22:27.926Z,nathanhaile11@gmail.com,newsletter,everyone,true,MX,,,,,,Mozilla/5.0
