post_id,timestamp,email,post_type,post_audience,active_subscription
142502784,2025-02-09T20:50:44.228Z,dwightlyman@gmail.com,newsletter,everyone,true
142502784,2025-02-09T20:50:44.265Z,beansocolofsky@gmail.com,newsletter,everyone,true
142502784,2025-02-09T20:50:44.505Z,Experimentalunit317@gmail.com,newsletter,everyone,false
142502784,2025-02-09T20:50:44.868Z,djcart137@gmail.com,newsletter,everyone,true
142502784,2025-02-09T20:50:44.893Z,nathanhaile11@gmail.com,newsletter,everyone,true
142502784,2025-02-09T20:50:44.913Z,mileswilsondc@gmail.com,newsletter,everyone,true
142502784,2025-02-09T20:50:44.949Z,bky074a@gmail.com,newsletter,everyone,true
142502784,2025-02-09T20:50:44.979Z,beer64925@gmail.com,newsletter,everyone,true
142502784,2025-02-09T20:50:45.018Z,zach.bartell.writer@gmail.com,newsletter,everyone,true
142502784,2025-02-09T20:50:45.021Z,calebgrasse@gmail.com,newsletter,everyone,true
142502784,2025-02-09T20:50:45.022Z,harrisbrian321@gmail.com,newsletter,everyone,true
142502784,2025-02-09T20:50:45.064Z,briana.j.carroll@gmail.com,newsletter,everyone,true
142502784,2025-02-09T20:50:45.078Z,alminivdmerwe@gmail.com,newsletter,everyone,true
142502784,2025-02-09T20:50:45.086Z,justinaugustwellington@gmail.com,newsletter,everyone,true
142502784,2025-02-09T20:50:45.095Z,lennoxgravox@gmail.com,newsletter,everyone,true
142502784,2025-02-09T20:50:45.096Z,shien.getsuto@gmail.com,newsletter,everyone,true
142502784,2025-02-09T20:50:45.209Z,rimbsweiler@gmail.com,newsletter,everyone,true
142502784,2025-02-09T20:50:45.224Z,ianwilmoth@gmail.com,newsletter,everyone,true
142502784,2025-02-09T20:50:45.232Z,itzhak.samara@gmail.com,newsletter,everyone,true
142502784,2025-02-09T20:50:45.242Z,zutorilla@gmail.com,newsletter,everyone,true
142502784,2025-02-09T20:50:45.252Z,evangelinepressblog@gmail.com,newsletter,everyone,true
142502784,2025-02-09T20:50:45.263Z,jasontrew@gmail.com,newsletter,everyone,true
142502784,2025-02-09T20:50:45.337Z,rimbsweiler@yahoo.com,newsletter,everyone,false
142502784,2025-02-09T20:50:45.346Z,rwlbmitchell@gmail.com,newsletter,everyone,true
142502784,2025-02-09T20:50:45.491Z,virknavkaur@gmail.com,newsletter,everyone,true
142502784,2025-02-09T20:50:45.499Z,gdg2018mm5@gmail.com,newsletter,everyone,true
142502784,2025-02-09T20:50:45.568Z,kalakaldruzuzu@gmail.com,newsletter,everyone,true
142502784,2025-02-09T20:50:45.577Z,kadirgemici066@gmail.com,newsletter,everyone,true
142502784,2025-02-09T20:50:45.583Z,mrnononsense02@gmail.com,newsletter,everyone,true
142502784,2025-02-09T20:50:45.823Z,Twadley@gmail.com,newsletter,everyone,true
142502784,2025-02-09T20:50:45.847Z,apollohlynch@gmail.com,newsletter,everyone,true
142502784,2025-02-09T20:50:45.868Z,growlyted@gmail.com,newsletter,everyone,true
142502784,2025-02-09T20:50:45.988Z,ahershmc@aol.com,newsletter,everyone,true
142502784,2025-02-09T20:50:46.009Z,ozs2@cornell.edu,newsletter,everyone,true
142502784,2025-02-09T20:50:46.047Z,raynottwoodbead@gmail.com,newsletter,everyone,true
142502784,2025-02-09T20:50:46.416Z,3d0f86f2-e17f-4f2a-8ca5-154e98f6d68a@deletion-request.substack.com,newsletter,everyone,true
142502784,2025-02-09T20:50:46.441Z,semakpa@gmail.com,newsletter,everyone,true
142502784,2025-02-09T20:50:46.613Z,adooleycox@gmail.com,newsletter,everyone,true
142502784,2025-02-09T20:50:46.838Z,borealspain@yahoo.co.uk,newsletter,everyone,true
142502784,2025-02-09T20:50:47.004Z,theory.nifty438@passinbox.com,newsletter,everyone,true
142502784,2025-02-09T20:50:47.771Z,dennis@burns.org,newsletter,everyone,true
142502784,2025-02-09T20:50:53.859Z,skyjensen@icloud.com,newsletter,everyone,true
142502784,2025-02-09T21:00:46.898Z,ptdaris@uol.com.br,newsletter,everyone,true
