post_id,timestamp,email,post_type,post_audience,active_subscription
142669964,2024-03-16T16:44:42.547Z,ianwilmoth@gmail.com,newsletter,everyone,true
142669964,2024-03-16T16:44:42.694Z,raynottwoodbead@gmail.com,newsletter,everyone,true
142669964,2024-03-16T16:44:43.006Z,3d0f86f2-e17f-4f2a-8ca5-154e98f6d68a@deletion-request.substack.com,newsletter,everyone,true
142669964,2024-03-16T16:44:43.113Z,justinaugustwellington@gmail.com,newsletter,everyone,true
142669964,2024-03-16T16:44:43.159Z,nadahlberg@gmail.com,newsletter,everyone,true
142669964,2024-03-16T16:44:43.234Z,djcart137@gmail.com,newsletter,everyone,true
142669964,2024-03-16T16:44:43.307Z,Experimentalunit317@gmail.com,newsletter,everyone,false
142669964,2024-03-16T16:44:43.318Z,kadirgemici066@gmail.com,newsletter,everyone,true
142669964,2024-03-16T16:44:43.360Z,rimbsweiler@gmail.com,newsletter,everyone,true
142669964,2024-03-16T16:44:43.410Z,rimbsweiler@yahoo.com,newsletter,everyone,true
142669964,2024-03-16T16:44:43.458Z,calebgrasse@gmail.com,newsletter,everyone,true
142669964,2024-03-16T16:44:43.499Z,mooresie@outlook.com,newsletter,everyone,true
142669964,2024-03-16T16:44:43.607Z,briana.j.carroll@gmail.com,newsletter,everyone,true
142669964,2024-03-16T16:44:43.643Z,Twadley@gmail.com,newsletter,everyone,true
142669964,2024-03-16T16:44:43.668Z,itzhak.samara@gmail.com,newsletter,everyone,true
142669964,2024-03-16T16:44:43.875Z,zutorilla@gmail.com,newsletter,everyone,true
