post_id,timestamp,email,post_type,post_audience,active_subscription,country,city,region,device_type,client_os,client_type,user_agent
142707500,2024-03-18T00:35:59.468Z,ianwilmoth@gmail.com,podcast,everyone,true,US,,,,,,Mozilla/5.0
142707500,2024-03-18T01:00:38.967Z,zutorilla@gmail.com,podcast,everyone,true,US,,,,,,Mozilla/5.0 (Windows NT 5.1; rv:11.0) Gecko Firefox/11.0 (via ggpht.com GoogleImageProxy)
142707500,2024-03-18T01:32:00.353Z,rimbsweiler@yahoo.com,podcast,everyone,true,US,,,,,,Mozilla/5.0
142707500,2024-03-18T04:10:31.063Z,Experimentalunit317@gmail.com,podcast,everyone,false,US,,,,,,Mozilla/5.0 (Windows NT 5.1; rv:11.0) Gecko Firefox/11.0 (via ggpht.com GoogleImageProxy)
142707500,2024-03-18T04:26:50.129Z,Experimentalunit317@gmail.com,podcast,everyone,false,US,,,,,,Mozilla/5.0 (Windows NT 5.1; rv:11.0) Gecko Firefox/11.0 (via ggpht.com GoogleImageProxy)
142707500,2024-03-18T04:54:01.727Z,ianwilmoth@gmail.com,podcast,everyone,true,US,,,,,,Mozilla/5.0 (Windows NT 5.1; rv:11.0) Gecko Firefox/11.0 (via ggpht.com GoogleImageProxy)
142707500,2024-03-18T08:43:56.968Z,itzhak.samara@gmail.com,podcast,everyone,true,US,,,,,,Mozilla/5.0 (Windows NT 5.1; rv:11.0) Gecko Firefox/11.0 (via ggpht.com GoogleImageProxy)
142707500,2024-03-18T09:43:12.648Z,Experimentalunit317@gmail.com,podcast,everyone,false,US,,,,,,Mozilla/5.0 (Windows NT 5.1; rv:11.0) Gecko Firefox/11.0 (via ggpht.com GoogleImageProxy)
142707500,2024-03-18T11:47:00.588Z,briana.j.carroll@gmail.com,podcast,everyone,true,US,,,,,,Mozilla/5.0 (Windows NT 5.1; rv:11.0) Gecko Firefox/11.0 (via ggpht.com GoogleImageProxy)
142707500,2024-03-18T16:40:05.784Z,ianwilmoth@gmail.com,podcast,everyone,true,US,,,,,,Mozilla/5.0 (Windows NT 5.1; rv:11.0) Gecko Firefox/11.0 (via ggpht.com GoogleImageProxy)
142707500,2024-03-20T21:14:40.859Z,ianwilmoth@gmail.com,podcast,everyone,true,US,,,,,,Mozilla/5.0 (Windows NT 5.1; rv:11.0) Gecko Firefox/11.0 (via ggpht.com GoogleImageProxy)
142707500,2024-03-21T23:40:25.560Z,ianwilmoth@gmail.com,podcast,everyone,true,US,,,,,,Mozilla/5.0
