post_id,timestamp,email,post_type,post_audience,active_subscription,country,city,region,device_type,client_os,client_type,user_agent
142774587,2025-02-09T20:52:03.811Z,rwlbmitchell@gmail.com,newsletter,everyone,true,US,,,,,,Mozilla/5.0 (Windows NT 5.1; rv:11.0) Gecko Firefox/11.0 (via ggpht.com GoogleImageProxy)
142774587,2025-02-09T20:54:03.229Z,mileswilsondc@gmail.com,newsletter,everyone,true,US,,,,,,Mozilla/5.0
142774587,2025-02-09T21:01:37.577Z,borealspain@yahoo.co.uk,newsletter,everyone,true,US,,,,,,Mozilla/5.0
142774587,2025-02-09T21:02:58.775Z,alminivdmerwe@gmail.com,newsletter,everyone,true,LI,,,,,,Mozilla/5.0
142774587,2025-02-09T21:06:01.526Z,skyjensen@icloud.com,newsletter,everyone,true,US,,,,,,Mozilla/5.0
142774587,2025-02-09T21:34:09.588Z,dwightlyman@gmail.com,newsletter,everyone,true,US,,,,,,Mozilla/5.0
142774587,2025-02-10T00:34:40.322Z,dwightlyman@gmail.com,newsletter,everyone,true,US,,,,,,Mozilla/5.0
142774587,2025-02-10T01:55:05.148Z,lennoxgravox@gmail.com,newsletter,everyone,true,US,,,,,,Mozilla/5.0 (Windows NT 5.1; rv:11.0) Gecko Firefox/11.0 (via ggpht.com GoogleImageProxy)
142774587,2025-02-10T04:17:00.874Z,jasontrew@gmail.com,newsletter,everyone,true,US,,,,,,Mozilla/5.0
142774587,2025-02-10T05:02:59.511Z,skyjensen@icloud.com,newsletter,everyone,true,US,,,,,,Mozilla/5.0
142774587,2025-02-10T07:55:49.209Z,alminivdmerwe@gmail.com,newsletter,everyone,true,LI,,,,,,Mozilla/5.0
142774587,2025-02-10T12:03:47.079Z,bky074a@gmail.com,newsletter,everyone,true,US,,,,,,Mozilla/5.0 (Windows NT 5.1; rv:11.0) Gecko Firefox/11.0 (via ggpht.com GoogleImageProxy)
142774587,2025-02-10T15:29:53.290Z,apollohlynch@gmail.com,newsletter,everyone,true,US,,,,,,Mozilla/5.0
142774587,2025-02-10T16:03:05.332Z,harrisbrian321@gmail.com,newsletter,everyone,true,CA,,,,,,Mozilla/5.0
142774587,2025-02-10T17:11:38.202Z,rimbsweiler@yahoo.com,newsletter,everyone,false,US,,,,,,Mozilla/5.0
142774587,2025-02-11T03:20:27.225Z,zach.bartell.writer@gmail.com,newsletter,everyone,true,US,,,,,,Mozilla/5.0
142774587,2025-02-11T18:44:24.076Z,rimbsweiler@yahoo.com,newsletter,everyone,false,US,,,,,,YahooMailProxy; https://help.yahoo.com/kb/yahoo-mail-proxy-SLN28749.html
142774587,2025-02-14T13:56:53.297Z,briana.j.carroll@gmail.com,newsletter,everyone,true,US,,,,,,Mozilla/5.0 (Windows NT 5.1; rv:11.0) Gecko Firefox/11.0 (via ggpht.com GoogleImageProxy)
142774587,2025-02-14T13:56:54.208Z,briana.j.carroll@gmail.com,newsletter,everyone,true,US,,,,,,Mozilla/5.0 (Windows NT 5.1; rv:11.0) Gecko Firefox/11.0 (via ggpht.com GoogleImageProxy)
142774587,2025-02-26T04:22:27.922Z,nathanhaile11@gmail.com,newsletter,everyone,true,MX,,,,,,Mozilla/5.0
142774587,2025-03-04T21:43:55.261Z,briana.j.carroll@gmail.com,newsletter,everyone,true,US,,,,,,Mozilla/5.0 (Windows NT 5.1; rv:11.0) Gecko Firefox/11.0 (via ggpht.com GoogleImageProxy)
