post_id,timestamp,email,post_type,post_audience,active_subscription
142774587,2025-02-09T20:50:22.058Z,Experimentalunit317@gmail.com,newsletter,everyone,false
142774587,2025-02-09T20:50:22.660Z,dwightlyman@gmail.com,newsletter,everyone,true
142774587,2025-02-09T20:50:22.662Z,beansocolofsky@gmail.com,newsletter,everyone,true
142774587,2025-02-09T20:50:22.849Z,raynottwoodbead@gmail.com,newsletter,everyone,true
142774587,2025-02-09T20:50:22.861Z,3d0f86f2-e17f-4f2a-8ca5-154e98f6d68a@deletion-request.substack.com,newsletter,everyone,true
142774587,2025-02-09T20:50:22.894Z,rimbsweiler@yahoo.com,newsletter,everyone,false
142774587,2025-02-09T20:50:22.943Z,zach.bartell.writer@gmail.com,newsletter,everyone,true
142774587,2025-02-09T20:50:22.951Z,mileswilsondc@gmail.com,newsletter,everyone,true
142774587,2025-02-09T20:50:22.997Z,bky074a@gmail.com,newsletter,everyone,true
142774587,2025-02-09T20:50:23.272Z,harrisbrian321@gmail.com,newsletter,everyone,true
142774587,2025-02-09T20:50:23.302Z,mrnononsense02@gmail.com,newsletter,everyone,true
142774587,2025-02-09T20:50:23.335Z,justinaugustwellington@gmail.com,newsletter,everyone,true
142774587,2025-02-09T20:50:23.338Z,lennoxgravox@gmail.com,newsletter,everyone,true
142774587,2025-02-09T20:50:23.359Z,gdg2018mm5@gmail.com,newsletter,everyone,true
142774587,2025-02-09T20:50:23.477Z,nathanhaile11@gmail.com,newsletter,everyone,true
142774587,2025-02-09T20:50:23.507Z,djcart137@gmail.com,newsletter,everyone,true
142774587,2025-02-09T20:50:23.578Z,beer64925@gmail.com,newsletter,everyone,true
142774587,2025-02-09T20:50:23.584Z,kalakaldruzuzu@gmail.com,newsletter,everyone,true
142774587,2025-02-09T20:50:23.848Z,briana.j.carroll@gmail.com,newsletter,everyone,true
142774587,2025-02-09T20:50:23.862Z,kadirgemici066@gmail.com,newsletter,everyone,true
142774587,2025-02-09T20:50:23.862Z,Twadley@gmail.com,newsletter,everyone,true
142774587,2025-02-09T20:50:23.947Z,rimbsweiler@gmail.com,newsletter,everyone,true
142774587,2025-02-09T20:50:24.012Z,alminivdmerwe@gmail.com,newsletter,everyone,true
142774587,2025-02-09T20:50:24.016Z,evangelinepressblog@gmail.com,newsletter,everyone,true
142774587,2025-02-09T20:50:24.026Z,itzhak.samara@gmail.com,newsletter,everyone,true
142774587,2025-02-09T20:50:24.032Z,shien.getsuto@gmail.com,newsletter,everyone,true
142774587,2025-02-09T20:50:24.065Z,ozs2@cornell.edu,newsletter,everyone,true
142774587,2025-02-09T20:50:24.081Z,apollohlynch@gmail.com,newsletter,everyone,true
142774587,2025-02-09T20:50:24.129Z,jasontrew@gmail.com,newsletter,everyone,true
142774587,2025-02-09T20:50:24.158Z,rwlbmitchell@gmail.com,newsletter,everyone,true
142774587,2025-02-09T20:50:24.449Z,calebgrasse@gmail.com,newsletter,everyone,true
142774587,2025-02-09T20:50:24.486Z,semakpa@gmail.com,newsletter,everyone,true
142774587,2025-02-09T20:50:24.540Z,ianwilmoth@gmail.com,newsletter,everyone,true
142774587,2025-02-09T20:50:24.562Z,ahershmc@aol.com,newsletter,everyone,true
142774587,2025-02-09T20:50:24.589Z,virknavkaur@gmail.com,newsletter,everyone,true
142774587,2025-02-09T20:50:24.881Z,zutorilla@gmail.com,newsletter,everyone,true
142774587,2025-02-09T20:50:24.952Z,borealspain@yahoo.co.uk,newsletter,everyone,true
142774587,2025-02-09T20:50:25.129Z,adooleycox@gmail.com,newsletter,everyone,true
142774587,2025-02-09T20:50:25.272Z,growlyted@gmail.com,newsletter,everyone,true
142774587,2025-02-09T20:50:25.292Z,ptdaris@uol.com.br,newsletter,everyone,true
142774587,2025-02-09T20:50:25.408Z,theory.nifty438@passinbox.com,newsletter,everyone,true
142774587,2025-02-09T20:50:27.998Z,dennis@burns.org,newsletter,everyone,true
142774587,2025-02-09T20:50:31.789Z,skyjensen@icloud.com,newsletter,everyone,true
