post_id,timestamp,email,post_type,post_audience,active_subscription
142707500,2024-03-18T00:12:18.744Z,Experimentalunit317@gmail.com,podcast,everyone,false
142707500,2024-03-18T00:12:19.133Z,3d0f86f2-e17f-4f2a-8ca5-154e98f6d68a@deletion-request.substack.com,podcast,everyone,true
142707500,2024-03-18T00:12:19.220Z,raynottwoodbead@gmail.com,podcast,everyone,true
142707500,2024-03-18T00:12:19.302Z,nadahlberg@gmail.com,podcast,everyone,true
142707500,2024-03-18T00:12:19.355Z,kadirgemici066@gmail.com,podcast,everyone,true
142707500,2024-03-18T00:12:19.385Z,djcart137@gmail.com,podcast,everyone,true
142707500,2024-03-18T00:12:19.412Z,rimbsweiler@gmail.com,podcast,everyone,true
142707500,2024-03-18T00:12:19.413Z,Twadley@gmail.com,podcast,everyone,true
142707500,2024-03-18T00:12:19.445Z,justinaugustwellington@gmail.com,podcast,everyone,true
142707500,2024-03-18T00:12:19.481Z,zutorilla@gmail.com,podcast,everyone,true
142707500,2024-03-18T00:12:19.521Z,briana.j.carroll@gmail.com,podcast,everyone,true
142707500,2024-03-18T00:12:19.561Z,itzhak.samara@gmail.com,podcast,everyone,true
142707500,2024-03-18T00:12:19.597Z,calebgrasse@gmail.com,podcast,everyone,true
142707500,2024-03-18T00:12:19.779Z,ianwilmoth@gmail.com,podcast,everyone,true
142707500,2024-03-18T00:12:19.857Z,rimbsweiler@yahoo.com,podcast,everyone,true
142707500,2024-03-18T00:12:21.213Z,mooresie@outlook.com,podcast,everyone,true
