post_id,timestamp,email,post_type,post_audience,active_subscription
142709927,2024-03-18T03:59:38.709Z,ianwilmoth@gmail.com,newsletter,everyone,true
142709927,2024-03-18T03:59:38.764Z,djcart137@gmail.com,newsletter,everyone,true
142709927,2024-03-18T03:59:38.781Z,Twadley@gmail.com,newsletter,everyone,true
142709927,2024-03-18T03:59:38.790Z,omarionburgess45@gmail.com,newsletter,everyone,true
142709927,2024-03-18T03:59:38.814Z,briana.j.carroll@gmail.com,newsletter,everyone,true
142709927,2024-03-18T03:59:38.836Z,justinaugustwellington@gmail.com,newsletter,everyone,true
142709927,2024-03-18T03:59:38.933Z,rimbsweiler@gmail.com,newsletter,everyone,true
142709927,2024-03-18T03:59:39.231Z,3d0f86f2-e17f-4f2a-8ca5-154e98f6d68a@deletion-request.substack.com,newsletter,everyone,true
142709927,2024-03-18T03:59:39.246Z,zutorilla@gmail.com,newsletter,everyone,true
142709927,2024-03-18T03:59:39.318Z,nadahlberg@gmail.com,newsletter,everyone,true
142709927,2024-03-18T03:59:39.340Z,mooresie@outlook.com,newsletter,everyone,true
142709927,2024-03-18T03:59:39.500Z,itzhak.samara@gmail.com,newsletter,everyone,true
142709927,2024-03-18T03:59:39.521Z,kadirgemici066@gmail.com,newsletter,everyone,true
142709927,2024-03-18T03:59:39.535Z,rimbsweiler@yahoo.com,newsletter,everyone,true
142709927,2024-03-18T03:59:39.565Z,Experimentalunit317@gmail.com,newsletter,everyone,false
142709927,2024-03-18T03:59:39.608Z,calebgrasse@gmail.com,newsletter,everyone,true
142709927,2024-03-18T03:59:40.738Z,raynottwoodbead@gmail.com,newsletter,everyone,true
