post_id,timestamp,email,post_type,post_audience,active_subscription,country,city,region,device_type,client_os,client_type,user_agent
143115272,2025-02-09T20:52:14.502Z,rwlbmitchell@gmail.com,newsletter,everyone,true,US,,,,,,Mozilla/5.0 (Windows NT 5.1; rv:11.0) Gecko Firefox/11.0 (via ggpht.com GoogleImageProxy)
143115272,2025-02-09T20:54:03.214Z,mileswilsondc@gmail.com,newsletter,everyone,true,US,,,,,,Mozilla/5.0
143115272,2025-02-09T21:01:37.577Z,borealspain@yahoo.co.uk,newsletter,everyone,true,US,,,,,,Mozilla/5.0
143115272,2025-02-09T21:02:58.779Z,alminivdmerwe@gmail.com,newsletter,everyone,true,LI,,,,,,Mozilla/5.0
143115272,2025-02-09T21:06:01.525Z,skyjensen@icloud.com,newsletter,everyone,true,US,,,,,,Mozilla/5.0
143115272,2025-02-09T21:34:09.588Z,dwightlyman@gmail.com,newsletter,everyone,true,US,,,,,,Mozilla/5.0
143115272,2025-02-09T23:51:34.217Z,dwightlyman@gmail.com,newsletter,everyone,true,US,,,,,,Mozilla/5.0
143115272,2025-02-10T01:55:05.179Z,lennoxgravox@gmail.com,newsletter,everyone,true,US,,,,,,Mozilla/5.0 (Windows NT 5.1; rv:11.0) Gecko Firefox/11.0 (via ggpht.com GoogleImageProxy)
143115272,2025-02-10T03:58:05.679Z,jasontrew@gmail.com,newsletter,everyone,true,US,,,,,,Mozilla/5.0
143115272,2025-02-10T05:02:59.511Z,skyjensen@icloud.com,newsletter,everyone,true,US,,,,,,Mozilla/5.0
143115272,2025-02-10T07:55:49.209Z,alminivdmerwe@gmail.com,newsletter,everyone,true,LI,,,,,,Mozilla/5.0
143115272,2025-02-10T14:29:30.258Z,rimbsweiler@yahoo.com,newsletter,everyone,false,US,,,,,,Mozilla/5.0
143115272,2025-02-10T15:29:53.294Z,apollohlynch@gmail.com,newsletter,everyone,true,US,,,,,,Mozilla/5.0
143115272,2025-02-10T16:03:05.332Z,harrisbrian321@gmail.com,newsletter,everyone,true,CA,,,,,,Mozilla/5.0
143115272,2025-02-11T03:20:27.225Z,zach.bartell.writer@gmail.com,newsletter,everyone,true,US,,,,,,Mozilla/5.0
143115272,2025-02-11T18:45:08.482Z,rimbsweiler@yahoo.com,newsletter,everyone,false,US,,,,,,YahooMailProxy; https://help.yahoo.com/kb/yahoo-mail-proxy-SLN28749.html
143115272,2025-02-12T14:38:50.026Z,briana.j.carroll@gmail.com,newsletter,everyone,true,US,,,,,,Mozilla/5.0 (Windows NT 5.1; rv:11.0) Gecko Firefox/11.0 (via ggpht.com GoogleImageProxy)
143115272,2025-02-26T04:22:27.924Z,nathanhaile11@gmail.com,newsletter,everyone,true,MX,,,,,,Mozilla/5.0
