post_id,timestamp,email,post_type,post_audience,active_subscription
143115272,2025-02-09T20:50:01.142Z,Experimentalunit317@gmail.com,newsletter,everyone,false
143115272,2025-02-09T20:50:01.308Z,beansocolofsky@gmail.com,newsletter,everyone,true
143115272,2025-02-09T20:50:01.598Z,beer64925@gmail.com,newsletter,everyone,true
143115272,2025-02-09T20:50:01.650Z,kalakaldruzuzu@gmail.com,newsletter,everyone,true
143115272,2025-02-09T20:50:01.692Z,3d0f86f2-e17f-4f2a-8ca5-154e98f6d68a@deletion-request.substack.com,newsletter,everyone,true
143115272,2025-02-09T20:50:01.716Z,mileswilsondc@gmail.com,newsletter,everyone,true
143115272,2025-02-09T20:50:01.749Z,bky074a@gmail.com,newsletter,everyone,true
143115272,2025-02-09T20:50:01.768Z,nathanhaile11@gmail.com,newsletter,everyone,true
143115272,2025-02-09T20:50:01.773Z,lennoxgravox@gmail.com,newsletter,everyone,true
143115272,2025-02-09T20:50:01.781Z,justinaugustwellington@gmail.com,newsletter,everyone,true
143115272,2025-02-09T20:50:01.809Z,harrisbrian321@gmail.com,newsletter,everyone,true
143115272,2025-02-09T20:50:01.815Z,rimbsweiler@yahoo.com,newsletter,everyone,false
143115272,2025-02-09T20:50:01.822Z,apollohlynch@gmail.com,newsletter,everyone,true
143115272,2025-02-09T20:50:01.828Z,Twadley@gmail.com,newsletter,everyone,true
143115272,2025-02-09T20:50:01.858Z,alminivdmerwe@gmail.com,newsletter,everyone,true
143115272,2025-02-09T20:50:01.864Z,gdg2018mm5@gmail.com,newsletter,everyone,true
143115272,2025-02-09T20:50:01.873Z,mrnononsense02@gmail.com,newsletter,everyone,true
143115272,2025-02-09T20:50:01.879Z,dwightlyman@gmail.com,newsletter,everyone,true
143115272,2025-02-09T20:50:01.887Z,zutorilla@gmail.com,newsletter,everyone,true
143115272,2025-02-09T20:50:01.894Z,rimbsweiler@gmail.com,newsletter,everyone,true
143115272,2025-02-09T20:50:01.896Z,adooleycox@gmail.com,newsletter,everyone,true
143115272,2025-02-09T20:50:01.924Z,shien.getsuto@gmail.com,newsletter,everyone,true
143115272,2025-02-09T20:50:01.938Z,ianwilmoth@gmail.com,newsletter,everyone,true
143115272,2025-02-09T20:50:01.955Z,jasontrew@gmail.com,newsletter,everyone,true
143115272,2025-02-09T20:50:01.975Z,semakpa@gmail.com,newsletter,everyone,true
143115272,2025-02-09T20:50:02.302Z,ahershmc@aol.com,newsletter,everyone,true
143115272,2025-02-09T20:50:02.384Z,evangelinepressblog@gmail.com,newsletter,everyone,true
143115272,2025-02-09T20:50:02.398Z,itzhak.samara@gmail.com,newsletter,everyone,true
143115272,2025-02-09T20:50:02.414Z,rwlbmitchell@gmail.com,newsletter,everyone,true
143115272,2025-02-09T20:50:02.470Z,briana.j.carroll@gmail.com,newsletter,everyone,true
143115272,2025-02-09T20:50:02.695Z,raynottwoodbead@gmail.com,newsletter,everyone,true
143115272,2025-02-09T20:50:02.709Z,growlyted@gmail.com,newsletter,everyone,true
143115272,2025-02-09T20:50:02.740Z,borealspain@yahoo.co.uk,newsletter,everyone,true
143115272,2025-02-09T20:50:02.811Z,djcart137@gmail.com,newsletter,everyone,true
143115272,2025-02-09T20:50:02.863Z,zach.bartell.writer@gmail.com,newsletter,everyone,true
143115272,2025-02-09T20:50:02.875Z,kadirgemici066@gmail.com,newsletter,everyone,true
143115272,2025-02-09T20:50:03.175Z,ptdaris@uol.com.br,newsletter,everyone,true
143115272,2025-02-09T20:50:03.209Z,calebgrasse@gmail.com,newsletter,everyone,true
143115272,2025-02-09T20:50:03.347Z,virknavkaur@gmail.com,newsletter,everyone,true
143115272,2025-02-09T20:50:03.458Z,theory.nifty438@passinbox.com,newsletter,everyone,true
143115272,2025-02-09T20:50:03.546Z,ozs2@cornell.edu,newsletter,everyone,true
143115272,2025-02-09T20:50:05.974Z,dennis@burns.org,newsletter,everyone,true
143115272,2025-02-09T20:50:07.957Z,skyjensen@icloud.com,newsletter,everyone,true
