post_id,timestamp,email,post_type,post_audience,active_subscription,country,city,region,device_type,client_os,client_type,user_agent
143896412,2024-04-23T21:33:31.408Z,skyjensen@icloud.com,newsletter,everyone,true,US,,,,,,Mozilla/5.0
143896412,2024-04-23T21:42:39.176Z,omarionburgess45@gmail.com,newsletter,everyone,true,US,,,,,,Mozilla/5.0 (Windows NT 5.1; rv:11.0) Gecko Firefox/11.0 (via ggpht.com GoogleImageProxy)
143896412,2024-04-23T21:48:54.659Z,daniellemtobias@gmail.com,newsletter,everyone,true,US,,,,,,Mozilla/5.0 (Windows NT 5.1; rv:11.0) Gecko Firefox/11.0 (via ggpht.com GoogleImageProxy)
143896412,2024-04-23T21:48:57.114Z,daniellemtobias@gmail.com,newsletter,everyone,true,US,,,,,,Mozilla/5.0 (Windows NT 5.1; rv:11.0) Gecko Firefox/11.0 (via ggpht.com GoogleImageProxy)
143896412,2024-04-23T21:50:47.594Z,skyjensen@icloud.com,newsletter,everyone,true,US,,,,,,Mozilla/5.0
143896412,2024-04-23T22:17:44.379Z,3d0f86f2-e17f-4f2a-8ca5-154e98f6d68a@deletion-request.substack.com,newsletter,everyone,true,US,,,,,,Mozilla/5.0 (Windows NT 5.1; rv:11.0) Gecko Firefox/11.0 (via ggpht.com GoogleImageProxy)
143896412,2024-04-23T22:22:41.727Z,apollohlynch@gmail.com,newsletter,everyone,true,US,,,,,,Mozilla/5.0 (Windows NT 5.1; rv:11.0) Gecko Firefox/11.0 (via ggpht.com GoogleImageProxy)
143896412,2024-04-23T22:25:09.935Z,garfieldsam@gmail.com,newsletter,everyone,true,US,,,,,,Mozilla/5.0 (Windows NT 5.1; rv:11.0) Gecko Firefox/11.0 (via ggpht.com GoogleImageProxy)
143896412,2024-04-23T22:25:56.573Z,alminivdmerwe@gmail.com,newsletter,everyone,true,LI,,,,,,Mozilla/5.0
143896412,2024-04-23T23:23:03.413Z,rossllewallyn@proton.me,newsletter,everyone,true,US,,,,,,"Mozilla/5.0 (Linux; Android 14; Pixel 6 Build/AP1A.240405.002; wv) AppleWebKit/537.36 (KHTML, like Gecko) Version/4.0 Chrome/123.0.6312.118 Mobile Safari/537.36"
143896412,2024-04-24T00:03:38.658Z,rimbsweiler@yahoo.com,newsletter,everyone,false,US,,,,,,Mozilla/5.0
143896412,2024-04-24T00:58:42.814Z,skyjensen@icloud.com,newsletter,everyone,true,US,,,,,,Mozilla/5.0
143896412,2024-04-24T01:40:35.390Z,Experimentalunit317@gmail.com,newsletter,everyone,false,US,,,,,,Mozilla/5.0 (Windows NT 5.1; rv:11.0) Gecko Firefox/11.0 (via ggpht.com GoogleImageProxy)
143896412,2024-04-24T03:19:29.741Z,ianwilmoth@gmail.com,newsletter,everyone,true,US,,,,,,Mozilla/5.0
143896412,2024-04-24T03:38:31.626Z,dwightlyman@gmail.com,newsletter,everyone,true,US,,,,,,Mozilla/5.0
143896412,2024-04-24T04:16:32.196Z,garfieldsam@gmail.com,newsletter,everyone,true,US,,,,,,Mozilla/5.0 (Windows NT 5.1; rv:11.0) Gecko Firefox/11.0 (via ggpht.com GoogleImageProxy)
143896412,2024-04-24T04:30:39.489Z,Experimentalunit317@gmail.com,newsletter,everyone,false,US,,,,,,Mozilla/5.0 (Windows NT 5.1; rv:11.0) Gecko Firefox/11.0 (via ggpht.com GoogleImageProxy)
143896412,2024-04-24T05:37:13.894Z,zutorilla@gmail.com,newsletter,everyone,true,US,,,,,,Mozilla/5.0 (Windows NT 5.1; rv:11.0) Gecko Firefox/11.0 (via ggpht.com GoogleImageProxy)
143896412,2024-04-24T11:10:04.515Z,briana.j.carroll@gmail.com,newsletter,everyone,true,US,,,,,,Mozilla/5.0 (Windows NT 5.1; rv:11.0) Gecko Firefox/11.0 (via ggpht.com GoogleImageProxy)
143896412,2024-04-24T12:50:56.693Z,Experimentalunit317@gmail.com,newsletter,everyone,false,US,,,,,,Mozilla/5.0 (Windows NT 5.1; rv:11.0) Gecko Firefox/11.0 (via ggpht.com GoogleImageProxy)
143896412,2024-04-24T14:04:00.689Z,kadirgemici066@gmail.com,newsletter,everyone,true,US,,,,,,Mozilla/5.0 (Windows NT 5.1; rv:11.0) Gecko Firefox/11.0 (via ggpht.com GoogleImageProxy)
143896412,2024-04-24T15:50:07.635Z,garfieldsam@gmail.com,newsletter,everyone,true,US,,,,,,Mozilla/5.0 (Windows NT 5.1; rv:11.0) Gecko Firefox/11.0 (via ggpht.com GoogleImageProxy)
143896412,2024-04-24T16:21:25.288Z,Experimentalunit317@gmail.com,newsletter,everyone,false,US,,,,,,Mozilla/5.0 (Windows NT 5.1; rv:11.0) Gecko Firefox/11.0 (via ggpht.com GoogleImageProxy)
143896412,2024-04-24T23:32:56.168Z,nadahlberg@gmail.com,newsletter,everyone,true,US,,,,,,Mozilla/5.0
143896412,2024-04-25T12:18:09.701Z,rimbsweiler@yahoo.com,newsletter,everyone,false,US,,,,,,YahooMailProxy; https://help.yahoo.com/kb/yahoo-mail-proxy-SLN28749.html
143896412,2024-04-25T16:31:31.851Z,garfieldsam@gmail.com,newsletter,everyone,true,US,,,,,,Mozilla/5.0 (Windows NT 5.1; rv:11.0) Gecko Firefox/11.0 (via ggpht.com GoogleImageProxy)
143896412,2024-04-25T18:26:04.343Z,garfieldsam@gmail.com,newsletter,everyone,true,US,,,,,,Mozilla/5.0 (Windows NT 5.1; rv:11.0) Gecko Firefox/11.0 (via ggpht.com GoogleImageProxy)
143896412,2024-04-26T12:46:55.562Z,dwightlyman@gmail.com,newsletter,everyone,true,US,,,,,,Mozilla/5.0
143896412,2024-04-26T14:35:41.907Z,Experimentalunit317@gmail.com,newsletter,everyone,false,US,,,,,,Mozilla/5.0 (Windows NT 5.1; rv:11.0) Gecko Firefox/11.0 (via ggpht.com GoogleImageProxy)
143896412,2024-04-27T16:09:36.554Z,archonstone@archonstone.com,newsletter,everyone,true,US,,,,,,"Mozilla/5.0 (Linux; Android 12; E7110 Build/SKQ1.220303.001; wv) AppleWebKit/537.36 (KHTML, like Gecko) Version/4.0 Chrome/123.0.6312.120 Mobile Safari/537.36"
143896412,2024-05-03T01:40:56.375Z,dwightlyman@gmail.com,newsletter,everyone,true,US,,,,,,Mozilla/5.0
