post_id,timestamp,email,post_type,post_audience,active_subscription
143896412,2024-04-23T21:32:09.740Z,Experimentalunit317@gmail.com,newsletter,everyone,false
143896412,2024-04-23T21:32:10.721Z,rimbsweiler@yahoo.com,newsletter,everyone,false
143896412,2024-04-23T21:32:11.320Z,dwightlyman@gmail.com,newsletter,everyone,true
143896412,2024-04-23T21:32:12.574Z,raynottwoodbead@gmail.com,newsletter,everyone,true
143896412,2024-04-23T21:32:12.663Z,3d0f86f2-e17f-4f2a-8ca5-154e98f6d68a@deletion-request.substack.com,newsletter,everyone,true
143896412,2024-04-23T21:32:12.829Z,kadirgemici066@gmail.com,newsletter,everyone,true
143896412,2024-04-23T21:32:12.921Z,beer64925@gmail.com,newsletter,everyone,true
143896412,2024-04-23T21:32:14.328Z,briana.j.carroll@gmail.com,newsletter,everyone,true
143896412,2024-04-23T21:32:14.462Z,Twadley@gmail.com,newsletter,everyone,true
143896412,2024-04-23T21:32:14.641Z,ianwilmoth@gmail.com,newsletter,everyone,true
143896412,2024-04-23T21:32:14.680Z,alminivdmerwe@gmail.com,newsletter,everyone,true
143896412,2024-04-23T21:32:14.785Z,apollohlynch@gmail.com,newsletter,everyone,true
143896412,2024-04-23T21:32:14.811Z,omarionburgess45@gmail.com,newsletter,everyone,true
143896412,2024-04-23T21:32:14.847Z,calebgrasse@gmail.com,newsletter,everyone,true
143896412,2024-04-23T21:32:14.940Z,zutorilla@gmail.com,newsletter,everyone,true
143896412,2024-04-23T21:32:14.955Z,itzhak.samara@gmail.com,newsletter,everyone,true
143896412,2024-04-23T21:32:14.956Z,djcart137@gmail.com,newsletter,everyone,true
143896412,2024-04-23T21:32:14.958Z,ahershmc@aol.com,newsletter,everyone,true
143896412,2024-04-23T21:32:14.969Z,rimbsweiler@gmail.com,newsletter,everyone,true
143896412,2024-04-23T21:32:14.990Z,garfieldsam@gmail.com,newsletter,everyone,true
143896412,2024-04-23T21:32:15.117Z,shien.getsuto@gmail.com,newsletter,everyone,true
143896412,2024-04-23T21:32:15.249Z,daniellemtobias@gmail.com,newsletter,everyone,true
143896412,2024-04-23T21:32:15.250Z,nadahlberg@gmail.com,newsletter,everyone,true
143896412,2024-04-23T21:32:15.603Z,justinaugustwellington@gmail.com,newsletter,everyone,true
143896412,2024-04-23T21:32:15.647Z,archonstone@archonstone.com,newsletter,everyone,true
143896412,2024-04-23T21:32:16.129Z,skyjensen@icloud.com,newsletter,everyone,true
143896412,2024-04-23T21:32:16.681Z,mooresie@outlook.com,newsletter,everyone,true
143896412,2024-04-23T21:32:18.410Z,rossllewallyn@proton.me,newsletter,everyone,true
