post_id,timestamp,email,post_type,post_audience,active_subscription
144082225,2025-02-09T20:49:40.009Z,Experimentalunit317@gmail.com,newsletter,everyone,false
144082225,2025-02-09T20:49:40.270Z,dwightlyman@gmail.com,newsletter,everyone,true
144082225,2025-02-09T20:49:40.318Z,beansocolofsky@gmail.com,newsletter,everyone,true
144082225,2025-02-09T20:49:40.773Z,mileswilsondc@gmail.com,newsletter,everyone,true
144082225,2025-02-09T20:49:40.885Z,harrisbrian321@gmail.com,newsletter,everyone,true
144082225,2025-02-09T20:49:40.912Z,rimbsweiler@yahoo.com,newsletter,everyone,false
144082225,2025-02-09T20:49:40.953Z,semakpa@gmail.com,newsletter,everyone,true
144082225,2025-02-09T20:49:40.990Z,nathanhaile11@gmail.com,newsletter,everyone,true
144082225,2025-02-09T20:49:40.990Z,gdg2018mm5@gmail.com,newsletter,everyone,true
144082225,2025-02-09T20:49:41.013Z,justinaugustwellington@gmail.com,newsletter,everyone,true
144082225,2025-02-09T20:49:41.030Z,raynottwoodbead@gmail.com,newsletter,everyone,true
144082225,2025-02-09T20:49:41.050Z,mrnononsense02@gmail.com,newsletter,everyone,true
144082225,2025-02-09T20:49:41.076Z,lennoxgravox@gmail.com,newsletter,everyone,true
144082225,2025-02-09T20:49:41.151Z,zach.bartell.writer@gmail.com,newsletter,everyone,true
144082225,2025-02-09T20:49:41.162Z,kadirgemici066@gmail.com,newsletter,everyone,true
144082225,2025-02-09T20:49:41.215Z,evangelinepressblog@gmail.com,newsletter,everyone,true
144082225,2025-02-09T20:49:41.408Z,bky074a@gmail.com,newsletter,everyone,true
144082225,2025-02-09T20:49:41.875Z,kalakaldruzuzu@gmail.com,newsletter,everyone,true
144082225,2025-02-09T20:49:42.046Z,ptdaris@uol.com.br,newsletter,everyone,true
144082225,2025-02-09T20:49:42.172Z,Twadley@gmail.com,newsletter,everyone,true
144082225,2025-02-09T20:49:42.183Z,djcart137@gmail.com,newsletter,everyone,true
144082225,2025-02-09T20:49:42.220Z,3d0f86f2-e17f-4f2a-8ca5-154e98f6d68a@deletion-request.substack.com,newsletter,everyone,true
144082225,2025-02-09T20:49:42.242Z,calebgrasse@gmail.com,newsletter,everyone,true
144082225,2025-02-09T20:49:42.259Z,apollohlynch@gmail.com,newsletter,everyone,true
144082225,2025-02-09T20:49:42.287Z,jasontrew@gmail.com,newsletter,everyone,true
144082225,2025-02-09T20:49:42.309Z,alminivdmerwe@gmail.com,newsletter,everyone,true
144082225,2025-02-09T20:49:42.314Z,zutorilla@gmail.com,newsletter,everyone,true
144082225,2025-02-09T20:49:42.323Z,ianwilmoth@gmail.com,newsletter,everyone,true
144082225,2025-02-09T20:49:42.326Z,beer64925@gmail.com,newsletter,everyone,true
144082225,2025-02-09T20:49:42.389Z,rimbsweiler@gmail.com,newsletter,everyone,true
144082225,2025-02-09T20:49:42.491Z,shien.getsuto@gmail.com,newsletter,everyone,true
144082225,2025-02-09T20:49:42.626Z,virknavkaur@gmail.com,newsletter,everyone,true
144082225,2025-02-09T20:49:42.678Z,growlyted@gmail.com,newsletter,everyone,true
144082225,2025-02-09T20:49:42.919Z,briana.j.carroll@gmail.com,newsletter,everyone,true
144082225,2025-02-09T20:49:42.948Z,rwlbmitchell@gmail.com,newsletter,everyone,true
144082225,2025-02-09T20:49:42.962Z,ahershmc@aol.com,newsletter,everyone,true
144082225,2025-02-09T20:49:42.981Z,itzhak.samara@gmail.com,newsletter,everyone,true
144082225,2025-02-09T20:49:43.243Z,borealspain@yahoo.co.uk,newsletter,everyone,true
144082225,2025-02-09T20:49:43.258Z,theory.nifty438@passinbox.com,newsletter,everyone,true
144082225,2025-02-09T20:49:43.343Z,ozs2@cornell.edu,newsletter,everyone,true
144082225,2025-02-09T20:49:43.393Z,adooleycox@gmail.com,newsletter,everyone,true
144082225,2025-02-09T20:49:45.163Z,dennis@burns.org,newsletter,everyone,true
144082225,2025-02-09T20:49:47.593Z,skyjensen@icloud.com,newsletter,everyone,true
