post_id,timestamp,email,post_type,post_audience,active_subscription,country,city,region,device_type,client_os,client_type,user_agent
144082225,2025-02-09T20:50:25.305Z,briana.j.carroll@gmail.com,newsletter,everyone,true,US,,,,,,Mozilla/5.0 (Windows NT 5.1; rv:11.0) Gecko Firefox/11.0 (via ggpht.com GoogleImageProxy)
144082225,2025-02-09T20:53:02.580Z,mileswilsondc@gmail.com,newsletter,everyone,true,US,,,,,,Mozilla/5.0 (Windows NT 5.1; rv:11.0) Gecko Firefox/11.0 (via ggpht.com GoogleImageProxy)
144082225,2025-02-09T20:54:03.228Z,mileswilsondc@gmail.com,newsletter,everyone,true,US,,,,,,Mozilla/5.0
144082225,2025-02-09T20:58:28.145Z,harrisbrian321@gmail.com,newsletter,everyone,true,US,,,,,,Mozilla/5.0 (Windows NT 5.1; rv:11.0) Gecko Firefox/11.0 (via ggpht.com GoogleImageProxy)
144082225,2025-02-09T21:01:37.578Z,borealspain@yahoo.co.uk,newsletter,everyone,true,US,,,,,,Mozilla/5.0
144082225,2025-02-09T21:02:58.775Z,alminivdmerwe@gmail.com,newsletter,everyone,true,LI,,,,,,Mozilla/5.0
144082225,2025-02-09T21:06:01.524Z,skyjensen@icloud.com,newsletter,everyone,true,US,,,,,,Mozilla/5.0
144082225,2025-02-09T21:09:36.041Z,virknavkaur@gmail.com,newsletter,everyone,true,US,,,,,,Mozilla/5.0 (Windows NT 5.1; rv:11.0) Gecko Firefox/11.0 (via ggpht.com GoogleImageProxy)
144082225,2025-02-09T21:49:19.394Z,Experimentalunit317@gmail.com,newsletter,everyone,false,US,,,,,,Mozilla/5.0 (Windows NT 5.1; rv:11.0) Gecko Firefox/11.0 (via ggpht.com GoogleImageProxy)
144082225,2025-02-10T04:17:00.873Z,jasontrew@gmail.com,newsletter,everyone,true,US,,,,,,Mozilla/5.0
144082225,2025-02-10T04:22:09.356Z,nathanhaile11@gmail.com,newsletter,everyone,true,US,,,,,,Mozilla/5.0 (Windows NT 5.1; rv:11.0) Gecko Firefox/11.0 (via ggpht.com GoogleImageProxy)
144082225,2025-02-10T05:02:59.510Z,skyjensen@icloud.com,newsletter,everyone,true,US,,,,,,Mozilla/5.0
144082225,2025-02-10T07:55:49.209Z,alminivdmerwe@gmail.com,newsletter,everyone,true,LI,,,,,,Mozilla/5.0
144082225,2025-02-10T15:29:53.288Z,apollohlynch@gmail.com,newsletter,everyone,true,US,,,,,,Mozilla/5.0
144082225,2025-02-10T16:03:05.333Z,harrisbrian321@gmail.com,newsletter,everyone,true,CA,,,,,,Mozilla/5.0
144082225,2025-02-10T17:11:38.203Z,rimbsweiler@yahoo.com,newsletter,everyone,false,US,,,,,,Mozilla/5.0
144082225,2025-02-10T18:33:08.826Z,bky074a@gmail.com,newsletter,everyone,true,US,,,,,,Mozilla/5.0 (Windows NT 5.1; rv:11.0) Gecko Firefox/11.0 (via ggpht.com GoogleImageProxy)
144082225,2025-02-11T03:20:27.226Z,zach.bartell.writer@gmail.com,newsletter,everyone,true,US,,,,,,Mozilla/5.0
144082225,2025-02-11T18:45:23.619Z,rimbsweiler@yahoo.com,newsletter,everyone,false,US,,,,,,YahooMailProxy; https://help.yahoo.com/kb/yahoo-mail-proxy-SLN28749.html
144082225,2025-02-26T04:22:27.921Z,nathanhaile11@gmail.com,newsletter,everyone,true,MX,,,,,,Mozilla/5.0
