post_id,timestamp,email,post_type,post_audience,active_subscription
144328149,2024-05-05T12:32:09.127Z,Experimentalunit317@gmail.com,newsletter,everyone,false
144328149,2024-05-05T12:32:11.946Z,rimbsweiler@yahoo.com,newsletter,everyone,false
144328149,2024-05-05T12:32:18.403Z,dwightlyman@gmail.com,newsletter,everyone,true
144328149,2024-05-05T12:32:18.904Z,raynottwoodbead@gmail.com,newsletter,everyone,true
144328149,2024-05-05T12:32:18.920Z,zach.bartell.writer@gmail.com,newsletter,everyone,true
144328149,2024-05-05T12:32:18.929Z,3d0f86f2-e17f-4f2a-8ca5-154e98f6d68a@deletion-request.substack.com,newsletter,everyone,true
144328149,2024-05-05T12:32:19.000Z,kalakaldruzuzu@gmail.com,newsletter,everyone,true
144328149,2024-05-05T12:32:19.109Z,beer64925@gmail.com,newsletter,everyone,true
144328149,2024-05-05T12:32:25.049Z,mooresie@outlook.com,newsletter,everyone,true
144328149,2024-05-05T12:32:25.201Z,djcart137@gmail.com,newsletter,everyone,true
144328149,2024-05-05T12:32:25.290Z,Twadley@gmail.com,newsletter,everyone,true
144328149,2024-05-05T12:32:25.370Z,calebgrasse@gmail.com,newsletter,everyone,true
144328149,2024-05-05T12:32:25.398Z,omarionburgess45@gmail.com,newsletter,everyone,true
144328149,2024-05-05T12:32:25.398Z,zutorilla@gmail.com,newsletter,everyone,true
144328149,2024-05-05T12:32:25.399Z,itzhak.samara@gmail.com,newsletter,everyone,true
144328149,2024-05-05T12:32:25.459Z,Nondescriptfaith@gmail.com,newsletter,everyone,true
144328149,2024-05-05T12:32:25.476Z,ianwilmoth@gmail.com,newsletter,everyone,true
144328149,2024-05-05T12:32:25.517Z,nadahlberg@gmail.com,newsletter,everyone,true
144328149,2024-05-05T12:32:25.520Z,shien.getsuto@gmail.com,newsletter,everyone,true
144328149,2024-05-05T12:32:25.544Z,apollohlynch@gmail.com,newsletter,everyone,true
144328149,2024-05-05T12:32:25.600Z,rimbsweiler@gmail.com,newsletter,everyone,true
144328149,2024-05-05T12:32:25.612Z,alminivdmerwe@gmail.com,newsletter,everyone,true
144328149,2024-05-05T12:32:25.678Z,ahershmc@aol.com,newsletter,everyone,true
144328149,2024-05-05T12:32:25.691Z,briana.j.carroll@gmail.com,newsletter,everyone,true
144328149,2024-05-05T12:32:25.745Z,archonstone@archonstone.com,newsletter,everyone,true
144328149,2024-05-05T12:32:25.784Z,tyrickstarksatt@gmail.com,newsletter,everyone,true
144328149,2024-05-05T12:32:26.266Z,justinaugustwellington@gmail.com,newsletter,everyone,true
144328149,2024-05-05T12:32:26.338Z,daniellemtobias@gmail.com,newsletter,everyone,true
144328149,2024-05-05T12:32:26.862Z,nicholasjohnsoneugene@gmail.com,newsletter,everyone,true
144328149,2024-05-05T12:32:27.032Z,garfieldsam@gmail.com,newsletter,everyone,true
144328149,2024-05-05T12:32:27.563Z,adooleycox@gmail.com,newsletter,everyone,true
144328149,2024-05-05T12:32:28.095Z,kadirgemici066@gmail.com,newsletter,everyone,true
144328149,2024-05-05T12:32:28.301Z,rossllewallyn@proton.me,newsletter,everyone,true
144328149,2024-05-05T12:32:30.440Z,skyjensen@icloud.com,newsletter,everyone,true
