post_id,timestamp,email,post_type,post_audience,active_subscription
144451265,2025-02-09T20:48:55.200Z,Experimentalunit317@gmail.com,newsletter,everyone,false
144451265,2025-02-09T20:48:55.914Z,dwightlyman@gmail.com,newsletter,everyone,true
144451265,2025-02-09T20:48:55.933Z,beansocolofsky@gmail.com,newsletter,everyone,true
144451265,2025-02-09T20:48:56.191Z,kalakaldruzuzu@gmail.com,newsletter,everyone,true
144451265,2025-02-09T20:48:56.252Z,3d0f86f2-e17f-4f2a-8ca5-154e98f6d68a@deletion-request.substack.com,newsletter,everyone,true
144451265,2025-02-09T20:48:56.863Z,beer64925@gmail.com,newsletter,everyone,true
144451265,2025-02-09T20:48:56.911Z,kadirgemici066@gmail.com,newsletter,everyone,true
144451265,2025-02-09T20:48:56.936Z,zach.bartell.writer@gmail.com,newsletter,everyone,true
144451265,2025-02-09T20:48:56.965Z,mrnononsense02@gmail.com,newsletter,everyone,true
144451265,2025-02-09T20:48:56.986Z,justinaugustwellington@gmail.com,newsletter,everyone,true
144451265,2025-02-09T20:48:57.091Z,bky074a@gmail.com,newsletter,everyone,true
144451265,2025-02-09T20:48:57.128Z,adooleycox@gmail.com,newsletter,everyone,true
144451265,2025-02-09T20:48:57.142Z,gdg2018mm5@gmail.com,newsletter,everyone,true
144451265,2025-02-09T20:48:57.144Z,mileswilsondc@gmail.com,newsletter,everyone,true
144451265,2025-02-09T20:48:57.171Z,nathanhaile11@gmail.com,newsletter,everyone,true
144451265,2025-02-09T20:48:57.225Z,lennoxgravox@gmail.com,newsletter,everyone,true
144451265,2025-02-09T20:48:57.291Z,semakpa@gmail.com,newsletter,everyone,true
144451265,2025-02-09T20:48:57.478Z,evangelinepressblog@gmail.com,newsletter,everyone,true
144451265,2025-02-09T20:48:57.545Z,djcart137@gmail.com,newsletter,everyone,true
144451265,2025-02-09T20:48:57.561Z,raynottwoodbead@gmail.com,newsletter,everyone,true
144451265,2025-02-09T20:48:57.587Z,rimbsweiler@yahoo.com,newsletter,everyone,false
144451265,2025-02-09T20:48:57.626Z,ozs2@cornell.edu,newsletter,everyone,true
144451265,2025-02-09T20:48:58.275Z,harrisbrian321@gmail.com,newsletter,everyone,true
144451265,2025-02-09T20:48:58.406Z,rimbsweiler@gmail.com,newsletter,everyone,true
144451265,2025-02-09T20:48:58.409Z,Twadley@gmail.com,newsletter,everyone,true
144451265,2025-02-09T20:48:58.503Z,zutorilla@gmail.com,newsletter,everyone,true
144451265,2025-02-09T20:48:58.577Z,shien.getsuto@gmail.com,newsletter,everyone,true
144451265,2025-02-09T20:48:58.604Z,growlyted@gmail.com,newsletter,everyone,true
144451265,2025-02-09T20:48:58.617Z,ianwilmoth@gmail.com,newsletter,everyone,true
144451265,2025-02-09T20:48:58.656Z,rwlbmitchell@gmail.com,newsletter,everyone,true
144451265,2025-02-09T20:48:58.686Z,itzhak.samara@gmail.com,newsletter,everyone,true
144451265,2025-02-09T20:48:58.704Z,apollohlynch@gmail.com,newsletter,everyone,true
144451265,2025-02-09T20:48:59.133Z,briana.j.carroll@gmail.com,newsletter,everyone,true
144451265,2025-02-09T20:48:59.187Z,alminivdmerwe@gmail.com,newsletter,everyone,true
144451265,2025-02-09T20:48:59.360Z,virknavkaur@gmail.com,newsletter,everyone,true
144451265,2025-02-09T20:48:59.416Z,borealspain@yahoo.co.uk,newsletter,everyone,true
144451265,2025-02-09T20:48:59.488Z,theory.nifty438@passinbox.com,newsletter,everyone,true
144451265,2025-02-09T20:48:59.698Z,ahershmc@aol.com,newsletter,everyone,true
144451265,2025-02-09T20:49:00.022Z,jasontrew@gmail.com,newsletter,everyone,true
144451265,2025-02-09T20:49:00.540Z,calebgrasse@gmail.com,newsletter,everyone,true
144451265,2025-02-09T20:49:02.825Z,dennis@burns.org,newsletter,everyone,true
144451265,2025-02-09T20:49:03.065Z,skyjensen@icloud.com,newsletter,everyone,true
144451265,2025-02-09T20:58:58.233Z,ptdaris@uol.com.br,newsletter,everyone,true
