post_id,timestamp,email,post_type,post_audience,active_subscription,country,city,region,device_type,client_os,client_type,user_agent
144446998,2025-02-09T20:50:35.556Z,briana.j.carroll@gmail.com,newsletter,everyone,true,US,,,,,,Mozilla/5.0 (Windows NT 5.1; rv:11.0) Gecko Firefox/11.0 (via ggpht.com GoogleImageProxy)
144446998,2025-02-09T20:54:03.213Z,mileswilsondc@gmail.com,newsletter,everyone,true,US,,,,,,Mozilla/5.0
144446998,2025-02-09T20:58:26.585Z,harrisbrian321@gmail.com,newsletter,everyone,true,US,,,,,,Mozilla/5.0 (Windows NT 5.1; rv:11.0) Gecko Firefox/11.0 (via ggpht.com GoogleImageProxy)
144446998,2025-02-09T21:01:37.578Z,borealspain@yahoo.co.uk,newsletter,everyone,true,US,,,,,,Mozilla/5.0
144446998,2025-02-09T21:02:58.779Z,alminivdmerwe@gmail.com,newsletter,everyone,true,LI,,,,,,Mozilla/5.0
144446998,2025-02-09T21:06:01.524Z,skyjensen@icloud.com,newsletter,everyone,true,US,,,,,,Mozilla/5.0
144446998,2025-02-09T21:09:36.276Z,virknavkaur@gmail.com,newsletter,everyone,true,US,,,,,,Mozilla/5.0 (Windows NT 5.1; rv:11.0) Gecko Firefox/11.0 (via ggpht.com GoogleImageProxy)
144446998,2025-02-09T22:16:56.542Z,ptdaris@uol.com.br,newsletter,everyone,true,BR,,,,,,Mozilla/4.0 (compatible; ms-office; MSOffice 16)
144446998,2025-02-10T03:58:05.682Z,jasontrew@gmail.com,newsletter,everyone,true,US,,,,,,Mozilla/5.0
144446998,2025-02-10T05:02:59.510Z,skyjensen@icloud.com,newsletter,everyone,true,US,,,,,,Mozilla/5.0
144446998,2025-02-10T07:55:49.210Z,alminivdmerwe@gmail.com,newsletter,everyone,true,LI,,,,,,Mozilla/5.0
144446998,2025-02-10T14:29:30.258Z,rimbsweiler@yahoo.com,newsletter,everyone,false,US,,,,,,Mozilla/5.0
144446998,2025-02-10T15:29:53.292Z,apollohlynch@gmail.com,newsletter,everyone,true,US,,,,,,Mozilla/5.0
144446998,2025-02-10T16:03:05.333Z,harrisbrian321@gmail.com,newsletter,everyone,true,CA,,,,,,Mozilla/5.0
144446998,2025-02-11T03:20:27.231Z,zach.bartell.writer@gmail.com,newsletter,everyone,true,US,,,,,,Mozilla/5.0
144446998,2025-02-16T09:18:54.429Z,zutorilla@gmail.com,newsletter,everyone,true,US,,,,,,Mozilla/5.0 (Windows NT 5.1; rv:11.0) Gecko Firefox/11.0 (via ggpht.com GoogleImageProxy)
144446998,2025-02-18T10:50:54.263Z,rimbsweiler@yahoo.com,newsletter,everyone,false,US,,,,,,Mozilla/5.0
144446998,2025-02-26T04:22:27.925Z,nathanhaile11@gmail.com,newsletter,everyone,true,MX,,,,,,Mozilla/5.0
