post_id,timestamp,email,post_type,post_audience,active_subscription,country,city,region,device_type,client_os,client_type,user_agent
144451265,2025-02-09T20:50:22.999Z,briana.j.carroll@gmail.com,newsletter,everyone,true,US,,,,,,Mozilla/5.0 (Windows NT 5.1; rv:11.0) Gecko Firefox/11.0 (via ggpht.com GoogleImageProxy)
144451265,2025-02-09T20:51:29.571Z,briana.j.carroll@gmail.com,newsletter,everyone,true,US,,,,,,Mozilla/5.0 (Windows NT 5.1; rv:11.0) Gecko Firefox/11.0 (via ggpht.com GoogleImageProxy)
144451265,2025-02-09T20:54:03.228Z,mileswilsondc@gmail.com,newsletter,everyone,true,US,,,,,,Mozilla/5.0
144451265,2025-02-09T20:58:28.273Z,harrisbrian321@gmail.com,newsletter,everyone,true,US,,,,,,Mozilla/5.0 (Windows NT 5.1; rv:11.0) Gecko Firefox/11.0 (via ggpht.com GoogleImageProxy)
144451265,2025-02-09T21:01:37.579Z,borealspain@yahoo.co.uk,newsletter,everyone,true,US,,,,,,Mozilla/5.0
144451265,2025-02-09T21:02:58.771Z,alminivdmerwe@gmail.com,newsletter,everyone,true,LI,,,,,,Mozilla/5.0
144451265,2025-02-09T21:06:01.523Z,skyjensen@icloud.com,newsletter,everyone,true,US,,,,,,Mozilla/5.0
144451265,2025-02-09T21:09:35.817Z,virknavkaur@gmail.com,newsletter,everyone,true,US,,,,,,Mozilla/5.0 (Windows NT 5.1; rv:11.0) Gecko Firefox/11.0 (via ggpht.com GoogleImageProxy)
144451265,2025-02-10T04:17:00.901Z,jasontrew@gmail.com,newsletter,everyone,true,US,,,,,,Mozilla/5.0
144451265,2025-02-10T05:02:59.510Z,skyjensen@icloud.com,newsletter,everyone,true,US,,,,,,Mozilla/5.0
144451265,2025-02-10T07:55:49.210Z,alminivdmerwe@gmail.com,newsletter,everyone,true,LI,,,,,,Mozilla/5.0
144451265,2025-02-10T15:29:53.288Z,apollohlynch@gmail.com,newsletter,everyone,true,US,,,,,,Mozilla/5.0
144451265,2025-02-10T16:03:05.334Z,harrisbrian321@gmail.com,newsletter,everyone,true,CA,,,,,,Mozilla/5.0
144451265,2025-02-10T17:11:38.203Z,rimbsweiler@yahoo.com,newsletter,everyone,false,US,,,,,,Mozilla/5.0
144451265,2025-02-11T03:20:27.227Z,zach.bartell.writer@gmail.com,newsletter,everyone,true,US,,,,,,Mozilla/5.0
144451265,2025-02-16T09:18:53.870Z,zutorilla@gmail.com,newsletter,everyone,true,US,,,,,,Mozilla/5.0 (Windows NT 5.1; rv:11.0) Gecko Firefox/11.0 (via ggpht.com GoogleImageProxy)
144451265,2025-02-18T10:57:37.044Z,rimbsweiler@yahoo.com,newsletter,everyone,false,US,,,,,,Mozilla/5.0
144451265,2025-02-26T04:22:27.920Z,nathanhaile11@gmail.com,newsletter,everyone,true,MX,,,,,,Mozilla/5.0
