post_id,timestamp,email,post_type,post_audience,active_subscription
144446998,2025-02-09T20:49:18.336Z,Experimentalunit317@gmail.com,newsletter,everyone,false
144446998,2025-02-09T20:49:19.240Z,gdg2018mm5@gmail.com,newsletter,everyone,true
144446998,2025-02-09T20:49:19.269Z,mrnononsense02@gmail.com,newsletter,everyone,true
144446998,2025-02-09T20:49:19.274Z,evangelinepressblog@gmail.com,newsletter,everyone,true
144446998,2025-02-09T20:49:19.333Z,dwightlyman@gmail.com,newsletter,everyone,true
144446998,2025-02-09T20:49:19.342Z,zach.bartell.writer@gmail.com,newsletter,everyone,true
144446998,2025-02-09T20:49:19.413Z,beer64925@gmail.com,newsletter,everyone,true
144446998,2025-02-09T20:49:19.447Z,nathanhaile11@gmail.com,newsletter,everyone,true
144446998,2025-02-09T20:49:19.461Z,3d0f86f2-e17f-4f2a-8ca5-154e98f6d68a@deletion-request.substack.com,newsletter,everyone,true
144446998,2025-02-09T20:49:19.464Z,kadirgemici066@gmail.com,newsletter,everyone,true
144446998,2025-02-09T20:49:19.526Z,beansocolofsky@gmail.com,newsletter,everyone,true
144446998,2025-02-09T20:49:19.575Z,lennoxgravox@gmail.com,newsletter,everyone,true
144446998,2025-02-09T20:49:19.885Z,raynottwoodbead@gmail.com,newsletter,everyone,true
144446998,2025-02-09T20:49:19.930Z,kalakaldruzuzu@gmail.com,newsletter,everyone,true
144446998,2025-02-09T20:49:19.993Z,rimbsweiler@yahoo.com,newsletter,everyone,false
144446998,2025-02-09T20:49:20.045Z,bky074a@gmail.com,newsletter,everyone,true
144446998,2025-02-09T20:49:20.104Z,mileswilsondc@gmail.com,newsletter,everyone,true
144446998,2025-02-09T20:49:20.162Z,adooleycox@gmail.com,newsletter,everyone,true
144446998,2025-02-09T20:49:20.412Z,ozs2@cornell.edu,newsletter,everyone,true
144446998,2025-02-09T20:49:20.466Z,Twadley@gmail.com,newsletter,everyone,true
144446998,2025-02-09T20:49:20.489Z,itzhak.samara@gmail.com,newsletter,everyone,true
144446998,2025-02-09T20:49:20.492Z,rimbsweiler@gmail.com,newsletter,everyone,true
144446998,2025-02-09T20:49:20.559Z,zutorilla@gmail.com,newsletter,everyone,true
144446998,2025-02-09T20:49:20.560Z,ianwilmoth@gmail.com,newsletter,everyone,true
144446998,2025-02-09T20:49:20.573Z,djcart137@gmail.com,newsletter,everyone,true
144446998,2025-02-09T20:49:20.634Z,justinaugustwellington@gmail.com,newsletter,everyone,true
144446998,2025-02-09T20:49:20.649Z,semakpa@gmail.com,newsletter,everyone,true
144446998,2025-02-09T20:49:20.703Z,jasontrew@gmail.com,newsletter,everyone,true
144446998,2025-02-09T20:49:20.703Z,growlyted@gmail.com,newsletter,everyone,true
144446998,2025-02-09T20:49:20.705Z,shien.getsuto@gmail.com,newsletter,everyone,true
144446998,2025-02-09T20:49:20.758Z,virknavkaur@gmail.com,newsletter,everyone,true
144446998,2025-02-09T20:49:20.794Z,ahershmc@aol.com,newsletter,everyone,true
144446998,2025-02-09T20:49:20.953Z,apollohlynch@gmail.com,newsletter,everyone,true
144446998,2025-02-09T20:49:20.971Z,ptdaris@uol.com.br,newsletter,everyone,true
144446998,2025-02-09T20:49:21.009Z,calebgrasse@gmail.com,newsletter,everyone,true
144446998,2025-02-09T20:49:21.220Z,harrisbrian321@gmail.com,newsletter,everyone,true
144446998,2025-02-09T20:49:21.410Z,theory.nifty438@passinbox.com,newsletter,everyone,true
144446998,2025-02-09T20:49:21.564Z,rwlbmitchell@gmail.com,newsletter,everyone,true
144446998,2025-02-09T20:49:21.573Z,briana.j.carroll@gmail.com,newsletter,everyone,true
144446998,2025-02-09T20:49:21.691Z,alminivdmerwe@gmail.com,newsletter,everyone,true
144446998,2025-02-09T20:49:22.085Z,borealspain@yahoo.co.uk,newsletter,everyone,true
144446998,2025-02-09T20:49:23.143Z,dennis@burns.org,newsletter,everyone,true
144446998,2025-02-09T20:49:25.246Z,skyjensen@icloud.com,newsletter,everyone,true
