post_id,timestamp,email,post_type,post_audience,active_subscription,country,city,region,device_type,client_os,client_type,user_agent
144439710,2024-05-08T16:59:10.389Z,Experimentalunit317@gmail.com,newsletter,everyone,false,US,,,,,,Mozilla/5.0 (Windows NT 5.1; rv:11.0) Gecko Firefox/11.0 (via ggpht.com GoogleImageProxy)
144439710,2024-05-08T17:01:34.345Z,zach.bartell.writer@gmail.com,newsletter,everyone,true,US,,,,,,"Mozilla/5.0 (Macintosh; Intel Mac OS X 10_15_7) AppleWebKit/605.1.15 (KHTML, like Gecko)"
144439710,2024-05-08T17:52:15.216Z,dwightlyman@gmail.com,newsletter,everyone,true,US,,,,,,Mozilla/5.0
144439710,2024-05-08T17:54:24.296Z,zach.bartell.writer@gmail.com,newsletter,everyone,true,US,,,,,,"Mozilla/5.0 (Macintosh; Intel Mac OS X 10_15_7) AppleWebKit/605.1.15 (KHTML, like Gecko)"
144439710,2024-05-08T17:57:58.417Z,Experimentalunit317@gmail.com,newsletter,everyone,false,US,,,,,,Mozilla/5.0 (Windows NT 5.1; rv:11.0) Gecko Firefox/11.0 (via ggpht.com GoogleImageProxy)
144439710,2024-05-08T18:08:20.826Z,briana.j.carroll@gmail.com,newsletter,everyone,true,US,,,,,,Mozilla/5.0 (Windows NT 5.1; rv:11.0) Gecko Firefox/11.0 (via ggpht.com GoogleImageProxy)
144439710,2024-05-08T18:10:38.233Z,omarionburgess45@gmail.com,newsletter,everyone,true,US,,,,,,Mozilla/5.0 (Windows NT 5.1; rv:11.0) Gecko Firefox/11.0 (via ggpht.com GoogleImageProxy)
144439710,2024-05-08T18:15:20.512Z,beer64925@gmail.com,newsletter,everyone,true,US,,,,,,Mozilla/5.0 (Windows NT 5.1; rv:11.0) Gecko Firefox/11.0 (via ggpht.com GoogleImageProxy)
144439710,2024-05-08T19:23:41.221Z,alminivdmerwe@gmail.com,newsletter,everyone,true,LI,,,,,,Mozilla/5.0
144439710,2024-05-08T19:50:55.135Z,skyjensen@icloud.com,newsletter,everyone,true,US,,,,,,Mozilla/5.0
144439710,2024-05-08T20:00:13.821Z,garfieldsam@gmail.com,newsletter,everyone,true,US,,,,,,Mozilla/5.0 (Windows NT 5.1; rv:11.0) Gecko Firefox/11.0 (via ggpht.com GoogleImageProxy)
144439710,2024-05-08T20:28:11.538Z,rimbsweiler@yahoo.com,newsletter,everyone,false,US,,,,,,Mozilla/5.0
144439710,2024-05-08T21:07:12.852Z,archonstone@archonstone.com,newsletter,everyone,true,US,,,,,,"Mozilla/5.0 (Linux; Android 12; E7110 Build/SKQ1.220303.001; wv) AppleWebKit/537.36 (KHTML, like Gecko) Version/4.0 Chrome/124.0.6367.123 Mobile Safari/537.36"
144439710,2024-05-08T21:08:06.417Z,archonstone@archonstone.com,newsletter,everyone,true,US,,,,,,"Mozilla/5.0 (Linux; Android 12; E7110 Build/SKQ1.220303.001; wv) AppleWebKit/537.36 (KHTML, like Gecko) Version/4.0 Chrome/124.0.6367.123 Mobile Safari/537.36"
144439710,2024-05-08T21:59:30.319Z,adooleycox@gmail.com,newsletter,everyone,true,US,,,,,,Mozilla/5.0 (Windows NT 5.1; rv:11.0) Gecko Firefox/11.0 (via ggpht.com GoogleImageProxy)
144439710,2024-05-08T21:59:35.632Z,adooleycox@gmail.com,newsletter,everyone,true,US,,,,,,Mozilla/5.0 (Windows NT 5.1; rv:11.0) Gecko Firefox/11.0 (via ggpht.com GoogleImageProxy)
144439710,2024-05-08T21:59:38.447Z,adooleycox@gmail.com,newsletter,everyone,true,US,,,,,,Mozilla/5.0 (Windows NT 5.1; rv:11.0) Gecko Firefox/11.0 (via ggpht.com GoogleImageProxy)
144439710,2024-05-08T22:30:16.567Z,nadahlberg@gmail.com,newsletter,everyone,true,US,,,,,,Mozilla/5.0
144439710,2024-05-09T00:07:53.688Z,zach.bartell.writer@gmail.com,newsletter,everyone,true,US,,,,,,"Mozilla/5.0 (Macintosh; Intel Mac OS X 10_15_7) AppleWebKit/605.1.15 (KHTML, like Gecko)"
144439710,2024-05-09T01:05:48.277Z,adooleycox@gmail.com,newsletter,everyone,true,US,,,,,,Mozilla/5.0 (Windows NT 5.1; rv:11.0) Gecko Firefox/11.0 (via ggpht.com GoogleImageProxy)
144439710,2024-05-09T01:44:08.732Z,adooleycox@gmail.com,newsletter,everyone,true,US,,,,,,Mozilla/5.0 (Windows NT 5.1; rv:11.0) Gecko Firefox/11.0 (via ggpht.com GoogleImageProxy)
144439710,2024-05-09T01:44:47.028Z,ahershmc@aol.com,newsletter,everyone,true,US,,,,,,YahooMailProxy; https://help.yahoo.com/kb/yahoo-mail-proxy-SLN28749.html
144439710,2024-05-09T02:44:12.280Z,zach.bartell.writer@gmail.com,newsletter,everyone,true,US,,,,,,"Mozilla/5.0 (Macintosh; Intel Mac OS X 10_15_7) AppleWebKit/605.1.15 (KHTML, like Gecko)"
144439710,2024-05-09T03:44:24.932Z,Experimentalunit317@gmail.com,newsletter,everyone,false,US,,,,,,Mozilla/5.0 (Windows NT 5.1; rv:11.0) Gecko Firefox/11.0 (via ggpht.com GoogleImageProxy)
144439710,2024-05-09T05:14:02.526Z,dwightlyman@gmail.com,newsletter,everyone,true,US,,,,,,Mozilla/5.0
144439710,2024-05-09T05:57:53.677Z,ianwilmoth@gmail.com,newsletter,everyone,true,US,,,,,,Mozilla/5.0
144439710,2024-05-09T21:33:21.663Z,ianwilmoth@gmail.com,newsletter,everyone,true,US,,,,,,Mozilla/5.0 (Windows NT 5.1; rv:11.0) Gecko Firefox/11.0 (via ggpht.com GoogleImageProxy)
144439710,2024-05-10T12:57:05.922Z,skyjensen@icloud.com,newsletter,everyone,true,US,,,,,,Mozilla/5.0
144439710,2024-05-10T20:02:34.629Z,zach.bartell.writer@gmail.com,newsletter,everyone,true,US,,,,,,"Mozilla/5.0 (Macintosh; Intel Mac OS X 10_15_7) AppleWebKit/605.1.15 (KHTML, like Gecko)"
144439710,2024-05-11T00:49:44.215Z,apollohlynch@gmail.com,newsletter,everyone,true,US,,,,,,Mozilla/5.0 (Windows NT 5.1; rv:11.0) Gecko Firefox/11.0 (via ggpht.com GoogleImageProxy)
144439710,2024-05-18T18:36:34.484Z,dwightlyman@gmail.com,newsletter,everyone,true,US,,,,,,Mozilla/5.0
144439710,2024-06-05T02:29:54.369Z,tyrickstarksatt@gmail.com,newsletter,everyone,true,US,,,,,,Mozilla/5.0 (Windows NT 5.1; rv:11.0) Gecko Firefox/11.0 (via ggpht.com GoogleImageProxy)
144439710,2024-06-06T19:41:46.391Z,apollohlynch@gmail.com,newsletter,everyone,true,US,,,,,,Mozilla/5.0 (Windows NT 5.1; rv:11.0) Gecko Firefox/11.0 (via ggpht.com GoogleImageProxy)
