post_id,timestamp,email,post_type,post_audience,active_subscription
144439710,2024-05-08T16:45:06.365Z,Experimentalunit317@gmail.com,newsletter,everyone,false
144439710,2024-05-08T16:45:08.418Z,rimbsweiler@yahoo.com,newsletter,everyone,false
144439710,2024-05-08T16:45:09.360Z,dwightlyman@gmail.com,newsletter,everyone,true
144439710,2024-05-08T16:45:10.391Z,zach.bartell.writer@gmail.com,newsletter,everyone,true
144439710,2024-05-08T16:45:10.518Z,raynottwoodbead@gmail.com,newsletter,everyone,true
144439710,2024-05-08T16:45:10.745Z,beer64925@gmail.com,newsletter,everyone,true
144439710,2024-05-08T16:45:10.747Z,kalakaldruzuzu@gmail.com,newsletter,everyone,true
144439710,2024-05-08T16:45:11.040Z,kadirgemici066@gmail.com,newsletter,everyone,true
144439710,2024-05-08T16:45:11.389Z,3d0f86f2-e17f-4f2a-8ca5-154e98f6d68a@deletion-request.substack.com,newsletter,everyone,true
144439710,2024-05-08T16:45:12.446Z,zutorilla@gmail.com,newsletter,everyone,true
144439710,2024-05-08T16:45:12.568Z,ianwilmoth@gmail.com,newsletter,everyone,true
144439710,2024-05-08T16:45:12.647Z,alminivdmerwe@gmail.com,newsletter,everyone,true
144439710,2024-05-08T16:45:12.682Z,mooresie@outlook.com,newsletter,everyone,true
144439710,2024-05-08T16:45:12.691Z,apollohlynch@gmail.com,newsletter,everyone,true
144439710,2024-05-08T16:45:12.744Z,omarionburgess45@gmail.com,newsletter,everyone,true
144439710,2024-05-08T16:45:12.745Z,ahershmc@aol.com,newsletter,everyone,true
144439710,2024-05-08T16:45:12.989Z,calebgrasse@gmail.com,newsletter,everyone,true
144439710,2024-05-08T16:45:13.070Z,briana.j.carroll@gmail.com,newsletter,everyone,true
144439710,2024-05-08T16:45:13.088Z,djcart137@gmail.com,newsletter,everyone,true
144439710,2024-05-08T16:45:13.098Z,shien.getsuto@gmail.com,newsletter,everyone,true
144439710,2024-05-08T16:45:13.103Z,itzhak.samara@gmail.com,newsletter,everyone,true
144439710,2024-05-08T16:45:13.241Z,rimbsweiler@gmail.com,newsletter,everyone,true
144439710,2024-05-08T16:45:13.318Z,tyrickstarksatt@gmail.com,newsletter,everyone,true
144439710,2024-05-08T16:45:13.443Z,nadahlberg@gmail.com,newsletter,everyone,true
144439710,2024-05-08T16:45:13.586Z,justinaugustwellington@gmail.com,newsletter,everyone,true
144439710,2024-05-08T16:45:13.619Z,Twadley@gmail.com,newsletter,everyone,true
144439710,2024-05-08T16:45:13.624Z,Nondescriptfaith@gmail.com,newsletter,everyone,true
144439710,2024-05-08T16:45:13.807Z,garfieldsam@gmail.com,newsletter,everyone,true
144439710,2024-05-08T16:45:13.953Z,adooleycox@gmail.com,newsletter,everyone,true
144439710,2024-05-08T16:45:14.092Z,daniellemtobias@gmail.com,newsletter,everyone,true
144439710,2024-05-08T16:45:14.322Z,nicholasjohnsoneugene@gmail.com,newsletter,everyone,true
144439710,2024-05-08T16:45:14.351Z,archonstone@archonstone.com,newsletter,everyone,true
144439710,2024-05-08T16:45:16.404Z,rossllewallyn@proton.me,newsletter,everyone,true
144439710,2024-05-08T16:45:18.731Z,skyjensen@icloud.com,newsletter,everyone,true
