post_id,timestamp,email,post_type,post_audience,active_subscription,country,city,region,device_type,client_os,client_type,user_agent
144523603,2024-05-11T02:51:45.896Z,dwightlyman@gmail.com,podcast,everyone,true,US,,,,,,Mozilla/5.0
144523603,2024-05-11T03:10:41.460Z,nadahlberg@gmail.com,podcast,everyone,true,BS,,,,,,Mozilla/5.0
144523603,2024-05-11T04:18:33.198Z,Experimentalunit317@gmail.com,podcast,everyone,false,US,,,,,,Mozilla/5.0 (Windows NT 5.1; rv:11.0) Gecko Firefox/11.0 (via ggpht.com GoogleImageProxy)
144523603,2024-05-11T07:20:44.477Z,ianwilmoth@gmail.com,podcast,everyone,true,US,,,,,,Mozilla/5.0
144523603,2024-05-11T09:36:22.584Z,skyjensen@icloud.com,podcast,everyone,true,US,,,,,,Mozilla/5.0
144523603,2024-05-11T11:17:47.852Z,adooleycox@gmail.com,podcast,everyone,true,US,,,,,,Mozilla/5.0 (Windows NT 5.1; rv:11.0) Gecko Firefox/11.0 (via ggpht.com GoogleImageProxy)
144523603,2024-05-11T11:48:07.541Z,briana.j.carroll@gmail.com,podcast,everyone,true,US,,,,,,Mozilla/5.0 (Windows NT 5.1; rv:11.0) Gecko Firefox/11.0 (via ggpht.com GoogleImageProxy)
144523603,2024-05-11T11:48:10.953Z,briana.j.carroll@gmail.com,podcast,everyone,true,US,,,,,,Mozilla/5.0 (Windows NT 5.1; rv:11.0) Gecko Firefox/11.0 (via ggpht.com GoogleImageProxy)
144523603,2024-05-11T12:16:17.140Z,adooleycox@gmail.com,podcast,everyone,true,US,,,,,,Mozilla/5.0 (Windows NT 5.1; rv:11.0) Gecko Firefox/11.0 (via ggpht.com GoogleImageProxy)
144523603,2024-05-11T12:16:44.793Z,itzhak.samara@gmail.com,podcast,everyone,true,US,,,,,,Mozilla/5.0 (Windows NT 5.1; rv:11.0) Gecko Firefox/11.0 (via ggpht.com GoogleImageProxy)
144523603,2024-05-11T12:30:19.900Z,rossllewallyn@proton.me,podcast,everyone,true,US,,,,,,"Mozilla/5.0 (Linux; Android 14; Pixel 6 Build/AP1A.240405.002; wv) AppleWebKit/537.36 (KHTML, like Gecko) Version/4.0 Chrome/124.0.6367.123 Mobile Safari/537.36"
144523603,2024-05-11T13:43:27.199Z,skyjensen@icloud.com,podcast,everyone,true,US,,,,,,Mozilla/5.0
144523603,2024-05-11T15:29:47.800Z,dwightlyman@gmail.com,podcast,everyone,true,US,,,,,,Mozilla/5.0
144523603,2024-05-11T17:33:14.201Z,adooleycox@gmail.com,podcast,everyone,true,US,,,,,,Mozilla/5.0 (Windows NT 5.1; rv:11.0) Gecko Firefox/11.0 (via ggpht.com GoogleImageProxy)
144523603,2024-05-12T06:22:03.664Z,alminivdmerwe@gmail.com,podcast,everyone,true,LI,,,,,,Mozilla/5.0
144523603,2024-05-12T06:22:05.102Z,alminivdmerwe@gmail.com,podcast,everyone,true,LI,,,,,,Mozilla/5.0
144523603,2024-05-12T18:39:02.084Z,zach.bartell.writer@gmail.com,podcast,everyone,true,US,,,,,,Mozilla/5.0
144523603,2024-05-12T20:53:09.606Z,rimbsweiler@yahoo.com,podcast,everyone,false,US,,,,,,Mozilla/5.0
144523603,2024-05-12T22:23:50.789Z,Experimentalunit317@gmail.com,podcast,everyone,false,US,,,,,,Mozilla/5.0 (Windows NT 5.1; rv:11.0) Gecko Firefox/11.0 (via ggpht.com GoogleImageProxy)
144523603,2024-05-12T22:29:16.763Z,garfieldsam@gmail.com,podcast,everyone,true,US,,,,,,Mozilla/5.0 (Windows NT 5.1; rv:11.0) Gecko Firefox/11.0 (via ggpht.com GoogleImageProxy)
144523603,2024-05-18T16:25:55.357Z,dwightlyman@gmail.com,podcast,everyone,true,US,,,,,,Mozilla/5.0
144523603,2024-05-19T15:01:40.617Z,tyrickstarksatt@gmail.com,podcast,everyone,true,US,,,,,,Mozilla/5.0 (Windows NT 5.1; rv:11.0) Gecko Firefox/11.0 (via ggpht.com GoogleImageProxy)
144523603,2024-05-19T15:02:10.806Z,tyrickstarksatt@gmail.com,podcast,everyone,true,US,,,,,,Mozilla/5.0 (Windows NT 5.1; rv:11.0) Gecko Firefox/11.0 (via ggpht.com GoogleImageProxy)
144523603,2024-05-23T06:22:17.510Z,beer64925@gmail.com,podcast,everyone,true,US,,,,,,Mozilla/5.0 (Windows NT 5.1; rv:11.0) Gecko Firefox/11.0 (via ggpht.com GoogleImageProxy)
144523603,2024-06-06T19:41:46.065Z,apollohlynch@gmail.com,podcast,everyone,true,US,,,,,,Mozilla/5.0 (Windows NT 5.1; rv:11.0) Gecko Firefox/11.0 (via ggpht.com GoogleImageProxy)
