post_id,timestamp,email,post_type,post_audience,active_subscription
144521706,2024-05-11T00:24:09.750Z,Experimentalunit317@gmail.com,newsletter,everyone,false
144521706,2024-05-11T00:24:11.055Z,rimbsweiler@yahoo.com,newsletter,everyone,false
144521706,2024-05-11T00:24:13.160Z,dwightlyman@gmail.com,newsletter,everyone,true
144521706,2024-05-11T00:24:13.794Z,raynottwoodbead@gmail.com,newsletter,everyone,true
144521706,2024-05-11T00:24:13.856Z,beer64925@gmail.com,newsletter,everyone,true
144521706,2024-05-11T00:24:13.977Z,kalakaldruzuzu@gmail.com,newsletter,everyone,true
144521706,2024-05-11T00:24:13.993Z,kadirgemici066@gmail.com,newsletter,everyone,true
144521706,2024-05-11T00:24:14.092Z,zach.bartell.writer@gmail.com,newsletter,everyone,true
144521706,2024-05-11T00:24:14.250Z,3d0f86f2-e17f-4f2a-8ca5-154e98f6d68a@deletion-request.substack.com,newsletter,everyone,true
144521706,2024-05-11T00:24:14.450Z,briana.j.carroll@gmail.com,newsletter,everyone,true
144521706,2024-05-11T00:24:14.495Z,Twadley@gmail.com,newsletter,everyone,true
144521706,2024-05-11T00:24:14.559Z,zutorilla@gmail.com,newsletter,everyone,true
144521706,2024-05-11T00:24:14.569Z,itzhak.samara@gmail.com,newsletter,everyone,true
144521706,2024-05-11T00:24:14.577Z,omarionburgess45@gmail.com,newsletter,everyone,true
144521706,2024-05-11T00:24:14.588Z,alminivdmerwe@gmail.com,newsletter,everyone,true
144521706,2024-05-11T00:24:14.591Z,apollohlynch@gmail.com,newsletter,everyone,true
144521706,2024-05-11T00:24:14.603Z,djcart137@gmail.com,newsletter,everyone,true
144521706,2024-05-11T00:24:14.614Z,calebgrasse@gmail.com,newsletter,everyone,true
144521706,2024-05-11T00:24:14.625Z,ianwilmoth@gmail.com,newsletter,everyone,true
144521706,2024-05-11T00:24:14.638Z,shien.getsuto@gmail.com,newsletter,everyone,true
144521706,2024-05-11T00:24:14.645Z,rimbsweiler@gmail.com,newsletter,everyone,true
144521706,2024-05-11T00:24:14.747Z,tyrickstarksatt@gmail.com,newsletter,everyone,true
144521706,2024-05-11T00:24:15.020Z,Nondescriptfaith@gmail.com,newsletter,everyone,true
144521706,2024-05-11T00:24:15.062Z,ahershmc@aol.com,newsletter,everyone,true
144521706,2024-05-11T00:24:15.528Z,daniellemtobias@gmail.com,newsletter,everyone,true
144521706,2024-05-11T00:24:15.533Z,nicholasjohnsoneugene@gmail.com,newsletter,everyone,true
144521706,2024-05-11T00:24:15.623Z,mooresie@outlook.com,newsletter,everyone,true
144521706,2024-05-11T00:24:15.640Z,nadahlberg@gmail.com,newsletter,everyone,true
144521706,2024-05-11T00:24:15.734Z,adooleycox@gmail.com,newsletter,everyone,true
144521706,2024-05-11T00:24:15.752Z,garfieldsam@gmail.com,newsletter,everyone,true
144521706,2024-05-11T00:24:15.867Z,justinaugustwellington@gmail.com,newsletter,everyone,true
144521706,2024-05-11T00:24:18.019Z,rossllewallyn@proton.me,newsletter,everyone,true
144521706,2024-05-11T00:24:18.025Z,skyjensen@icloud.com,newsletter,everyone,true
