post_id,timestamp,email,post_type,post_audience,active_subscription
144541860,2025-02-09T20:48:26.399Z,Experimentalunit317@gmail.com,newsletter,everyone,false
144541860,2025-02-09T20:48:27.047Z,raynottwoodbead@gmail.com,newsletter,everyone,true
144541860,2025-02-09T20:48:27.059Z,djcart137@gmail.com,newsletter,everyone,true
144541860,2025-02-09T20:48:27.063Z,evangelinepressblog@gmail.com,newsletter,everyone,true
144541860,2025-02-09T20:48:27.089Z,dwightlyman@gmail.com,newsletter,everyone,true
144541860,2025-02-09T20:48:27.091Z,justinaugustwellington@gmail.com,newsletter,everyone,true
144541860,2025-02-09T20:48:27.126Z,zach.bartell.writer@gmail.com,newsletter,everyone,true
144541860,2025-02-09T20:48:27.141Z,mrnononsense02@gmail.com,newsletter,everyone,true
144541860,2025-02-09T20:48:27.160Z,gdg2018mm5@gmail.com,newsletter,everyone,true
144541860,2025-02-09T20:48:27.228Z,nathanhaile11@gmail.com,newsletter,everyone,true
144541860,2025-02-09T20:48:27.267Z,rimbsweiler@yahoo.com,newsletter,everyone,false
144541860,2025-02-09T20:48:27.521Z,beansocolofsky@gmail.com,newsletter,everyone,true
144541860,2025-02-09T20:48:27.622Z,mileswilsondc@gmail.com,newsletter,everyone,true
144541860,2025-02-09T20:48:27.632Z,bky074a@gmail.com,newsletter,everyone,true
144541860,2025-02-09T20:48:27.644Z,beer64925@gmail.com,newsletter,everyone,true
144541860,2025-02-09T20:48:27.679Z,kalakaldruzuzu@gmail.com,newsletter,everyone,true
144541860,2025-02-09T20:48:27.721Z,harrisbrian321@gmail.com,newsletter,everyone,true
144541860,2025-02-09T20:48:27.749Z,semakpa@gmail.com,newsletter,everyone,true
144541860,2025-02-09T20:48:27.798Z,3d0f86f2-e17f-4f2a-8ca5-154e98f6d68a@deletion-request.substack.com,newsletter,everyone,true
144541860,2025-02-09T20:48:27.850Z,kadirgemici066@gmail.com,newsletter,everyone,true
144541860,2025-02-09T20:48:28.496Z,lennoxgravox@gmail.com,newsletter,everyone,true
144541860,2025-02-09T20:48:29.381Z,ozs2@cornell.edu,newsletter,everyone,true
144541860,2025-02-09T20:48:29.468Z,rimbsweiler@gmail.com,newsletter,everyone,true
144541860,2025-02-09T20:48:29.479Z,Twadley@gmail.com,newsletter,everyone,true
144541860,2025-02-09T20:48:29.543Z,briana.j.carroll@gmail.com,newsletter,everyone,true
144541860,2025-02-09T20:48:29.606Z,ptdaris@uol.com.br,newsletter,everyone,true
144541860,2025-02-09T20:48:29.623Z,calebgrasse@gmail.com,newsletter,everyone,true
144541860,2025-02-09T20:48:29.648Z,itzhak.samara@gmail.com,newsletter,everyone,true
144541860,2025-02-09T20:48:29.665Z,shien.getsuto@gmail.com,newsletter,everyone,true
144541860,2025-02-09T20:48:29.676Z,zutorilla@gmail.com,newsletter,everyone,true
144541860,2025-02-09T20:48:29.695Z,apollohlynch@gmail.com,newsletter,everyone,true
144541860,2025-02-09T20:48:29.731Z,alminivdmerwe@gmail.com,newsletter,everyone,true
144541860,2025-02-09T20:48:29.734Z,adooleycox@gmail.com,newsletter,everyone,true
144541860,2025-02-09T20:48:29.815Z,rwlbmitchell@gmail.com,newsletter,everyone,true
144541860,2025-02-09T20:48:29.822Z,growlyted@gmail.com,newsletter,everyone,true
144541860,2025-02-09T20:48:29.863Z,virknavkaur@gmail.com,newsletter,everyone,true
144541860,2025-02-09T20:48:29.969Z,ianwilmoth@gmail.com,newsletter,everyone,true
144541860,2025-02-09T20:48:30.136Z,jasontrew@gmail.com,newsletter,everyone,true
144541860,2025-02-09T20:48:30.222Z,ahershmc@aol.com,newsletter,everyone,true
144541860,2025-02-09T20:48:30.615Z,borealspain@yahoo.co.uk,newsletter,everyone,true
144541860,2025-02-09T20:48:31.946Z,theory.nifty438@passinbox.com,newsletter,everyone,true
144541860,2025-02-09T20:48:33.478Z,skyjensen@icloud.com,newsletter,everyone,true
144541860,2025-02-09T20:48:33.794Z,dennis@burns.org,newsletter,everyone,true
