post_id,timestamp,email,post_type,post_audience,active_subscription,country,city,region,device_type,client_os,client_type,user_agent
144541860,2025-02-09T20:50:22.996Z,briana.j.carroll@gmail.com,newsletter,everyone,true,US,,,,,,Mozilla/5.0 (Windows NT 5.1; rv:11.0) Gecko Firefox/11.0 (via ggpht.com GoogleImageProxy)
144541860,2025-02-09T20:51:39.554Z,briana.j.carroll@gmail.com,newsletter,everyone,true,US,,,,,,Mozilla/5.0 (Windows NT 5.1; rv:11.0) Gecko Firefox/11.0 (via ggpht.com GoogleImageProxy)
144541860,2025-02-09T20:54:03.213Z,mileswilsondc@gmail.com,newsletter,everyone,true,US,,,,,,Mozilla/5.0
144541860,2025-02-09T20:58:28.212Z,harrisbrian321@gmail.com,newsletter,everyone,true,US,,,,,,Mozilla/5.0 (Windows NT 5.1; rv:11.0) Gecko Firefox/11.0 (via ggpht.com GoogleImageProxy)
144541860,2025-02-09T21:01:37.580Z,borealspain@yahoo.co.uk,newsletter,everyone,true,US,,,,,,Mozilla/5.0
144541860,2025-02-09T21:02:58.780Z,alminivdmerwe@gmail.com,newsletter,everyone,true,LI,,,,,,Mozilla/5.0
144541860,2025-02-09T21:06:01.522Z,skyjensen@icloud.com,newsletter,everyone,true,US,,,,,,Mozilla/5.0
144541860,2025-02-09T21:09:36.284Z,virknavkaur@gmail.com,newsletter,everyone,true,US,,,,,,Mozilla/5.0 (Windows NT 5.1; rv:11.0) Gecko Firefox/11.0 (via ggpht.com GoogleImageProxy)
144541860,2025-02-09T22:16:59.727Z,ptdaris@uol.com.br,newsletter,everyone,true,BR,,,,,,Mozilla/4.0 (compatible; ms-office; MSOffice 16)
144541860,2025-02-09T22:17:39.772Z,ptdaris@uol.com.br,newsletter,everyone,true,BR,,,,,,Mozilla/4.0 (compatible; ms-office; MSOffice 16)
144541860,2025-02-10T03:58:05.683Z,jasontrew@gmail.com,newsletter,everyone,true,US,,,,,,Mozilla/5.0
144541860,2025-02-10T05:02:59.509Z,skyjensen@icloud.com,newsletter,everyone,true,US,,,,,,Mozilla/5.0
144541860,2025-02-10T07:55:49.211Z,alminivdmerwe@gmail.com,newsletter,everyone,true,LI,,,,,,Mozilla/5.0
144541860,2025-02-10T14:29:30.259Z,rimbsweiler@yahoo.com,newsletter,everyone,false,US,,,,,,Mozilla/5.0
144541860,2025-02-10T15:29:53.293Z,apollohlynch@gmail.com,newsletter,everyone,true,US,,,,,,Mozilla/5.0
144541860,2025-02-10T16:03:05.335Z,harrisbrian321@gmail.com,newsletter,everyone,true,CA,,,,,,Mozilla/5.0
144541860,2025-02-11T03:20:27.230Z,zach.bartell.writer@gmail.com,newsletter,everyone,true,US,,,,,,Mozilla/5.0
144541860,2025-02-16T09:18:54.468Z,zutorilla@gmail.com,newsletter,everyone,true,US,,,,,,Mozilla/5.0 (Windows NT 5.1; rv:11.0) Gecko Firefox/11.0 (via ggpht.com GoogleImageProxy)
144541860,2025-02-26T04:22:27.925Z,nathanhaile11@gmail.com,newsletter,everyone,true,MX,,,,,,Mozilla/5.0
