post_id,timestamp,email,post_type,post_audience,active_subscription
144523603,2024-05-11T02:34:36.932Z,Experimentalunit317@gmail.com,podcast,everyone,false
144523603,2024-05-11T02:34:39.755Z,rimbsweiler@yahoo.com,podcast,everyone,false
144523603,2024-05-11T02:34:41.263Z,kadirgemici066@gmail.com,podcast,everyone,true
144523603,2024-05-11T02:34:42.488Z,Twadley@gmail.com,podcast,everyone,true
144523603,2024-05-11T02:34:42.690Z,shien.getsuto@gmail.com,podcast,everyone,true
144523603,2024-05-11T02:34:42.708Z,itzhak.samara@gmail.com,podcast,everyone,true
144523603,2024-05-11T02:34:42.714Z,ianwilmoth@gmail.com,podcast,everyone,true
144523603,2024-05-11T02:34:42.736Z,omarionburgess45@gmail.com,podcast,everyone,true
144523603,2024-05-11T02:34:42.745Z,rimbsweiler@gmail.com,podcast,everyone,true
144523603,2024-05-11T02:34:42.769Z,zutorilla@gmail.com,podcast,everyone,true
144523603,2024-05-11T02:34:42.796Z,alminivdmerwe@gmail.com,podcast,everyone,true
144523603,2024-05-11T02:34:42.837Z,tyrickstarksatt@gmail.com,podcast,everyone,true
144523603,2024-05-11T02:34:42.857Z,apollohlynch@gmail.com,podcast,everyone,true
144523603,2024-05-11T02:34:42.901Z,calebgrasse@gmail.com,podcast,everyone,true
144523603,2024-05-11T02:34:42.960Z,Nondescriptfaith@gmail.com,podcast,everyone,true
144523603,2024-05-11T02:34:42.967Z,briana.j.carroll@gmail.com,podcast,everyone,true
144523603,2024-05-11T02:34:43.073Z,djcart137@gmail.com,podcast,everyone,true
144523603,2024-05-11T02:34:43.185Z,mooresie@outlook.com,podcast,everyone,true
144523603,2024-05-11T02:34:43.405Z,daniellemtobias@gmail.com,podcast,everyone,true
144523603,2024-05-11T02:34:43.419Z,nicholasjohnsoneugene@gmail.com,podcast,everyone,true
144523603,2024-05-11T02:34:43.435Z,adooleycox@gmail.com,podcast,everyone,true
144523603,2024-05-11T02:34:43.449Z,nadahlberg@gmail.com,podcast,everyone,true
144523603,2024-05-11T02:34:43.475Z,garfieldsam@gmail.com,podcast,everyone,true
144523603,2024-05-11T02:34:43.541Z,justinaugustwellington@gmail.com,podcast,everyone,true
144523603,2024-05-11T02:34:43.601Z,ahershmc@aol.com,podcast,everyone,true
144523603,2024-05-11T02:34:45.139Z,rossllewallyn@proton.me,podcast,everyone,true
144523603,2024-05-11T02:34:46.581Z,dwightlyman@gmail.com,podcast,everyone,true
144523603,2024-05-11T02:34:46.818Z,zach.bartell.writer@gmail.com,podcast,everyone,true
144523603,2024-05-11T02:34:46.879Z,3d0f86f2-e17f-4f2a-8ca5-154e98f6d68a@deletion-request.substack.com,podcast,everyone,true
144523603,2024-05-11T02:34:46.901Z,beer64925@gmail.com,podcast,everyone,true
144523603,2024-05-11T02:34:46.911Z,kalakaldruzuzu@gmail.com,podcast,everyone,true
144523603,2024-05-11T02:34:47.132Z,skyjensen@icloud.com,podcast,everyone,true
144523603,2024-05-11T02:34:47.171Z,raynottwoodbead@gmail.com,podcast,everyone,true
