post_id,timestamp,email,post_type,post_audience,active_subscription
144892171,2024-05-22T22:56:19.986Z,Experimentalunit317@gmail.com,newsletter,everyone,false
144892171,2024-05-22T22:56:22.219Z,kadirgemici066@gmail.com,newsletter,everyone,true
144892171,2024-05-22T22:56:22.395Z,mrnononsense02@gmail.com,newsletter,everyone,true
144892171,2024-05-22T22:56:22.927Z,raynottwoodbead@gmail.com,newsletter,everyone,true
144892171,2024-05-22T22:56:23.146Z,3d0f86f2-e17f-4f2a-8ca5-154e98f6d68a@deletion-request.substack.com,newsletter,everyone,true
144892171,2024-05-22T22:56:23.164Z,kalakaldruzuzu@gmail.com,newsletter,everyone,true
144892171,2024-05-22T22:56:23.316Z,zach.bartell.writer@gmail.com,newsletter,everyone,true
144892171,2024-05-22T22:56:23.383Z,beer64925@gmail.com,newsletter,everyone,true
144892171,2024-05-22T22:56:27.025Z,dwightlyman@gmail.com,newsletter,everyone,true
144892171,2024-05-22T22:56:27.299Z,rimbsweiler@yahoo.com,newsletter,everyone,false
144892171,2024-05-22T22:56:28.204Z,nicholasjohnsoneugene@gmail.com,newsletter,everyone,true
144892171,2024-05-22T22:56:28.252Z,briana.j.carroll@gmail.com,newsletter,everyone,true
144892171,2024-05-22T22:56:28.273Z,daniellemtobias@gmail.com,newsletter,everyone,true
144892171,2024-05-22T22:56:28.390Z,adooleycox@gmail.com,newsletter,everyone,true
144892171,2024-05-22T22:56:28.402Z,nadahlberg@gmail.com,newsletter,everyone,true
144892171,2024-05-22T22:56:28.463Z,garfieldsam@gmail.com,newsletter,everyone,true
144892171,2024-05-22T22:56:28.530Z,Twadley@gmail.com,newsletter,everyone,true
144892171,2024-05-22T22:56:28.553Z,justinaugustwellington@gmail.com,newsletter,everyone,true
144892171,2024-05-22T22:56:28.604Z,alminivdmerwe@gmail.com,newsletter,everyone,true
144892171,2024-05-22T22:56:28.656Z,omarionburgess45@gmail.com,newsletter,everyone,true
144892171,2024-05-22T22:56:28.804Z,ianwilmoth@gmail.com,newsletter,everyone,true
144892171,2024-05-22T22:56:28.842Z,mooresie@outlook.com,newsletter,everyone,true
144892171,2024-05-22T22:56:28.872Z,calebgrasse@gmail.com,newsletter,everyone,true
144892171,2024-05-22T22:56:29.009Z,Nondescriptfaith@gmail.com,newsletter,everyone,true
144892171,2024-05-22T22:56:29.016Z,djcart137@gmail.com,newsletter,everyone,true
144892171,2024-05-22T22:56:29.061Z,ahershmc@aol.com,newsletter,everyone,true
144892171,2024-05-22T22:56:29.169Z,zutorilla@gmail.com,newsletter,everyone,true
144892171,2024-05-22T22:56:29.188Z,tyrickstarksatt@gmail.com,newsletter,everyone,true
144892171,2024-05-22T22:56:29.199Z,apollohlynch@gmail.com,newsletter,everyone,true
144892171,2024-05-22T22:56:29.238Z,itzhak.samara@gmail.com,newsletter,everyone,true
144892171,2024-05-22T22:56:29.315Z,rimbsweiler@gmail.com,newsletter,everyone,true
144892171,2024-05-22T22:56:29.381Z,shien.getsuto@gmail.com,newsletter,everyone,true
144892171,2024-05-22T22:56:30.277Z,rossllewallyn@proton.me,newsletter,everyone,true
144892171,2024-05-22T22:56:33.225Z,skyjensen@icloud.com,newsletter,everyone,true
