post_id,timestamp,email,post_type,post_audience,active_subscription
144998665,2024-05-26T18:24:31.975Z,rimbsweiler@yahoo.com,newsletter,everyone,false
144998665,2024-05-26T18:24:32.569Z,Experimentalunit317@gmail.com,newsletter,everyone,false
144998665,2024-05-26T18:24:32.781Z,dwightlyman@gmail.com,newsletter,everyone,true
144998665,2024-05-26T18:24:33.632Z,kadirgemici066@gmail.com,newsletter,everyone,true
144998665,2024-05-26T18:24:33.774Z,mrnononsense02@gmail.com,newsletter,everyone,true
144998665,2024-05-26T18:24:35.300Z,Twadley@gmail.com,newsletter,everyone,true
144998665,2024-05-26T18:24:35.385Z,djcart137@gmail.com,newsletter,everyone,true
144998665,2024-05-26T18:24:35.426Z,omarionburgess45@gmail.com,newsletter,everyone,true
144998665,2024-05-26T18:24:35.555Z,alminivdmerwe@gmail.com,newsletter,everyone,true
144998665,2024-05-26T18:24:35.654Z,shien.getsuto@gmail.com,newsletter,everyone,true
144998665,2024-05-26T18:24:35.734Z,briana.j.carroll@gmail.com,newsletter,everyone,true
144998665,2024-05-26T18:24:35.752Z,ahershmc@aol.com,newsletter,everyone,true
144998665,2024-05-26T18:24:35.767Z,tyrickstarksatt@gmail.com,newsletter,everyone,true
144998665,2024-05-26T18:24:35.823Z,apollohlynch@gmail.com,newsletter,everyone,true
144998665,2024-05-26T18:24:35.880Z,zutorilla@gmail.com,newsletter,everyone,true
144998665,2024-05-26T18:24:35.931Z,mooresie@outlook.com,newsletter,everyone,true
144998665,2024-05-26T18:24:35.933Z,itzhak.samara@gmail.com,newsletter,everyone,true
144998665,2024-05-26T18:24:35.963Z,Nondescriptfaith@gmail.com,newsletter,everyone,true
144998665,2024-05-26T18:24:36.074Z,ianwilmoth@gmail.com,newsletter,everyone,true
144998665,2024-05-26T18:24:36.201Z,calebgrasse@gmail.com,newsletter,everyone,true
144998665,2024-05-26T18:24:36.281Z,rimbsweiler@gmail.com,newsletter,everyone,true
144998665,2024-05-26T18:24:38.110Z,skyjensen@icloud.com,newsletter,everyone,true
144998665,2024-05-26T18:24:41.482Z,daniellemtobias@gmail.com,newsletter,everyone,true
144998665,2024-05-26T18:24:41.675Z,nadahlberg@gmail.com,newsletter,everyone,true
144998665,2024-05-26T18:24:41.675Z,adooleycox@gmail.com,newsletter,everyone,true
144998665,2024-05-26T18:24:41.683Z,beer64925@gmail.com,newsletter,everyone,true
144998665,2024-05-26T18:24:41.726Z,garfieldsam@gmail.com,newsletter,everyone,true
144998665,2024-05-26T18:24:41.757Z,raynottwoodbead@gmail.com,newsletter,everyone,true
144998665,2024-05-26T18:24:41.767Z,3d0f86f2-e17f-4f2a-8ca5-154e98f6d68a@deletion-request.substack.com,newsletter,everyone,true
144998665,2024-05-26T18:24:41.776Z,zach.bartell.writer@gmail.com,newsletter,everyone,true
144998665,2024-05-26T18:24:41.785Z,nicholasjohnsoneugene@gmail.com,newsletter,everyone,true
144998665,2024-05-26T18:24:41.835Z,kalakaldruzuzu@gmail.com,newsletter,everyone,true
144998665,2024-05-26T18:24:41.869Z,justinaugustwellington@gmail.com,newsletter,everyone,true
144998665,2024-05-26T18:24:45.019Z,rossllewallyn@proton.me,newsletter,everyone,true
