post_id,timestamp,email,post_type,post_audience,active_subscription,country,city,region,device_type,client_os,client_type,user_agent
144998665,2024-05-26T18:25:00.708Z,briana.j.carroll@gmail.com,newsletter,everyone,true,US,,,,,,Mozilla/5.0 (Windows NT 5.1; rv:11.0) Gecko Firefox/11.0 (via ggpht.com GoogleImageProxy)
144998665,2024-05-26T18:42:58.745Z,apollohlynch@gmail.com,newsletter,everyone,true,US,,,,,,Mozilla/5.0 (Windows NT 5.1; rv:11.0) Gecko Firefox/11.0 (via ggpht.com GoogleImageProxy)
144998665,2024-05-26T18:43:52.325Z,mrnononsense02@gmail.com,newsletter,everyone,true,US,,,,,,Mozilla/5.0 (Windows NT 5.1; rv:11.0) Gecko Firefox/11.0 (via ggpht.com GoogleImageProxy)
144998665,2024-05-26T19:12:33.788Z,ianwilmoth@gmail.com,newsletter,everyone,true,US,,,,,,Mozilla/5.0
144998665,2024-05-26T19:33:37.642Z,skyjensen@icloud.com,newsletter,everyone,true,US,,,,,,Mozilla/5.0
144998665,2024-05-26T19:43:18.881Z,alminivdmerwe@gmail.com,newsletter,everyone,true,LI,,,,,,Mozilla/5.0
144998665,2024-05-26T19:57:13.225Z,Experimentalunit317@gmail.com,newsletter,everyone,false,US,,,,,,Mozilla/5.0 (Windows NT 5.1; rv:11.0) Gecko Firefox/11.0 (via ggpht.com GoogleImageProxy)
144998665,2024-05-26T21:18:56.818Z,omarionburgess45@gmail.com,newsletter,everyone,true,US,,,,,,Mozilla/5.0 (Windows NT 5.1; rv:11.0) Gecko Firefox/11.0 (via ggpht.com GoogleImageProxy)
144998665,2024-05-26T21:19:54.293Z,garfieldsam@gmail.com,newsletter,everyone,true,US,,,,,,Mozilla/5.0 (Windows NT 5.1; rv:11.0) Gecko Firefox/11.0 (via ggpht.com GoogleImageProxy)
144998665,2024-05-27T01:51:46.465Z,rimbsweiler@yahoo.com,newsletter,everyone,false,US,,,,,,Mozilla/5.0
144998665,2024-05-27T02:21:46.570Z,dwightlyman@gmail.com,newsletter,everyone,true,US,,,,,,Mozilla/5.0
144998665,2024-05-27T02:49:08.891Z,tyrickstarksatt@gmail.com,newsletter,everyone,true,US,,,,,,Mozilla/5.0 (Windows NT 5.1; rv:11.0) Gecko Firefox/11.0 (via ggpht.com GoogleImageProxy)
144998665,2024-05-27T07:30:25.884Z,dwightlyman@gmail.com,newsletter,everyone,true,US,,,,,,Mozilla/5.0
144998665,2024-05-27T16:02:19.835Z,skyjensen@icloud.com,newsletter,everyone,true,US,,,,,,Mozilla/5.0
144998665,2024-05-27T18:33:14.420Z,rossllewallyn@proton.me,newsletter,everyone,true,US,,,,,,"Mozilla/5.0 (Linux; Android 14; Pixel 6 Build/AP1A.240505.004; wv) AppleWebKit/537.36 (KHTML, like Gecko) Version/4.0 Chrome/124.0.6367.179 Mobile Safari/537.36"
144998665,2024-05-28T05:13:19.520Z,zach.bartell.writer@gmail.com,newsletter,everyone,true,US,,,,,,Mozilla/5.0
144998665,2024-05-28T11:05:52.679Z,briana.j.carroll@gmail.com,newsletter,everyone,true,US,,,,,,Mozilla/5.0 (Windows NT 5.1; rv:11.0) Gecko Firefox/11.0 (via ggpht.com GoogleImageProxy)
144998665,2024-05-28T17:19:45.931Z,nadahlberg@gmail.com,newsletter,everyone,true,US,,,,,,Mozilla/5.0
144998665,2024-05-29T00:55:40.779Z,apollohlynch@gmail.com,newsletter,everyone,true,US,,,,,,Mozilla/5.0 (Windows NT 5.1; rv:11.0) Gecko Firefox/11.0 (via ggpht.com GoogleImageProxy)
144998665,2024-05-31T07:46:30.216Z,dwightlyman@gmail.com,newsletter,everyone,true,US,,,,,,Mozilla/5.0
144998665,2024-06-05T06:12:35.309Z,skyjensen@icloud.com,newsletter,everyone,true,US,,,,,,Mozilla/5.0
