post_id,timestamp,email,post_type,post_audience,active_subscription
144977487,2025-02-09T20:48:11.939Z,bky074a@gmail.com,newsletter,everyone,true
144977487,2025-02-09T20:48:12.074Z,harrisbrian321@gmail.com,newsletter,everyone,true
144977487,2025-02-09T20:48:12.096Z,kalakaldruzuzu@gmail.com,newsletter,everyone,true
144977487,2025-02-09T20:48:12.161Z,mileswilsondc@gmail.com,newsletter,everyone,true
144977487,2025-02-09T20:48:12.187Z,3d0f86f2-e17f-4f2a-8ca5-154e98f6d68a@deletion-request.substack.com,newsletter,everyone,true
144977487,2025-02-09T20:48:12.238Z,djcart137@gmail.com,newsletter,everyone,true
144977487,2025-02-09T20:48:12.243Z,zach.bartell.writer@gmail.com,newsletter,everyone,true
144977487,2025-02-09T20:48:12.250Z,lennoxgravox@gmail.com,newsletter,everyone,true
144977487,2025-02-09T20:48:12.253Z,semakpa@gmail.com,newsletter,everyone,true
144977487,2025-02-09T20:48:12.254Z,justinaugustwellington@gmail.com,newsletter,everyone,true
144977487,2025-02-09T20:48:12.270Z,beer64925@gmail.com,newsletter,everyone,true
144977487,2025-02-09T20:48:12.311Z,gdg2018mm5@gmail.com,newsletter,everyone,true
144977487,2025-02-09T20:48:12.360Z,dwightlyman@gmail.com,newsletter,everyone,true
144977487,2025-02-09T20:48:12.440Z,kadirgemici066@gmail.com,newsletter,everyone,true
144977487,2025-02-09T20:48:12.562Z,evangelinepressblog@gmail.com,newsletter,everyone,true
144977487,2025-02-09T20:48:12.718Z,raynottwoodbead@gmail.com,newsletter,everyone,true
144977487,2025-02-09T20:48:12.724Z,Experimentalunit317@gmail.com,newsletter,everyone,false
144977487,2025-02-09T20:48:12.826Z,ianwilmoth@gmail.com,newsletter,everyone,true
144977487,2025-02-09T20:48:12.850Z,apollohlynch@gmail.com,newsletter,everyone,true
144977487,2025-02-09T20:48:12.857Z,zutorilla@gmail.com,newsletter,everyone,true
144977487,2025-02-09T20:48:12.867Z,rimbsweiler@gmail.com,newsletter,everyone,true
144977487,2025-02-09T20:48:12.887Z,calebgrasse@gmail.com,newsletter,everyone,true
144977487,2025-02-09T20:48:12.888Z,adooleycox@gmail.com,newsletter,everyone,true
144977487,2025-02-09T20:48:12.891Z,nathanhaile11@gmail.com,newsletter,everyone,true
144977487,2025-02-09T20:48:12.896Z,alminivdmerwe@gmail.com,newsletter,everyone,true
144977487,2025-02-09T20:48:12.904Z,briana.j.carroll@gmail.com,newsletter,everyone,true
144977487,2025-02-09T20:48:12.910Z,jasontrew@gmail.com,newsletter,everyone,true
144977487,2025-02-09T20:48:12.918Z,shien.getsuto@gmail.com,newsletter,everyone,true
144977487,2025-02-09T20:48:12.938Z,growlyted@gmail.com,newsletter,everyone,true
144977487,2025-02-09T20:48:12.982Z,mrnononsense02@gmail.com,newsletter,everyone,true
144977487,2025-02-09T20:48:13.129Z,Twadley@gmail.com,newsletter,everyone,true
144977487,2025-02-09T20:48:13.141Z,borealspain@yahoo.co.uk,newsletter,everyone,true
144977487,2025-02-09T20:48:13.145Z,ozs2@cornell.edu,newsletter,everyone,true
144977487,2025-02-09T20:48:13.200Z,beansocolofsky@gmail.com,newsletter,everyone,true
144977487,2025-02-09T20:48:13.228Z,rwlbmitchell@gmail.com,newsletter,everyone,true
144977487,2025-02-09T20:48:13.393Z,ahershmc@aol.com,newsletter,everyone,true
144977487,2025-02-09T20:48:13.402Z,itzhak.samara@gmail.com,newsletter,everyone,true
144977487,2025-02-09T20:48:13.473Z,virknavkaur@gmail.com,newsletter,everyone,true
144977487,2025-02-09T20:48:13.890Z,theory.nifty438@passinbox.com,newsletter,everyone,true
144977487,2025-02-09T20:48:13.894Z,rimbsweiler@yahoo.com,newsletter,everyone,false
144977487,2025-02-09T20:48:14.141Z,ptdaris@uol.com.br,newsletter,everyone,true
144977487,2025-02-09T20:48:15.110Z,dennis@burns.org,newsletter,everyone,true
144977487,2025-02-09T20:48:19.994Z,skyjensen@icloud.com,newsletter,everyone,true
