post_id,timestamp,email,post_type,post_audience,active_subscription
144975631,2024-05-25T17:51:26.594Z,Experimentalunit317@gmail.com,newsletter,everyone,false
144975631,2024-05-25T17:51:28.513Z,rimbsweiler@yahoo.com,newsletter,everyone,false
144975631,2024-05-25T17:51:28.790Z,dwightlyman@gmail.com,newsletter,everyone,true
144975631,2024-05-25T17:51:29.422Z,mrnononsense02@gmail.com,newsletter,everyone,true
144975631,2024-05-25T17:51:29.513Z,raynottwoodbead@gmail.com,newsletter,everyone,true
144975631,2024-05-25T17:51:29.577Z,kadirgemici066@gmail.com,newsletter,everyone,true
144975631,2024-05-25T17:51:29.616Z,zach.bartell.writer@gmail.com,newsletter,everyone,true
144975631,2024-05-25T17:51:29.632Z,kalakaldruzuzu@gmail.com,newsletter,everyone,true
144975631,2024-05-25T17:51:29.754Z,3d0f86f2-e17f-4f2a-8ca5-154e98f6d68a@deletion-request.substack.com,newsletter,everyone,true
144975631,2024-05-25T17:51:29.811Z,beer64925@gmail.com,newsletter,everyone,true
144975631,2024-05-25T17:51:30.756Z,ahershmc@aol.com,newsletter,everyone,true
144975631,2024-05-25T17:51:30.935Z,briana.j.carroll@gmail.com,newsletter,everyone,true
144975631,2024-05-25T17:51:30.958Z,rimbsweiler@gmail.com,newsletter,everyone,true
144975631,2024-05-25T17:51:31.016Z,Twadley@gmail.com,newsletter,everyone,true
144975631,2024-05-25T17:51:31.092Z,itzhak.samara@gmail.com,newsletter,everyone,true
144975631,2024-05-25T17:51:31.110Z,shien.getsuto@gmail.com,newsletter,everyone,true
144975631,2024-05-25T17:51:31.119Z,ianwilmoth@gmail.com,newsletter,everyone,true
144975631,2024-05-25T17:51:31.137Z,calebgrasse@gmail.com,newsletter,everyone,true
144975631,2024-05-25T17:51:31.206Z,tyrickstarksatt@gmail.com,newsletter,everyone,true
144975631,2024-05-25T17:51:31.222Z,omarionburgess45@gmail.com,newsletter,everyone,true
144975631,2024-05-25T17:51:31.479Z,apollohlynch@gmail.com,newsletter,everyone,true
144975631,2024-05-25T17:51:31.480Z,Nondescriptfaith@gmail.com,newsletter,everyone,true
144975631,2024-05-25T17:51:31.481Z,zutorilla@gmail.com,newsletter,everyone,true
144975631,2024-05-25T17:51:31.520Z,alminivdmerwe@gmail.com,newsletter,everyone,true
144975631,2024-05-25T17:51:31.550Z,djcart137@gmail.com,newsletter,everyone,true
144975631,2024-05-25T17:51:31.590Z,garfieldsam@gmail.com,newsletter,everyone,true
144975631,2024-05-25T17:51:31.665Z,daniellemtobias@gmail.com,newsletter,everyone,true
144975631,2024-05-25T17:51:31.816Z,justinaugustwellington@gmail.com,newsletter,everyone,true
144975631,2024-05-25T17:51:31.938Z,nicholasjohnsoneugene@gmail.com,newsletter,everyone,true
144975631,2024-05-25T17:51:32.049Z,mooresie@outlook.com,newsletter,everyone,true
144975631,2024-05-25T17:51:32.128Z,adooleycox@gmail.com,newsletter,everyone,true
144975631,2024-05-25T17:51:32.354Z,nadahlberg@gmail.com,newsletter,everyone,true
144975631,2024-05-25T17:51:34.627Z,rossllewallyn@proton.me,newsletter,everyone,true
144975631,2024-05-25T17:51:35.857Z,skyjensen@icloud.com,newsletter,everyone,true
