post_id,timestamp,email,post_type,post_audience,active_subscription
144976262,2024-05-25T18:10:57.820Z,rimbsweiler@yahoo.com,newsletter,everyone,false
144976262,2024-05-25T18:10:58.511Z,Experimentalunit317@gmail.com,newsletter,everyone,false
144976262,2024-05-25T18:10:58.895Z,dwightlyman@gmail.com,newsletter,everyone,true
144976262,2024-05-25T18:10:59.425Z,kadirgemici066@gmail.com,newsletter,everyone,true
144976262,2024-05-25T18:10:59.644Z,mrnononsense02@gmail.com,newsletter,everyone,true
144976262,2024-05-25T18:11:00.175Z,raynottwoodbead@gmail.com,newsletter,everyone,true
144976262,2024-05-25T18:11:00.181Z,3d0f86f2-e17f-4f2a-8ca5-154e98f6d68a@deletion-request.substack.com,newsletter,everyone,true
144976262,2024-05-25T18:11:00.213Z,zach.bartell.writer@gmail.com,newsletter,everyone,true
144976262,2024-05-25T18:11:00.293Z,kalakaldruzuzu@gmail.com,newsletter,everyone,true
144976262,2024-05-25T18:11:00.324Z,beer64925@gmail.com,newsletter,everyone,true
144976262,2024-05-25T18:11:00.727Z,Twadley@gmail.com,newsletter,everyone,true
144976262,2024-05-25T18:11:00.947Z,itzhak.samara@gmail.com,newsletter,everyone,true
144976262,2024-05-25T18:11:01.134Z,tyrickstarksatt@gmail.com,newsletter,everyone,true
144976262,2024-05-25T18:11:01.151Z,alminivdmerwe@gmail.com,newsletter,everyone,true
144976262,2024-05-25T18:11:01.170Z,ianwilmoth@gmail.com,newsletter,everyone,true
144976262,2024-05-25T18:11:01.221Z,apollohlynch@gmail.com,newsletter,everyone,true
144976262,2024-05-25T18:11:01.302Z,ahershmc@aol.com,newsletter,everyone,true
144976262,2024-05-25T18:11:01.319Z,shien.getsuto@gmail.com,newsletter,everyone,true
144976262,2024-05-25T18:11:01.336Z,omarionburgess45@gmail.com,newsletter,everyone,true
144976262,2024-05-25T18:11:01.510Z,briana.j.carroll@gmail.com,newsletter,everyone,true
144976262,2024-05-25T18:11:01.533Z,Nondescriptfaith@gmail.com,newsletter,everyone,true
144976262,2024-05-25T18:11:01.541Z,rimbsweiler@gmail.com,newsletter,everyone,true
144976262,2024-05-25T18:11:01.555Z,zutorilla@gmail.com,newsletter,everyone,true
144976262,2024-05-25T18:11:01.624Z,calebgrasse@gmail.com,newsletter,everyone,true
144976262,2024-05-25T18:11:01.739Z,djcart137@gmail.com,newsletter,everyone,true
144976262,2024-05-25T18:11:02.035Z,mooresie@outlook.com,newsletter,everyone,true
144976262,2024-05-25T18:11:02.098Z,justinaugustwellington@gmail.com,newsletter,everyone,true
144976262,2024-05-25T18:11:02.279Z,daniellemtobias@gmail.com,newsletter,everyone,true
144976262,2024-05-25T18:11:02.359Z,nadahlberg@gmail.com,newsletter,everyone,true
144976262,2024-05-25T18:11:02.462Z,nicholasjohnsoneugene@gmail.com,newsletter,everyone,true
144976262,2024-05-25T18:11:02.603Z,garfieldsam@gmail.com,newsletter,everyone,true
144976262,2024-05-25T18:11:02.667Z,adooleycox@gmail.com,newsletter,everyone,true
144976262,2024-05-25T18:11:04.831Z,rossllewallyn@proton.me,newsletter,everyone,true
144976262,2024-05-25T18:11:05.640Z,skyjensen@icloud.com,newsletter,everyone,true
