post_id,timestamp,email,post_type,post_audience,active_subscription,country,city,region,device_type,client_os,client_type,user_agent
144996841,2024-05-26T16:12:46.674Z,omarionburgess45@gmail.com,newsletter,everyone,true,US,,,,,,Mozilla/5.0 (Windows NT 5.1; rv:11.0) Gecko Firefox/11.0 (via ggpht.com GoogleImageProxy)
144996841,2024-05-26T18:28:40.022Z,ianwilmoth@gmail.com,newsletter,everyone,true,US,,,,,,Mozilla/5.0
144996841,2024-05-26T18:43:56.865Z,itzhak.samara@gmail.com,newsletter,everyone,true,US,,,,,,Mozilla/5.0 (Windows NT 5.1; rv:11.0) Gecko Firefox/11.0 (via ggpht.com GoogleImageProxy)
144996841,2024-05-26T19:43:18.881Z,alminivdmerwe@gmail.com,newsletter,everyone,true,LI,,,,,,Mozilla/5.0
144996841,2024-05-26T21:18:56.661Z,omarionburgess45@gmail.com,newsletter,everyone,true,US,,,,,,Mozilla/5.0 (Windows NT 5.1; rv:11.0) Gecko Firefox/11.0 (via ggpht.com GoogleImageProxy)
144996841,2024-05-26T21:19:53.924Z,garfieldsam@gmail.com,newsletter,everyone,true,US,,,,,,Mozilla/5.0 (Windows NT 5.1; rv:11.0) Gecko Firefox/11.0 (via ggpht.com GoogleImageProxy)
144996841,2024-05-27T01:08:19.749Z,rimbsweiler@yahoo.com,newsletter,everyone,false,US,,,,,,Mozilla/5.0
144996841,2024-05-27T02:46:15.797Z,dwightlyman@gmail.com,newsletter,everyone,true,US,,,,,,Mozilla/5.0
144996841,2024-05-27T02:49:09.894Z,tyrickstarksatt@gmail.com,newsletter,everyone,true,US,,,,,,Mozilla/5.0 (Windows NT 5.1; rv:11.0) Gecko Firefox/11.0 (via ggpht.com GoogleImageProxy)
144996841,2024-05-27T04:01:24.243Z,adooleycox@gmail.com,newsletter,everyone,true,US,,,,,,Mozilla/5.0 (Windows NT 5.1; rv:11.0) Gecko Firefox/11.0 (via ggpht.com GoogleImageProxy)
144996841,2024-05-27T07:30:25.884Z,dwightlyman@gmail.com,newsletter,everyone,true,US,,,,,,Mozilla/5.0
144996841,2024-05-27T18:33:07.445Z,rossllewallyn@proton.me,newsletter,everyone,true,US,,,,,,"Mozilla/5.0 (Linux; Android 14; Pixel 6 Build/AP1A.240505.004; wv) AppleWebKit/537.36 (KHTML, like Gecko) Version/4.0 Chrome/124.0.6367.179 Mobile Safari/537.36"
144996841,2024-05-28T05:29:53.798Z,zach.bartell.writer@gmail.com,newsletter,everyone,true,US,,,,,,Mozilla/5.0
144996841,2024-05-28T17:19:45.932Z,nadahlberg@gmail.com,newsletter,everyone,true,US,,,,,,Mozilla/5.0
144996841,2024-05-29T10:30:55.596Z,omarionburgess45@gmail.com,newsletter,everyone,true,US,,,,,,Mozilla/5.0 (Windows NT 5.1; rv:11.0) Gecko Firefox/11.0 (via ggpht.com GoogleImageProxy)
144996841,2024-05-31T07:46:30.217Z,dwightlyman@gmail.com,newsletter,everyone,true,US,,,,,,Mozilla/5.0
