post_id,timestamp,email,post_type,post_audience,active_subscription
144973382,2024-05-25T17:17:36.438Z,Experimentalunit317@gmail.com,newsletter,everyone,false
144973382,2024-05-25T17:17:37.927Z,rimbsweiler@yahoo.com,newsletter,everyone,false
144973382,2024-05-25T17:17:39.140Z,dwightlyman@gmail.com,newsletter,everyone,true
144973382,2024-05-25T17:17:40.447Z,beer64925@gmail.com,newsletter,everyone,true
144973382,2024-05-25T17:17:40.462Z,zach.bartell.writer@gmail.com,newsletter,everyone,true
144973382,2024-05-25T17:17:40.589Z,raynottwoodbead@gmail.com,newsletter,everyone,true
144973382,2024-05-25T17:17:40.763Z,mrnononsense02@gmail.com,newsletter,everyone,true
144973382,2024-05-25T17:17:40.802Z,3d0f86f2-e17f-4f2a-8ca5-154e98f6d68a@deletion-request.substack.com,newsletter,everyone,true
144973382,2024-05-25T17:17:40.828Z,kadirgemici066@gmail.com,newsletter,everyone,true
144973382,2024-05-25T17:17:41.070Z,kalakaldruzuzu@gmail.com,newsletter,everyone,true
144973382,2024-05-25T17:17:41.729Z,rimbsweiler@gmail.com,newsletter,everyone,true
144973382,2024-05-25T17:17:41.749Z,apollohlynch@gmail.com,newsletter,everyone,true
144973382,2024-05-25T17:17:41.755Z,Twadley@gmail.com,newsletter,everyone,true
144973382,2024-05-25T17:17:41.806Z,omarionburgess45@gmail.com,newsletter,everyone,true
144973382,2024-05-25T17:17:41.828Z,alminivdmerwe@gmail.com,newsletter,everyone,true
144973382,2024-05-25T17:17:41.853Z,itzhak.samara@gmail.com,newsletter,everyone,true
144973382,2024-05-25T17:17:41.872Z,shien.getsuto@gmail.com,newsletter,everyone,true
144973382,2024-05-25T17:17:41.877Z,calebgrasse@gmail.com,newsletter,everyone,true
144973382,2024-05-25T17:17:41.878Z,tyrickstarksatt@gmail.com,newsletter,everyone,true
144973382,2024-05-25T17:17:41.978Z,djcart137@gmail.com,newsletter,everyone,true
144973382,2024-05-25T17:17:41.985Z,ianwilmoth@gmail.com,newsletter,everyone,true
144973382,2024-05-25T17:17:42.068Z,zutorilla@gmail.com,newsletter,everyone,true
144973382,2024-05-25T17:17:42.093Z,briana.j.carroll@gmail.com,newsletter,everyone,true
144973382,2024-05-25T17:17:42.103Z,mooresie@outlook.com,newsletter,everyone,true
144973382,2024-05-25T17:17:42.109Z,Nondescriptfaith@gmail.com,newsletter,everyone,true
144973382,2024-05-25T17:17:42.672Z,ahershmc@aol.com,newsletter,everyone,true
144973382,2024-05-25T17:17:43.608Z,daniellemtobias@gmail.com,newsletter,everyone,true
144973382,2024-05-25T17:17:43.614Z,adooleycox@gmail.com,newsletter,everyone,true
144973382,2024-05-25T17:17:43.627Z,garfieldsam@gmail.com,newsletter,everyone,true
144973382,2024-05-25T17:17:43.691Z,nicholasjohnsoneugene@gmail.com,newsletter,everyone,true
144973382,2024-05-25T17:17:43.729Z,justinaugustwellington@gmail.com,newsletter,everyone,true
144973382,2024-05-25T17:17:43.742Z,nadahlberg@gmail.com,newsletter,everyone,true
144973382,2024-05-25T17:17:44.900Z,skyjensen@icloud.com,newsletter,everyone,true
144973382,2024-05-25T17:17:45.726Z,rossllewallyn@proton.me,newsletter,everyone,true
