post_id,timestamp,email,post_type,post_audience,active_subscription
144996841,2024-05-26T16:12:25.925Z,Experimentalunit317@gmail.com,newsletter,everyone,false
144996841,2024-05-26T16:12:27.942Z,rimbsweiler@yahoo.com,newsletter,everyone,false
144996841,2024-05-26T16:12:28.197Z,dwightlyman@gmail.com,newsletter,everyone,true
144996841,2024-05-26T16:12:29.157Z,kadirgemici066@gmail.com,newsletter,everyone,true
144996841,2024-05-26T16:12:29.339Z,zach.bartell.writer@gmail.com,newsletter,everyone,true
144996841,2024-05-26T16:12:29.594Z,mrnononsense02@gmail.com,newsletter,everyone,true
144996841,2024-05-26T16:12:29.595Z,beer64925@gmail.com,newsletter,everyone,true
144996841,2024-05-26T16:12:29.689Z,3d0f86f2-e17f-4f2a-8ca5-154e98f6d68a@deletion-request.substack.com,newsletter,everyone,true
144996841,2024-05-26T16:12:29.885Z,raynottwoodbead@gmail.com,newsletter,everyone,true
144996841,2024-05-26T16:12:29.950Z,kalakaldruzuzu@gmail.com,newsletter,everyone,true
144996841,2024-05-26T16:12:30.318Z,Twadley@gmail.com,newsletter,everyone,true
144996841,2024-05-26T16:12:30.446Z,apollohlynch@gmail.com,newsletter,everyone,true
144996841,2024-05-26T16:12:30.447Z,ianwilmoth@gmail.com,newsletter,everyone,true
144996841,2024-05-26T16:12:30.455Z,briana.j.carroll@gmail.com,newsletter,everyone,true
144996841,2024-05-26T16:12:30.484Z,djcart137@gmail.com,newsletter,everyone,true
144996841,2024-05-26T16:12:30.498Z,itzhak.samara@gmail.com,newsletter,everyone,true
144996841,2024-05-26T16:12:30.503Z,shien.getsuto@gmail.com,newsletter,everyone,true
144996841,2024-05-26T16:12:30.537Z,rimbsweiler@gmail.com,newsletter,everyone,true
144996841,2024-05-26T16:12:30.574Z,alminivdmerwe@gmail.com,newsletter,everyone,true
144996841,2024-05-26T16:12:30.575Z,zutorilla@gmail.com,newsletter,everyone,true
144996841,2024-05-26T16:12:30.655Z,Nondescriptfaith@gmail.com,newsletter,everyone,true
144996841,2024-05-26T16:12:30.811Z,tyrickstarksatt@gmail.com,newsletter,everyone,true
144996841,2024-05-26T16:12:30.820Z,ahershmc@aol.com,newsletter,everyone,true
144996841,2024-05-26T16:12:30.915Z,mooresie@outlook.com,newsletter,everyone,true
144996841,2024-05-26T16:12:30.917Z,calebgrasse@gmail.com,newsletter,everyone,true
144996841,2024-05-26T16:12:30.925Z,omarionburgess45@gmail.com,newsletter,everyone,true
144996841,2024-05-26T16:12:31.471Z,garfieldsam@gmail.com,newsletter,everyone,true
144996841,2024-05-26T16:12:31.515Z,daniellemtobias@gmail.com,newsletter,everyone,true
144996841,2024-05-26T16:12:31.638Z,adooleycox@gmail.com,newsletter,everyone,true
144996841,2024-05-26T16:12:31.652Z,nadahlberg@gmail.com,newsletter,everyone,true
144996841,2024-05-26T16:12:31.787Z,nicholasjohnsoneugene@gmail.com,newsletter,everyone,true
144996841,2024-05-26T16:12:31.805Z,justinaugustwellington@gmail.com,newsletter,everyone,true
144996841,2024-05-26T16:12:33.997Z,rossllewallyn@proton.me,newsletter,everyone,true
144996841,2024-05-26T16:12:36.761Z,skyjensen@icloud.com,newsletter,everyone,true
