post_id,timestamp,email,post_type,post_audience,active_subscription,country,city,region,device_type,client_os,client_type,user_agent
145066021,2024-05-28T17:08:40.526Z,omarionburgess45@gmail.com,newsletter,everyone,true,US,,,,,,Mozilla/5.0 (Windows NT 5.1; rv:11.0) Gecko Firefox/11.0 (via ggpht.com GoogleImageProxy)
145066021,2024-05-28T17:16:02.895Z,beer64925@gmail.com,newsletter,everyone,true,US,,,,,,Mozilla/5.0 (Windows NT 5.1; rv:11.0) Gecko Firefox/11.0 (via ggpht.com GoogleImageProxy)
145066021,2024-05-28T17:19:45.932Z,nadahlberg@gmail.com,newsletter,everyone,true,US,,,,,,Mozilla/5.0
145066021,2024-05-28T17:29:17.880Z,rimbsweiler@yahoo.com,newsletter,everyone,false,US,,,,,,Mozilla/5.0
145066021,2024-05-28T17:52:36.866Z,ianwilmoth@gmail.com,newsletter,everyone,true,US,,,,,,Mozilla/5.0 (Windows NT 5.1; rv:11.0) Gecko Firefox/11.0 (via ggpht.com GoogleImageProxy)
145066021,2024-05-28T17:57:03.109Z,briana.j.carroll@gmail.com,newsletter,everyone,true,US,,,,,,Mozilla/5.0 (Windows NT 5.1; rv:11.0) Gecko Firefox/11.0 (via ggpht.com GoogleImageProxy)
145066021,2024-05-28T17:57:03.368Z,briana.j.carroll@gmail.com,newsletter,everyone,true,US,,,,,,Mozilla/5.0 (Windows NT 5.1; rv:11.0) Gecko Firefox/11.0 (via ggpht.com GoogleImageProxy)
145066021,2024-05-28T17:58:28.435Z,briana.j.carroll@gmail.com,newsletter,everyone,true,US,,,,,,Mozilla/5.0 (Windows NT 5.1; rv:11.0) Gecko Firefox/11.0 (via ggpht.com GoogleImageProxy)
145066021,2024-05-28T18:01:59.921Z,garfieldsam@gmail.com,newsletter,everyone,true,US,,,,,,Mozilla/5.0 (Windows NT 5.1; rv:11.0) Gecko Firefox/11.0 (via ggpht.com GoogleImageProxy)
145066021,2024-05-28T18:11:26.225Z,daniellemtobias@gmail.com,newsletter,everyone,true,US,,,,,,Mozilla/5.0 (Windows NT 5.1; rv:11.0) Gecko Firefox/11.0 (via ggpht.com GoogleImageProxy)
145066021,2024-05-28T18:57:42.757Z,skyjensen@icloud.com,newsletter,everyone,true,US,,,,,,Mozilla/5.0
145066021,2024-05-28T19:16:30.763Z,rossllewallyn@proton.me,newsletter,everyone,true,US,,,,,,"Mozilla/5.0 (Linux; Android 14; Pixel 6 Build/AP1A.240505.004; wv) AppleWebKit/537.36 (KHTML, like Gecko) Version/4.0 Chrome/124.0.6367.179 Mobile Safari/537.36"
145066021,2024-05-28T19:19:04.352Z,apollohlynch@gmail.com,newsletter,everyone,true,US,,,,,,Mozilla/5.0 (Windows NT 5.1; rv:11.0) Gecko Firefox/11.0 (via ggpht.com GoogleImageProxy)
145066021,2024-05-28T20:07:40.786Z,alminivdmerwe@gmail.com,newsletter,everyone,true,LI,,,,,,Mozilla/5.0
145066021,2024-05-28T21:10:22.167Z,apollohlynch@gmail.com,newsletter,everyone,true,US,,,,,,Mozilla/5.0 (Windows NT 5.1; rv:11.0) Gecko Firefox/11.0 (via ggpht.com GoogleImageProxy)
145066021,2024-05-28T22:27:49.965Z,ianwilmoth@gmail.com,newsletter,everyone,true,US,,,,,,Mozilla/5.0
145066021,2024-05-28T23:21:18.669Z,omarionburgess45@gmail.com,newsletter,everyone,true,US,,,,,,Mozilla/5.0 (Windows NT 5.1; rv:11.0) Gecko Firefox/11.0 (via ggpht.com GoogleImageProxy)
145066021,2024-05-28T23:44:49.607Z,skyjensen@icloud.com,newsletter,everyone,true,US,,,,,,Mozilla/5.0
145066021,2024-05-29T03:42:07.872Z,tyrickstarksatt@gmail.com,newsletter,everyone,true,US,,,,,,Mozilla/5.0 (Windows NT 5.1; rv:11.0) Gecko Firefox/11.0 (via ggpht.com GoogleImageProxy)
145066021,2024-05-29T03:42:25.898Z,tyrickstarksatt@gmail.com,newsletter,everyone,true,US,,,,,,Mozilla/5.0 (Windows NT 5.1; rv:11.0) Gecko Firefox/11.0 (via ggpht.com GoogleImageProxy)
145066021,2024-05-29T14:12:48.177Z,skyjensen@icloud.com,newsletter,everyone,true,US,,,,,,Mozilla/5.0
145066021,2024-05-29T14:30:10.243Z,Experimentalunit317@gmail.com,newsletter,everyone,false,US,,,,,,Mozilla/5.0 (Windows NT 5.1; rv:11.0) Gecko Firefox/11.0 (via ggpht.com GoogleImageProxy)
145066021,2024-05-29T17:23:37.299Z,zach.bartell.writer@gmail.com,newsletter,everyone,true,US,,,,,,Mozilla/5.0
145066021,2024-05-29T19:01:27.820Z,dwightlyman@gmail.com,newsletter,everyone,true,US,,,,,,Mozilla/5.0
145066021,2024-05-30T13:28:27.605Z,daniellemtobias@gmail.com,newsletter,everyone,true,US,,,,,,Mozilla/5.0 (Windows NT 5.1; rv:11.0) Gecko Firefox/11.0 (via ggpht.com GoogleImageProxy)
145066021,2024-05-31T05:35:47.637Z,dwightlyman@gmail.com,newsletter,everyone,true,US,,,,,,Mozilla/5.0
145066021,2024-06-04T18:40:56.281Z,skyjensen@icloud.com,newsletter,everyone,true,US,,,,,,Mozilla/5.0
