post_id,timestamp,email,post_type,post_audience,active_subscription
145051588,2024-05-28T08:32:57.988Z,Experimentalunit317@gmail.com,newsletter,everyone,false
145051588,2024-05-28T08:32:59.324Z,rimbsweiler@yahoo.com,newsletter,everyone,false
145051588,2024-05-28T08:33:00.253Z,dwightlyman@gmail.com,newsletter,everyone,true
145051588,2024-05-28T08:33:00.854Z,raynottwoodbead@gmail.com,newsletter,everyone,true
145051588,2024-05-28T08:33:01.001Z,kalakaldruzuzu@gmail.com,newsletter,everyone,true
145051588,2024-05-28T08:33:01.002Z,beer64925@gmail.com,newsletter,everyone,true
145051588,2024-05-28T08:33:01.063Z,3d0f86f2-e17f-4f2a-8ca5-154e98f6d68a@deletion-request.substack.com,newsletter,everyone,true
145051588,2024-05-28T08:33:01.087Z,zach.bartell.writer@gmail.com,newsletter,everyone,true
145051588,2024-05-28T08:33:01.162Z,kadirgemici066@gmail.com,newsletter,everyone,true
145051588,2024-05-28T08:33:01.397Z,mrnononsense02@gmail.com,newsletter,everyone,true
145051588,2024-05-28T08:33:02.385Z,ahershmc@aol.com,newsletter,everyone,true
145051588,2024-05-28T08:33:02.634Z,rimbsweiler@gmail.com,newsletter,everyone,true
145051588,2024-05-28T08:33:02.967Z,alminivdmerwe@gmail.com,newsletter,everyone,true
145051588,2024-05-28T08:33:03.134Z,Twadley@gmail.com,newsletter,everyone,true
145051588,2024-05-28T08:33:03.154Z,djcart137@gmail.com,newsletter,everyone,true
145051588,2024-05-28T08:33:03.177Z,tyrickstarksatt@gmail.com,newsletter,everyone,true
145051588,2024-05-28T08:33:03.211Z,apollohlynch@gmail.com,newsletter,everyone,true
145051588,2024-05-28T08:33:03.386Z,briana.j.carroll@gmail.com,newsletter,everyone,true
145051588,2024-05-28T08:33:03.437Z,mooresie@outlook.com,newsletter,everyone,true
145051588,2024-05-28T08:33:03.519Z,Nondescriptfaith@gmail.com,newsletter,everyone,true
145051588,2024-05-28T08:33:03.606Z,ianwilmoth@gmail.com,newsletter,everyone,true
145051588,2024-05-28T08:33:03.631Z,itzhak.samara@gmail.com,newsletter,everyone,true
145051588,2024-05-28T08:33:03.660Z,omarionburgess45@gmail.com,newsletter,everyone,true
145051588,2024-05-28T08:33:03.817Z,zutorilla@gmail.com,newsletter,everyone,true
145051588,2024-05-28T08:33:03.992Z,calebgrasse@gmail.com,newsletter,everyone,true
145051588,2024-05-28T08:33:04.001Z,shien.getsuto@gmail.com,newsletter,everyone,true
145051588,2024-05-28T08:33:04.353Z,skyjensen@icloud.com,newsletter,everyone,true
145051588,2024-05-28T08:33:10.517Z,adooleycox@gmail.com,newsletter,everyone,true
145051588,2024-05-28T08:33:10.623Z,garfieldsam@gmail.com,newsletter,everyone,true
145051588,2024-05-28T08:33:10.683Z,nadahlberg@gmail.com,newsletter,everyone,true
145051588,2024-05-28T08:33:10.802Z,justinaugustwellington@gmail.com,newsletter,everyone,true
145051588,2024-05-28T08:33:10.955Z,daniellemtobias@gmail.com,newsletter,everyone,true
145051588,2024-05-28T08:33:11.196Z,nicholasjohnsoneugene@gmail.com,newsletter,everyone,true
145051588,2024-05-28T08:33:12.911Z,rossllewallyn@proton.me,newsletter,everyone,true
