post_id,timestamp,email,post_type,post_audience,active_subscription,country,city,region,device_type,client_os,client_type,user_agent
145025483,2024-05-27T16:26:44.561Z,zach.bartell.writer@gmail.com,newsletter,everyone,true,US,,,,,,Mozilla/5.0
145025483,2024-05-27T16:39:01.983Z,rimbsweiler@yahoo.com,newsletter,everyone,false,US,,,,,,Mozilla/5.0
145025483,2024-05-27T17:25:19.055Z,garfieldsam@gmail.com,newsletter,everyone,true,US,,,,,,Mozilla/5.0 (Windows NT 5.1; rv:11.0) Gecko Firefox/11.0 (via ggpht.com GoogleImageProxy)
145025483,2024-05-27T18:46:47.066Z,skyjensen@icloud.com,newsletter,everyone,true,US,,,,,,Mozilla/5.0
145025483,2024-05-27T21:08:23.563Z,ianwilmoth@gmail.com,newsletter,everyone,true,US,,,,,,Mozilla/5.0
145025483,2024-05-27T23:49:54.679Z,briana.j.carroll@gmail.com,newsletter,everyone,true,US,,,,,,Mozilla/5.0 (Windows NT 5.1; rv:11.0) Gecko Firefox/11.0 (via ggpht.com GoogleImageProxy)
145025483,2024-05-28T07:15:12.861Z,itzhak.samara@gmail.com,newsletter,everyone,true,US,,,,,,Mozilla/5.0 (Windows NT 5.1; rv:11.0) Gecko Firefox/11.0 (via ggpht.com GoogleImageProxy)
145025483,2024-05-28T17:19:45.929Z,nadahlberg@gmail.com,newsletter,everyone,true,US,,,,,,Mozilla/5.0
145025483,2024-05-28T19:12:28.663Z,alminivdmerwe@gmail.com,newsletter,everyone,true,LI,,,,,,Mozilla/5.0
145025483,2024-05-29T00:55:36.833Z,apollohlynch@gmail.com,newsletter,everyone,true,US,,,,,,Mozilla/5.0 (Windows NT 5.1; rv:11.0) Gecko Firefox/11.0 (via ggpht.com GoogleImageProxy)
145025483,2024-05-31T06:11:44.737Z,dwightlyman@gmail.com,newsletter,everyone,true,US,,,,,,Mozilla/5.0
145025483,2024-06-05T06:12:35.308Z,skyjensen@icloud.com,newsletter,everyone,true,US,,,,,,Mozilla/5.0
145025483,2024-06-06T19:41:31.123Z,apollohlynch@gmail.com,newsletter,everyone,true,US,,,,,,Mozilla/5.0 (Windows NT 5.1; rv:11.0) Gecko Firefox/11.0 (via ggpht.com GoogleImageProxy)
