post_id,timestamp,email,post_type,post_audience,active_subscription
145049131,2024-05-28T07:13:48.307Z,Experimentalunit317@gmail.com,newsletter,everyone,false
145049131,2024-05-28T07:13:48.975Z,rimbsweiler@yahoo.com,newsletter,everyone,false
145049131,2024-05-28T07:13:50.938Z,dwightlyman@gmail.com,newsletter,everyone,true
145049131,2024-05-28T07:13:52.109Z,raynottwoodbead@gmail.com,newsletter,everyone,true
145049131,2024-05-28T07:13:52.169Z,kalakaldruzuzu@gmail.com,newsletter,everyone,true
145049131,2024-05-28T07:13:52.221Z,mrnononsense02@gmail.com,newsletter,everyone,true
145049131,2024-05-28T07:13:52.246Z,zach.bartell.writer@gmail.com,newsletter,everyone,true
145049131,2024-05-28T07:13:52.311Z,beer64925@gmail.com,newsletter,everyone,true
145049131,2024-05-28T07:13:52.407Z,kadirgemici066@gmail.com,newsletter,everyone,true
145049131,2024-05-28T07:13:52.435Z,3d0f86f2-e17f-4f2a-8ca5-154e98f6d68a@deletion-request.substack.com,newsletter,everyone,true
145049131,2024-05-28T07:13:53.586Z,rimbsweiler@gmail.com,newsletter,everyone,true
145049131,2024-05-28T07:13:53.614Z,omarionburgess45@gmail.com,newsletter,everyone,true
145049131,2024-05-28T07:13:53.637Z,alminivdmerwe@gmail.com,newsletter,everyone,true
145049131,2024-05-28T07:13:53.644Z,briana.j.carroll@gmail.com,newsletter,everyone,true
145049131,2024-05-28T07:13:53.671Z,zutorilla@gmail.com,newsletter,everyone,true
145049131,2024-05-28T07:13:53.672Z,itzhak.samara@gmail.com,newsletter,everyone,true
145049131,2024-05-28T07:13:53.695Z,djcart137@gmail.com,newsletter,everyone,true
145049131,2024-05-28T07:13:53.699Z,apollohlynch@gmail.com,newsletter,everyone,true
145049131,2024-05-28T07:13:53.789Z,ianwilmoth@gmail.com,newsletter,everyone,true
145049131,2024-05-28T07:13:53.796Z,Twadley@gmail.com,newsletter,everyone,true
145049131,2024-05-28T07:13:53.830Z,calebgrasse@gmail.com,newsletter,everyone,true
145049131,2024-05-28T07:13:53.842Z,tyrickstarksatt@gmail.com,newsletter,everyone,true
145049131,2024-05-28T07:13:53.876Z,ahershmc@aol.com,newsletter,everyone,true
145049131,2024-05-28T07:13:53.891Z,shien.getsuto@gmail.com,newsletter,everyone,true
145049131,2024-05-28T07:13:53.976Z,Nondescriptfaith@gmail.com,newsletter,everyone,true
145049131,2024-05-28T07:13:54.980Z,daniellemtobias@gmail.com,newsletter,everyone,true
145049131,2024-05-28T07:13:55.122Z,nicholasjohnsoneugene@gmail.com,newsletter,everyone,true
145049131,2024-05-28T07:13:55.143Z,nadahlberg@gmail.com,newsletter,everyone,true
145049131,2024-05-28T07:13:55.275Z,garfieldsam@gmail.com,newsletter,everyone,true
145049131,2024-05-28T07:13:55.284Z,justinaugustwellington@gmail.com,newsletter,everyone,true
145049131,2024-05-28T07:13:55.433Z,adooleycox@gmail.com,newsletter,everyone,true
145049131,2024-05-28T07:13:55.946Z,mooresie@outlook.com,newsletter,everyone,true
145049131,2024-05-28T07:13:57.925Z,skyjensen@icloud.com,newsletter,everyone,true
145049131,2024-05-28T07:13:58.007Z,rossllewallyn@proton.me,newsletter,everyone,true
