post_id,timestamp,email,post_type,post_audience,active_subscription
145080661,2025-02-09T20:47:21.751Z,rimbsweiler@yahoo.com,newsletter,everyone,false
145080661,2025-02-09T20:47:21.887Z,Experimentalunit317@gmail.com,newsletter,everyone,false
145080661,2025-02-09T20:47:22.578Z,dwightlyman@gmail.com,newsletter,everyone,true
145080661,2025-02-09T20:47:22.651Z,mileswilsondc@gmail.com,newsletter,everyone,true
145080661,2025-02-09T20:47:22.655Z,bky074a@gmail.com,newsletter,everyone,true
145080661,2025-02-09T20:47:22.734Z,beansocolofsky@gmail.com,newsletter,everyone,true
145080661,2025-02-09T20:47:22.737Z,semakpa@gmail.com,newsletter,everyone,true
145080661,2025-02-09T20:47:23.247Z,adooleycox@gmail.com,newsletter,everyone,true
145080661,2025-02-09T20:47:23.268Z,djcart137@gmail.com,newsletter,everyone,true
145080661,2025-02-09T20:47:23.328Z,raynottwoodbead@gmail.com,newsletter,everyone,true
145080661,2025-02-09T20:47:23.343Z,zach.bartell.writer@gmail.com,newsletter,everyone,true
145080661,2025-02-09T20:47:23.371Z,beer64925@gmail.com,newsletter,everyone,true
145080661,2025-02-09T20:47:23.393Z,3d0f86f2-e17f-4f2a-8ca5-154e98f6d68a@deletion-request.substack.com,newsletter,everyone,true
145080661,2025-02-09T20:47:23.411Z,mrnononsense02@gmail.com,newsletter,everyone,true
145080661,2025-02-09T20:47:23.413Z,justinaugustwellington@gmail.com,newsletter,everyone,true
145080661,2025-02-09T20:47:23.428Z,gdg2018mm5@gmail.com,newsletter,everyone,true
145080661,2025-02-09T20:47:23.449Z,nathanhaile11@gmail.com,newsletter,everyone,true
145080661,2025-02-09T20:47:23.451Z,kadirgemici066@gmail.com,newsletter,everyone,true
145080661,2025-02-09T20:47:23.492Z,Twadley@gmail.com,newsletter,everyone,true
145080661,2025-02-09T20:47:23.537Z,itzhak.samara@gmail.com,newsletter,everyone,true
145080661,2025-02-09T20:47:23.564Z,rimbsweiler@gmail.com,newsletter,everyone,true
145080661,2025-02-09T20:47:23.573Z,jasontrew@gmail.com,newsletter,everyone,true
145080661,2025-02-09T20:47:23.575Z,calebgrasse@gmail.com,newsletter,everyone,true
145080661,2025-02-09T20:47:23.635Z,shien.getsuto@gmail.com,newsletter,everyone,true
145080661,2025-02-09T20:47:23.655Z,evangelinepressblog@gmail.com,newsletter,everyone,true
145080661,2025-02-09T20:47:23.673Z,growlyted@gmail.com,newsletter,everyone,true
145080661,2025-02-09T20:47:23.697Z,rwlbmitchell@gmail.com,newsletter,everyone,true
145080661,2025-02-09T20:47:23.715Z,lennoxgravox@gmail.com,newsletter,everyone,true
145080661,2025-02-09T20:47:23.746Z,virknavkaur@gmail.com,newsletter,everyone,true
145080661,2025-02-09T20:47:23.936Z,harrisbrian321@gmail.com,newsletter,everyone,true
145080661,2025-02-09T20:47:24.010Z,briana.j.carroll@gmail.com,newsletter,everyone,true
145080661,2025-02-09T20:47:24.088Z,apollohlynch@gmail.com,newsletter,everyone,true
145080661,2025-02-09T20:47:24.138Z,ozs2@cornell.edu,newsletter,everyone,true
145080661,2025-02-09T20:47:24.151Z,ianwilmoth@gmail.com,newsletter,everyone,true
145080661,2025-02-09T20:47:24.152Z,alminivdmerwe@gmail.com,newsletter,everyone,true
145080661,2025-02-09T20:47:24.464Z,kalakaldruzuzu@gmail.com,newsletter,everyone,true
145080661,2025-02-09T20:47:24.550Z,theory.nifty438@passinbox.com,newsletter,everyone,true
145080661,2025-02-09T20:47:24.612Z,zutorilla@gmail.com,newsletter,everyone,true
145080661,2025-02-09T20:47:24.668Z,ptdaris@uol.com.br,newsletter,everyone,true
145080661,2025-02-09T20:47:24.689Z,ahershmc@aol.com,newsletter,everyone,true
145080661,2025-02-09T20:47:24.766Z,borealspain@yahoo.co.uk,newsletter,everyone,true
145080661,2025-02-09T20:47:26.798Z,skyjensen@icloud.com,newsletter,everyone,true
145080661,2025-02-09T20:47:27.034Z,dennis@burns.org,newsletter,everyone,true
