post_id,timestamp,email,post_type,post_audience,active_subscription,country,city,region,device_type,client_os,client_type,user_agent
145080661,2025-02-09T20:50:22.995Z,briana.j.carroll@gmail.com,newsletter,everyone,true,US,,,,,,Mozilla/5.0 (Windows NT 5.1; rv:11.0) Gecko Firefox/11.0 (via ggpht.com GoogleImageProxy)
145080661,2025-02-09T20:51:57.383Z,briana.j.carroll@gmail.com,newsletter,everyone,true,US,,,,,,Mozilla/5.0 (Windows NT 5.1; rv:11.0) Gecko Firefox/11.0 (via ggpht.com GoogleImageProxy)
145080661,2025-02-09T20:53:24.530Z,mileswilsondc@gmail.com,newsletter,everyone,true,US,,,,,,Mozilla/5.0 (Windows NT 5.1; rv:11.0) Gecko Firefox/11.0 (via ggpht.com GoogleImageProxy)
145080661,2025-02-09T20:54:03.227Z,mileswilsondc@gmail.com,newsletter,everyone,true,US,,,,,,Mozilla/5.0
145080661,2025-02-09T20:58:28.080Z,harrisbrian321@gmail.com,newsletter,everyone,true,US,,,,,,Mozilla/5.0 (Windows NT 5.1; rv:11.0) Gecko Firefox/11.0 (via ggpht.com GoogleImageProxy)
145080661,2025-02-09T21:01:37.581Z,borealspain@yahoo.co.uk,newsletter,everyone,true,US,,,,,,Mozilla/5.0
145080661,2025-02-09T21:02:58.770Z,alminivdmerwe@gmail.com,newsletter,everyone,true,LI,,,,,,Mozilla/5.0
145080661,2025-02-09T21:06:01.520Z,skyjensen@icloud.com,newsletter,everyone,true,US,,,,,,Mozilla/5.0
145080661,2025-02-09T21:12:56.940Z,ianwilmoth@gmail.com,newsletter,everyone,true,US,,,,,,Mozilla/5.0
145080661,2025-02-09T22:17:10.582Z,ptdaris@uol.com.br,newsletter,everyone,true,BR,,,,,,Mozilla/4.0 (compatible; ms-office; MSOffice 16)
145080661,2025-02-09T22:40:32.108Z,ianwilmoth@gmail.com,newsletter,everyone,true,US,,,,,,Mozilla/5.0 (Windows NT 5.1; rv:11.0) Gecko Firefox/11.0 (via ggpht.com GoogleImageProxy)
145080661,2025-02-10T04:41:28.818Z,jasontrew@gmail.com,newsletter,everyone,true,US,,,,,,Mozilla/5.0
145080661,2025-02-10T05:02:59.508Z,skyjensen@icloud.com,newsletter,everyone,true,US,,,,,,Mozilla/5.0
145080661,2025-02-10T07:55:49.212Z,alminivdmerwe@gmail.com,newsletter,everyone,true,LI,,,,,,Mozilla/5.0
145080661,2025-02-10T15:29:53.287Z,apollohlynch@gmail.com,newsletter,everyone,true,US,,,,,,Mozilla/5.0
145080661,2025-02-10T16:03:05.336Z,harrisbrian321@gmail.com,newsletter,everyone,true,CA,,,,,,Mozilla/5.0
145080661,2025-02-10T17:11:38.204Z,rimbsweiler@yahoo.com,newsletter,everyone,false,US,,,,,,Mozilla/5.0
145080661,2025-02-11T03:20:27.232Z,zach.bartell.writer@gmail.com,newsletter,everyone,true,US,,,,,,Mozilla/5.0
145080661,2025-02-12T16:21:03.912Z,ianwilmoth@gmail.com,newsletter,everyone,true,US,,,,,,Mozilla/5.0 (Windows NT 5.1; rv:11.0) Gecko Firefox/11.0 (via ggpht.com GoogleImageProxy)
145080661,2025-02-26T04:22:27.920Z,nathanhaile11@gmail.com,newsletter,everyone,true,MX,,,,,,Mozilla/5.0
