post_id,timestamp,email,post_type,post_audience,active_subscription
145004621,2024-05-26T21:59:47.871Z,Experimentalunit317@gmail.com,newsletter,everyone,false
145004621,2024-05-26T21:59:49.679Z,rimbsweiler@yahoo.com,newsletter,everyone,false
145004621,2024-05-26T21:59:49.749Z,dwightlyman@gmail.com,newsletter,everyone,true
145004621,2024-05-26T21:59:51.132Z,kadirgemici066@gmail.com,newsletter,everyone,true
145004621,2024-05-26T21:59:51.485Z,mrnononsense02@gmail.com,newsletter,everyone,true
145004621,2024-05-26T21:59:51.753Z,kalakaldruzuzu@gmail.com,newsletter,everyone,true
145004621,2024-05-26T21:59:51.770Z,raynottwoodbead@gmail.com,newsletter,everyone,true
145004621,2024-05-26T21:59:51.816Z,3d0f86f2-e17f-4f2a-8ca5-154e98f6d68a@deletion-request.substack.com,newsletter,everyone,true
145004621,2024-05-26T21:59:51.885Z,beer64925@gmail.com,newsletter,everyone,true
145004621,2024-05-26T21:59:52.132Z,zach.bartell.writer@gmail.com,newsletter,everyone,true
145004621,2024-05-26T21:59:54.072Z,nadahlberg@gmail.com,newsletter,everyone,true
145004621,2024-05-26T21:59:54.126Z,briana.j.carroll@gmail.com,newsletter,everyone,true
145004621,2024-05-26T21:59:54.139Z,adooleycox@gmail.com,newsletter,everyone,true
145004621,2024-05-26T21:59:54.221Z,ianwilmoth@gmail.com,newsletter,everyone,true
145004621,2024-05-26T21:59:54.297Z,Twadley@gmail.com,newsletter,everyone,true
145004621,2024-05-26T21:59:54.327Z,itzhak.samara@gmail.com,newsletter,everyone,true
145004621,2024-05-26T21:59:54.384Z,calebgrasse@gmail.com,newsletter,everyone,true
145004621,2024-05-26T21:59:54.401Z,shien.getsuto@gmail.com,newsletter,everyone,true
145004621,2024-05-26T21:59:54.467Z,garfieldsam@gmail.com,newsletter,everyone,true
145004621,2024-05-26T21:59:54.483Z,nicholasjohnsoneugene@gmail.com,newsletter,everyone,true
145004621,2024-05-26T21:59:54.511Z,rimbsweiler@gmail.com,newsletter,everyone,true
145004621,2024-05-26T21:59:54.511Z,daniellemtobias@gmail.com,newsletter,everyone,true
145004621,2024-05-26T21:59:54.575Z,ahershmc@aol.com,newsletter,everyone,true
145004621,2024-05-26T21:59:54.623Z,zutorilla@gmail.com,newsletter,everyone,true
145004621,2024-05-26T21:59:54.668Z,Nondescriptfaith@gmail.com,newsletter,everyone,true
145004621,2024-05-26T21:59:54.677Z,justinaugustwellington@gmail.com,newsletter,everyone,true
145004621,2024-05-26T21:59:54.751Z,omarionburgess45@gmail.com,newsletter,everyone,true
145004621,2024-05-26T21:59:54.765Z,tyrickstarksatt@gmail.com,newsletter,everyone,true
145004621,2024-05-26T21:59:54.778Z,alminivdmerwe@gmail.com,newsletter,everyone,true
145004621,2024-05-26T21:59:54.885Z,djcart137@gmail.com,newsletter,everyone,true
145004621,2024-05-26T21:59:54.892Z,apollohlynch@gmail.com,newsletter,everyone,true
145004621,2024-05-26T21:59:55.678Z,skyjensen@icloud.com,newsletter,everyone,true
145004621,2024-05-26T21:59:57.266Z,mooresie@outlook.com,newsletter,everyone,true
145004621,2024-05-26T22:00:01.483Z,rossllewallyn@proton.me,newsletter,everyone,true
