post_id,timestamp,email,post_type,post_audience,active_subscription
145068260,2024-05-28T18:28:52.663Z,Experimentalunit317@gmail.com,newsletter,everyone,false
145068260,2024-05-28T18:28:53.927Z,rimbsweiler@yahoo.com,newsletter,everyone,false
145068260,2024-05-28T18:28:54.546Z,dwightlyman@gmail.com,newsletter,everyone,true
145068260,2024-05-28T18:28:55.819Z,kadirgemici066@gmail.com,newsletter,everyone,true
145068260,2024-05-28T18:28:55.977Z,raynottwoodbead@gmail.com,newsletter,everyone,true
145068260,2024-05-28T18:28:56.119Z,zach.bartell.writer@gmail.com,newsletter,everyone,true
145068260,2024-05-28T18:28:56.259Z,3d0f86f2-e17f-4f2a-8ca5-154e98f6d68a@deletion-request.substack.com,newsletter,everyone,true
145068260,2024-05-28T18:28:56.304Z,beer64925@gmail.com,newsletter,everyone,true
145068260,2024-05-28T18:28:56.435Z,kalakaldruzuzu@gmail.com,newsletter,everyone,true
145068260,2024-05-28T18:28:57.040Z,mooresie@outlook.com,newsletter,everyone,true
145068260,2024-05-28T18:28:57.197Z,rimbsweiler@gmail.com,newsletter,everyone,true
145068260,2024-05-28T18:28:57.381Z,tyrickstarksatt@gmail.com,newsletter,everyone,true
145068260,2024-05-28T18:28:57.396Z,zutorilla@gmail.com,newsletter,everyone,true
145068260,2024-05-28T18:28:57.434Z,omarionburgess45@gmail.com,newsletter,everyone,true
145068260,2024-05-28T18:28:57.456Z,shien.getsuto@gmail.com,newsletter,everyone,true
145068260,2024-05-28T18:28:57.472Z,apollohlynch@gmail.com,newsletter,everyone,true
145068260,2024-05-28T18:28:57.695Z,briana.j.carroll@gmail.com,newsletter,everyone,true
145068260,2024-05-28T18:28:57.780Z,ahershmc@aol.com,newsletter,everyone,true
145068260,2024-05-28T18:28:57.877Z,alminivdmerwe@gmail.com,newsletter,everyone,true
145068260,2024-05-28T18:28:57.906Z,Nondescriptfaith@gmail.com,newsletter,everyone,true
145068260,2024-05-28T18:28:57.930Z,calebgrasse@gmail.com,newsletter,everyone,true
145068260,2024-05-28T18:28:57.931Z,djcart137@gmail.com,newsletter,everyone,true
145068260,2024-05-28T18:28:57.998Z,ianwilmoth@gmail.com,newsletter,everyone,true
145068260,2024-05-28T18:28:58.038Z,itzhak.samara@gmail.com,newsletter,everyone,true
145068260,2024-05-28T18:28:58.051Z,Twadley@gmail.com,newsletter,everyone,true
145068260,2024-05-28T18:28:58.270Z,mrnononsense02@gmail.com,newsletter,everyone,true
145068260,2024-05-28T18:28:58.295Z,adooleycox@gmail.com,newsletter,everyone,true
145068260,2024-05-28T18:28:58.340Z,nadahlberg@gmail.com,newsletter,everyone,true
145068260,2024-05-28T18:28:58.416Z,garfieldsam@gmail.com,newsletter,everyone,true
145068260,2024-05-28T18:28:58.455Z,justinaugustwellington@gmail.com,newsletter,everyone,true
145068260,2024-05-28T18:28:58.500Z,daniellemtobias@gmail.com,newsletter,everyone,true
145068260,2024-05-28T18:28:58.634Z,nicholasjohnsoneugene@gmail.com,newsletter,everyone,true
145068260,2024-05-28T18:29:01.373Z,skyjensen@icloud.com,newsletter,everyone,true
145068260,2024-05-28T18:29:01.698Z,rossllewallyn@proton.me,newsletter,everyone,true
