post_id,timestamp,email,post_type,post_audience,active_subscription
145038571,2024-05-27T21:17:39.102Z,Experimentalunit317@gmail.com,newsletter,everyone,false
145038571,2024-05-27T21:17:42.103Z,rimbsweiler@yahoo.com,newsletter,everyone,false
145038571,2024-05-27T21:17:42.778Z,dwightlyman@gmail.com,newsletter,everyone,true
145038571,2024-05-27T21:17:44.195Z,raynottwoodbead@gmail.com,newsletter,everyone,true
145038571,2024-05-27T21:17:44.312Z,beer64925@gmail.com,newsletter,everyone,true
145038571,2024-05-27T21:17:44.313Z,kalakaldruzuzu@gmail.com,newsletter,everyone,true
145038571,2024-05-27T21:17:44.316Z,3d0f86f2-e17f-4f2a-8ca5-154e98f6d68a@deletion-request.substack.com,newsletter,everyone,true
145038571,2024-05-27T21:17:44.423Z,zach.bartell.writer@gmail.com,newsletter,everyone,true
145038571,2024-05-27T21:17:44.568Z,kadirgemici066@gmail.com,newsletter,everyone,true
145038571,2024-05-27T21:17:44.782Z,mrnononsense02@gmail.com,newsletter,everyone,true
145038571,2024-05-27T21:17:46.974Z,apollohlynch@gmail.com,newsletter,everyone,true
145038571,2024-05-27T21:17:47.131Z,ianwilmoth@gmail.com,newsletter,everyone,true
145038571,2024-05-27T21:17:47.209Z,omarionburgess45@gmail.com,newsletter,everyone,true
145038571,2024-05-27T21:17:47.274Z,Nondescriptfaith@gmail.com,newsletter,everyone,true
145038571,2024-05-27T21:17:47.376Z,ahershmc@aol.com,newsletter,everyone,true
145038571,2024-05-27T21:17:47.413Z,tyrickstarksatt@gmail.com,newsletter,everyone,true
145038571,2024-05-27T21:17:47.415Z,calebgrasse@gmail.com,newsletter,everyone,true
145038571,2024-05-27T21:17:47.416Z,shien.getsuto@gmail.com,newsletter,everyone,true
145038571,2024-05-27T21:17:47.561Z,djcart137@gmail.com,newsletter,everyone,true
145038571,2024-05-27T21:17:47.563Z,briana.j.carroll@gmail.com,newsletter,everyone,true
145038571,2024-05-27T21:17:47.630Z,zutorilla@gmail.com,newsletter,everyone,true
145038571,2024-05-27T21:17:47.640Z,alminivdmerwe@gmail.com,newsletter,everyone,true
145038571,2024-05-27T21:17:47.694Z,itzhak.samara@gmail.com,newsletter,everyone,true
145038571,2024-05-27T21:17:47.807Z,Twadley@gmail.com,newsletter,everyone,true
145038571,2024-05-27T21:17:47.841Z,rimbsweiler@gmail.com,newsletter,everyone,true
145038571,2024-05-27T21:17:47.979Z,mooresie@outlook.com,newsletter,everyone,true
145038571,2024-05-27T21:17:48.808Z,adooleycox@gmail.com,newsletter,everyone,true
145038571,2024-05-27T21:17:48.876Z,justinaugustwellington@gmail.com,newsletter,everyone,true
145038571,2024-05-27T21:17:48.936Z,nicholasjohnsoneugene@gmail.com,newsletter,everyone,true
145038571,2024-05-27T21:17:49.005Z,nadahlberg@gmail.com,newsletter,everyone,true
145038571,2024-05-27T21:17:49.018Z,garfieldsam@gmail.com,newsletter,everyone,true
145038571,2024-05-27T21:17:49.104Z,daniellemtobias@gmail.com,newsletter,everyone,true
145038571,2024-05-27T21:17:50.621Z,skyjensen@icloud.com,newsletter,everyone,true
145038571,2024-05-27T21:17:51.294Z,rossllewallyn@proton.me,newsletter,everyone,true
