post_id,timestamp,email,post_type,post_audience,active_subscription
145025483,2024-05-27T15:48:51.495Z,Experimentalunit317@gmail.com,newsletter,everyone,false
145025483,2024-05-27T15:48:52.039Z,rimbsweiler@yahoo.com,newsletter,everyone,false
145025483,2024-05-27T15:48:53.285Z,dwightlyman@gmail.com,newsletter,everyone,true
145025483,2024-05-27T15:48:54.443Z,3d0f86f2-e17f-4f2a-8ca5-154e98f6d68a@deletion-request.substack.com,newsletter,everyone,true
145025483,2024-05-27T15:48:54.472Z,kadirgemici066@gmail.com,newsletter,everyone,true
145025483,2024-05-27T15:48:54.541Z,mrnononsense02@gmail.com,newsletter,everyone,true
145025483,2024-05-27T15:48:54.544Z,beer64925@gmail.com,newsletter,everyone,true
145025483,2024-05-27T15:48:54.549Z,kalakaldruzuzu@gmail.com,newsletter,everyone,true
145025483,2024-05-27T15:48:54.733Z,raynottwoodbead@gmail.com,newsletter,everyone,true
145025483,2024-05-27T15:48:54.832Z,zach.bartell.writer@gmail.com,newsletter,everyone,true
145025483,2024-05-27T15:48:55.455Z,djcart137@gmail.com,newsletter,everyone,true
145025483,2024-05-27T15:48:55.477Z,tyrickstarksatt@gmail.com,newsletter,everyone,true
145025483,2024-05-27T15:48:55.502Z,calebgrasse@gmail.com,newsletter,everyone,true
145025483,2024-05-27T15:48:55.638Z,mooresie@outlook.com,newsletter,everyone,true
145025483,2024-05-27T15:48:55.654Z,itzhak.samara@gmail.com,newsletter,everyone,true
145025483,2024-05-27T15:48:55.721Z,zutorilla@gmail.com,newsletter,everyone,true
145025483,2024-05-27T15:48:55.762Z,ianwilmoth@gmail.com,newsletter,everyone,true
145025483,2024-05-27T15:48:55.896Z,omarionburgess45@gmail.com,newsletter,everyone,true
145025483,2024-05-27T15:48:56.084Z,Twadley@gmail.com,newsletter,everyone,true
145025483,2024-05-27T15:48:56.090Z,ahershmc@aol.com,newsletter,everyone,true
145025483,2024-05-27T15:48:56.103Z,briana.j.carroll@gmail.com,newsletter,everyone,true
145025483,2024-05-27T15:48:56.125Z,rimbsweiler@gmail.com,newsletter,everyone,true
145025483,2024-05-27T15:48:56.176Z,Nondescriptfaith@gmail.com,newsletter,everyone,true
145025483,2024-05-27T15:48:56.191Z,alminivdmerwe@gmail.com,newsletter,everyone,true
145025483,2024-05-27T15:48:56.253Z,nadahlberg@gmail.com,newsletter,everyone,true
145025483,2024-05-27T15:48:56.289Z,daniellemtobias@gmail.com,newsletter,everyone,true
145025483,2024-05-27T15:48:56.301Z,justinaugustwellington@gmail.com,newsletter,everyone,true
145025483,2024-05-27T15:48:56.443Z,apollohlynch@gmail.com,newsletter,everyone,true
145025483,2024-05-27T15:48:56.455Z,garfieldsam@gmail.com,newsletter,everyone,true
145025483,2024-05-27T15:48:56.467Z,nicholasjohnsoneugene@gmail.com,newsletter,everyone,true
145025483,2024-05-27T15:48:57.184Z,adooleycox@gmail.com,newsletter,everyone,true
145025483,2024-05-27T15:48:57.489Z,skyjensen@icloud.com,newsletter,everyone,true
145025483,2024-05-27T15:48:59.054Z,rossllewallyn@proton.me,newsletter,everyone,true
145025483,2024-05-27T15:48:59.247Z,shien.getsuto@gmail.com,newsletter,everyone,true
