post_id,timestamp,email,post_type,post_audience,active_subscription
145032045,2024-05-27T17:47:45.884Z,Experimentalunit317@gmail.com,newsletter,everyone,false
145032045,2024-05-27T17:47:46.127Z,rimbsweiler@yahoo.com,newsletter,everyone,false
145032045,2024-05-27T17:47:46.777Z,dwightlyman@gmail.com,newsletter,everyone,true
145032045,2024-05-27T17:47:48.198Z,kadirgemici066@gmail.com,newsletter,everyone,true
145032045,2024-05-27T17:47:48.299Z,mrnononsense02@gmail.com,newsletter,everyone,true
145032045,2024-05-27T17:47:48.572Z,zach.bartell.writer@gmail.com,newsletter,everyone,true
145032045,2024-05-27T17:47:48.590Z,raynottwoodbead@gmail.com,newsletter,everyone,true
145032045,2024-05-27T17:47:48.860Z,kalakaldruzuzu@gmail.com,newsletter,everyone,true
145032045,2024-05-27T17:47:48.882Z,3d0f86f2-e17f-4f2a-8ca5-154e98f6d68a@deletion-request.substack.com,newsletter,everyone,true
145032045,2024-05-27T17:47:49.441Z,beer64925@gmail.com,newsletter,everyone,true
145032045,2024-05-27T17:47:50.126Z,nadahlberg@gmail.com,newsletter,everyone,true
145032045,2024-05-27T17:47:50.250Z,adooleycox@gmail.com,newsletter,everyone,true
145032045,2024-05-27T17:47:50.359Z,nicholasjohnsoneugene@gmail.com,newsletter,everyone,true
145032045,2024-05-27T17:47:50.371Z,daniellemtobias@gmail.com,newsletter,everyone,true
145032045,2024-05-27T17:47:50.530Z,garfieldsam@gmail.com,newsletter,everyone,true
145032045,2024-05-27T17:47:50.600Z,justinaugustwellington@gmail.com,newsletter,everyone,true
145032045,2024-05-27T17:47:51.216Z,rimbsweiler@gmail.com,newsletter,everyone,true
145032045,2024-05-27T17:47:51.307Z,mooresie@outlook.com,newsletter,everyone,true
145032045,2024-05-27T17:47:51.358Z,tyrickstarksatt@gmail.com,newsletter,everyone,true
145032045,2024-05-27T17:47:51.581Z,djcart137@gmail.com,newsletter,everyone,true
145032045,2024-05-27T17:47:51.607Z,Nondescriptfaith@gmail.com,newsletter,everyone,true
145032045,2024-05-27T17:47:51.704Z,ahershmc@aol.com,newsletter,everyone,true
145032045,2024-05-27T17:47:51.782Z,shien.getsuto@gmail.com,newsletter,everyone,true
145032045,2024-05-27T17:47:52.116Z,itzhak.samara@gmail.com,newsletter,everyone,true
145032045,2024-05-27T17:47:52.155Z,briana.j.carroll@gmail.com,newsletter,everyone,true
145032045,2024-05-27T17:47:52.424Z,zutorilla@gmail.com,newsletter,everyone,true
145032045,2024-05-27T17:47:52.479Z,apollohlynch@gmail.com,newsletter,everyone,true
145032045,2024-05-27T17:47:52.688Z,ianwilmoth@gmail.com,newsletter,everyone,true
145032045,2024-05-27T17:47:52.787Z,calebgrasse@gmail.com,newsletter,everyone,true
145032045,2024-05-27T17:47:52.875Z,omarionburgess45@gmail.com,newsletter,everyone,true
145032045,2024-05-27T17:47:52.899Z,Twadley@gmail.com,newsletter,everyone,true
145032045,2024-05-27T17:47:52.920Z,alminivdmerwe@gmail.com,newsletter,everyone,true
145032045,2024-05-27T17:47:53.160Z,rossllewallyn@proton.me,newsletter,everyone,true
145032045,2024-05-27T17:47:56.314Z,skyjensen@icloud.com,newsletter,everyone,true
