post_id,timestamp,email,post_type,post_audience,active_subscription,country,city,region,device_type,client_os,client_type,user_agent
145038571,2024-05-27T21:22:51.152Z,ianwilmoth@gmail.com,newsletter,everyone,true,US,,,,,,Mozilla/5.0 (Windows NT 5.1; rv:11.0) Gecko Firefox/11.0 (via ggpht.com GoogleImageProxy)
145038571,2024-05-27T21:28:50.615Z,omarionburgess45@gmail.com,newsletter,everyone,true,US,,,,,,Mozilla/5.0 (Windows NT 5.1; rv:11.0) Gecko Firefox/11.0 (via ggpht.com GoogleImageProxy)
145038571,2024-05-27T23:49:35.930Z,briana.j.carroll@gmail.com,newsletter,everyone,true,US,,,,,,Mozilla/5.0 (Windows NT 5.1; rv:11.0) Gecko Firefox/11.0 (via ggpht.com GoogleImageProxy)
145038571,2024-05-27T23:49:36.764Z,briana.j.carroll@gmail.com,newsletter,everyone,true,US,,,,,,Mozilla/5.0 (Windows NT 5.1; rv:11.0) Gecko Firefox/11.0 (via ggpht.com GoogleImageProxy)
145038571,2024-05-28T00:02:45.482Z,3d0f86f2-e17f-4f2a-8ca5-154e98f6d68a@deletion-request.substack.com,newsletter,everyone,true,US,,,,,,Mozilla/5.0 (Windows NT 5.1; rv:11.0) Gecko Firefox/11.0 (via ggpht.com GoogleImageProxy)
145038571,2024-05-28T00:19:19.806Z,beer64925@gmail.com,newsletter,everyone,true,US,,,,,,Mozilla/5.0 (Windows NT 5.1; rv:11.0) Gecko Firefox/11.0 (via ggpht.com GoogleImageProxy)
145038571,2024-05-28T01:06:47.659Z,garfieldsam@gmail.com,newsletter,everyone,true,US,,,,,,Mozilla/5.0 (Windows NT 5.1; rv:11.0) Gecko Firefox/11.0 (via ggpht.com GoogleImageProxy)
145038571,2024-05-28T02:36:19.335Z,skyjensen@icloud.com,newsletter,everyone,true,US,,,,,,Mozilla/5.0
145038571,2024-05-28T04:29:04.086Z,zutorilla@gmail.com,newsletter,everyone,true,US,,,,,,Mozilla/5.0 (Windows NT 5.1; rv:11.0) Gecko Firefox/11.0 (via ggpht.com GoogleImageProxy)
145038571,2024-05-28T04:29:39.534Z,zutorilla@gmail.com,newsletter,everyone,true,US,,,,,,Mozilla/5.0 (Windows NT 5.1; rv:11.0) Gecko Firefox/11.0 (via ggpht.com GoogleImageProxy)
145038571,2024-05-28T06:07:26.841Z,ianwilmoth@gmail.com,newsletter,everyone,true,US,,,,,,Mozilla/5.0
145038571,2024-05-28T06:10:23.093Z,zach.bartell.writer@gmail.com,newsletter,everyone,true,US,,,,,,Mozilla/5.0
145038571,2024-05-28T07:15:09.659Z,itzhak.samara@gmail.com,newsletter,everyone,true,US,,,,,,Mozilla/5.0 (Windows NT 5.1; rv:11.0) Gecko Firefox/11.0 (via ggpht.com GoogleImageProxy)
145038571,2024-05-28T11:46:33.595Z,rimbsweiler@yahoo.com,newsletter,everyone,false,US,,,,,,Mozilla/5.0
145038571,2024-05-28T19:12:28.666Z,alminivdmerwe@gmail.com,newsletter,everyone,true,LI,,,,,,Mozilla/5.0
145038571,2024-05-28T23:47:57.657Z,skyjensen@icloud.com,newsletter,everyone,true,US,,,,,,Mozilla/5.0
145038571,2024-05-31T06:11:44.735Z,dwightlyman@gmail.com,newsletter,everyone,true,US,,,,,,Mozilla/5.0
145038571,2024-06-05T06:12:35.306Z,skyjensen@icloud.com,newsletter,everyone,true,US,,,,,,Mozilla/5.0
