post_id,timestamp,email,post_type,post_audience,active_subscription,country,city,region,device_type,client_os,client_type,user_agent
145007217,2024-05-27T02:36:44.228Z,zach.bartell.writer@gmail.com,newsletter,everyone,true,US,,,,,,Mozilla/5.0
145007217,2024-05-27T02:49:08.972Z,tyrickstarksatt@gmail.com,newsletter,everyone,true,US,,,,,,Mozilla/5.0 (Windows NT 5.1; rv:11.0) Gecko Firefox/11.0 (via ggpht.com GoogleImageProxy)
145007217,2024-05-27T03:02:20.988Z,beer64925@gmail.com,newsletter,everyone,true,US,,,,,,Mozilla/5.0 (Windows NT 5.1; rv:11.0) Gecko Firefox/11.0 (via ggpht.com GoogleImageProxy)
145007217,2024-05-27T03:15:17.145Z,rimbsweiler@yahoo.com,newsletter,everyone,false,US,,,,,,Mozilla/5.0
145007217,2024-05-27T03:38:01.356Z,ianwilmoth@gmail.com,newsletter,everyone,true,US,,,,,,Mozilla/5.0
145007217,2024-05-27T03:41:26.292Z,adooleycox@gmail.com,newsletter,everyone,true,US,,,,,,Mozilla/5.0 (Windows NT 5.1; rv:11.0) Gecko Firefox/11.0 (via ggpht.com GoogleImageProxy)
145007217,2024-05-27T03:41:41.585Z,adooleycox@gmail.com,newsletter,everyone,true,US,,,,,,Mozilla/5.0 (Windows NT 5.1; rv:11.0) Gecko Firefox/11.0 (via ggpht.com GoogleImageProxy)
145007217,2024-05-27T05:20:36.389Z,skyjensen@icloud.com,newsletter,everyone,true,US,,,,,,Mozilla/5.0
145007217,2024-05-27T06:47:38.757Z,dwightlyman@gmail.com,newsletter,everyone,true,US,,,,,,Mozilla/5.0
145007217,2024-05-27T10:55:50.244Z,mrnononsense02@gmail.com,newsletter,everyone,true,US,,,,,,Mozilla/5.0 (Windows NT 5.1; rv:11.0) Gecko Firefox/11.0 (via ggpht.com GoogleImageProxy)
145007217,2024-05-27T17:08:28.874Z,skyjensen@icloud.com,newsletter,everyone,true,US,,,,,,Mozilla/5.0
145007217,2024-05-27T17:25:19.335Z,garfieldsam@gmail.com,newsletter,everyone,true,US,,,,,,Mozilla/5.0 (Windows NT 5.1; rv:11.0) Gecko Firefox/11.0 (via ggpht.com GoogleImageProxy)
145007217,2024-05-27T19:01:25.732Z,Experimentalunit317@gmail.com,newsletter,everyone,false,US,,,,,,Mozilla/5.0 (Windows NT 5.1; rv:11.0) Gecko Firefox/11.0 (via ggpht.com GoogleImageProxy)
145007217,2024-05-28T11:06:14.307Z,alminivdmerwe@gmail.com,newsletter,everyone,true,LI,,,,,,Mozilla/5.0
145007217,2024-05-28T17:19:45.930Z,nadahlberg@gmail.com,newsletter,everyone,true,US,,,,,,Mozilla/5.0
145007217,2024-05-31T07:21:53.260Z,dwightlyman@gmail.com,newsletter,everyone,true,US,,,,,,Mozilla/5.0
145007217,2024-06-05T06:12:35.308Z,skyjensen@icloud.com,newsletter,everyone,true,US,,,,,,Mozilla/5.0
145007217,2024-06-06T19:41:34.453Z,apollohlynch@gmail.com,newsletter,everyone,true,US,,,,,,Mozilla/5.0 (Windows NT 5.1; rv:11.0) Gecko Firefox/11.0 (via ggpht.com GoogleImageProxy)
