post_id,timestamp,email,post_type,post_audience,active_subscription,country,city,region,device_type,client_os,client_type,user_agent
145080971,2024-05-30T15:48:57.327Z,Experimentalunit317@gmail.com,newsletter,everyone,false,US,,,,,,Mozilla/5.0 (Windows NT 5.1; rv:11.0) Gecko Firefox/11.0 (via ggpht.com GoogleImageProxy)
145080971,2024-05-30T16:00:54.076Z,apollohlynch@gmail.com,newsletter,everyone,true,US,,,,,,Mozilla/5.0 (Windows NT 5.1; rv:11.0) Gecko Firefox/11.0 (via ggpht.com GoogleImageProxy)
145080971,2024-05-30T16:07:23.978Z,nicholasjohnsoneugene@gmail.com,newsletter,everyone,true,US,,,,,,Mozilla/5.0 (Windows NT 5.1; rv:11.0) Gecko Firefox/11.0 (via ggpht.com GoogleImageProxy)
145080971,2024-05-30T16:19:45.356Z,itzhak.samara@gmail.com,newsletter,everyone,true,US,,,,,,Mozilla/5.0 (Windows NT 5.1; rv:11.0) Gecko Firefox/11.0 (via ggpht.com GoogleImageProxy)
145080971,2024-05-30T17:34:14.693Z,omarionburgess45@gmail.com,newsletter,everyone,true,US,,,,,,Mozilla/5.0 (Windows NT 5.1; rv:11.0) Gecko Firefox/11.0 (via ggpht.com GoogleImageProxy)
145080971,2024-05-30T18:00:30.048Z,garfieldsam@gmail.com,newsletter,everyone,true,US,,,,,,Mozilla/5.0 (Windows NT 5.1; rv:11.0) Gecko Firefox/11.0 (via ggpht.com GoogleImageProxy)
145080971,2024-05-30T18:21:13.787Z,zach.bartell.writer@gmail.com,newsletter,everyone,true,US,,,,,,"Mozilla/5.0 (Macintosh; Intel Mac OS X 10_15_7) AppleWebKit/605.1.15 (KHTML, like Gecko)"
145080971,2024-05-30T18:42:54.477Z,skyjensen@icloud.com,newsletter,everyone,true,US,,,,,,Mozilla/5.0
145080971,2024-05-30T21:06:39.406Z,alminivdmerwe@gmail.com,newsletter,everyone,true,LI,,,,,,Mozilla/5.0
145080971,2024-05-30T22:24:41.995Z,tyrickstarksatt@gmail.com,newsletter,everyone,true,US,,,,,,Mozilla/5.0 (Windows NT 5.1; rv:11.0) Gecko Firefox/11.0 (via ggpht.com GoogleImageProxy)
145080971,2024-05-30T22:24:43.618Z,tyrickstarksatt@gmail.com,newsletter,everyone,true,US,,,,,,Mozilla/5.0 (Windows NT 5.1; rv:11.0) Gecko Firefox/11.0 (via ggpht.com GoogleImageProxy)
145080971,2024-05-30T22:26:53.337Z,ianwilmoth@gmail.com,newsletter,everyone,true,US,,,,,,Mozilla/5.0
145080971,2024-05-31T03:14:42.568Z,dwightlyman@gmail.com,newsletter,everyone,true,US,,,,,,Mozilla/5.0
145080971,2024-05-31T09:03:17.587Z,zach.bartell.writer@gmail.com,newsletter,everyone,true,US,,,,,,Mozilla/5.0
145080971,2024-05-31T13:25:29.601Z,omarionburgess45@gmail.com,newsletter,everyone,true,US,,,,,,Mozilla/5.0 (Windows NT 5.1; rv:11.0) Gecko Firefox/11.0 (via ggpht.com GoogleImageProxy)
145080971,2024-05-31T18:43:17.405Z,rimbsweiler@yahoo.com,newsletter,everyone,false,US,,,,,,Mozilla/5.0
145080971,2024-06-01T01:20:25.994Z,Experimentalunit317@gmail.com,newsletter,everyone,false,US,,,,,,Mozilla/5.0 (Windows NT 5.1; rv:11.0) Gecko Firefox/11.0 (via ggpht.com GoogleImageProxy)
145080971,2024-06-04T16:43:21.864Z,skyjensen@icloud.com,newsletter,everyone,true,US,,,,,,Mozilla/5.0
145080971,2024-06-05T01:24:35.258Z,apollohlynch@gmail.com,newsletter,everyone,true,US,,,,,,Mozilla/5.0 (Windows NT 5.1; rv:11.0) Gecko Firefox/11.0 (via ggpht.com GoogleImageProxy)
145080971,2024-06-05T06:12:35.304Z,skyjensen@icloud.com,newsletter,everyone,true,US,,,,,,Mozilla/5.0
145080971,2024-06-06T01:19:33.207Z,apollohlynch@gmail.com,newsletter,everyone,true,US,,,,,,Mozilla/5.0 (Windows NT 5.1; rv:11.0) Gecko Firefox/11.0 (via ggpht.com GoogleImageProxy)
145080971,2024-06-06T01:24:12.373Z,tyrickstarksatt@gmail.com,newsletter,everyone,true,US,,,,,,Mozilla/5.0 (Windows NT 5.1; rv:11.0) Gecko Firefox/11.0 (via ggpht.com GoogleImageProxy)
145080971,2024-06-06T19:41:26.123Z,apollohlynch@gmail.com,newsletter,everyone,true,US,,,,,,Mozilla/5.0 (Windows NT 5.1; rv:11.0) Gecko Firefox/11.0 (via ggpht.com GoogleImageProxy)
