post_id,timestamp,email,post_type,post_audience,active_subscription
145066021,2024-05-28T17:08:18.900Z,Experimentalunit317@gmail.com,newsletter,everyone,false
145066021,2024-05-28T17:08:19.686Z,rimbsweiler@yahoo.com,newsletter,everyone,false
145066021,2024-05-28T17:08:21.110Z,dwightlyman@gmail.com,newsletter,everyone,true
145066021,2024-05-28T17:08:21.436Z,kadirgemici066@gmail.com,newsletter,everyone,true
145066021,2024-05-28T17:08:22.043Z,zach.bartell.writer@gmail.com,newsletter,everyone,true
145066021,2024-05-28T17:08:22.115Z,3d0f86f2-e17f-4f2a-8ca5-154e98f6d68a@deletion-request.substack.com,newsletter,everyone,true
145066021,2024-05-28T17:08:22.118Z,kalakaldruzuzu@gmail.com,newsletter,everyone,true
145066021,2024-05-28T17:08:22.163Z,raynottwoodbead@gmail.com,newsletter,everyone,true
145066021,2024-05-28T17:08:22.267Z,beer64925@gmail.com,newsletter,everyone,true
145066021,2024-05-28T17:08:22.406Z,mrnononsense02@gmail.com,newsletter,everyone,true
145066021,2024-05-28T17:08:23.072Z,Twadley@gmail.com,newsletter,everyone,true
145066021,2024-05-28T17:08:23.299Z,shien.getsuto@gmail.com,newsletter,everyone,true
145066021,2024-05-28T17:08:23.453Z,ianwilmoth@gmail.com,newsletter,everyone,true
145066021,2024-05-28T17:08:23.522Z,ahershmc@aol.com,newsletter,everyone,true
145066021,2024-05-28T17:08:23.540Z,itzhak.samara@gmail.com,newsletter,everyone,true
145066021,2024-05-28T17:08:23.600Z,rimbsweiler@gmail.com,newsletter,everyone,true
145066021,2024-05-28T17:08:23.628Z,calebgrasse@gmail.com,newsletter,everyone,true
145066021,2024-05-28T17:08:23.681Z,alminivdmerwe@gmail.com,newsletter,everyone,true
145066021,2024-05-28T17:08:23.734Z,briana.j.carroll@gmail.com,newsletter,everyone,true
145066021,2024-05-28T17:08:23.810Z,Nondescriptfaith@gmail.com,newsletter,everyone,true
145066021,2024-05-28T17:08:23.923Z,omarionburgess45@gmail.com,newsletter,everyone,true
145066021,2024-05-28T17:08:23.925Z,tyrickstarksatt@gmail.com,newsletter,everyone,true
145066021,2024-05-28T17:08:24.043Z,garfieldsam@gmail.com,newsletter,everyone,true
145066021,2024-05-28T17:08:24.100Z,nicholasjohnsoneugene@gmail.com,newsletter,everyone,true
145066021,2024-05-28T17:08:24.111Z,apollohlynch@gmail.com,newsletter,everyone,true
145066021,2024-05-28T17:08:24.147Z,nadahlberg@gmail.com,newsletter,everyone,true
145066021,2024-05-28T17:08:24.150Z,daniellemtobias@gmail.com,newsletter,everyone,true
145066021,2024-05-28T17:08:24.167Z,adooleycox@gmail.com,newsletter,everyone,true
145066021,2024-05-28T17:08:24.170Z,justinaugustwellington@gmail.com,newsletter,everyone,true
145066021,2024-05-28T17:08:24.239Z,djcart137@gmail.com,newsletter,everyone,true
145066021,2024-05-28T17:08:24.879Z,mooresie@outlook.com,newsletter,everyone,true
145066021,2024-05-28T17:08:27.404Z,skyjensen@icloud.com,newsletter,everyone,true
145066021,2024-05-28T17:08:28.712Z,zutorilla@gmail.com,newsletter,everyone,true
145066021,2024-05-28T17:08:28.949Z,rossllewallyn@proton.me,newsletter,everyone,true
