post_id,timestamp,email,post_type,post_audience,active_subscription,country,city,region,device_type,client_os,client_type,user_agent
145045754,2024-05-28T02:18:59.984Z,beer64925@gmail.com,newsletter,everyone,true,US,,,,,,Mozilla/5.0 (Windows NT 5.1; rv:11.0) Gecko Firefox/11.0 (via ggpht.com GoogleImageProxy)
145045754,2024-05-28T04:28:23.354Z,skyjensen@icloud.com,newsletter,everyone,true,US,,,,,,Mozilla/5.0
145045754,2024-05-28T05:21:53.305Z,zach.bartell.writer@gmail.com,newsletter,everyone,true,US,,,,,,"Mozilla/5.0 (Macintosh; Intel Mac OS X 10_15_7) AppleWebKit/605.1.15 (KHTML, like Gecko)"
145045754,2024-05-28T06:07:26.841Z,ianwilmoth@gmail.com,newsletter,everyone,true,US,,,,,,Mozilla/5.0
145045754,2024-05-28T06:10:23.092Z,zach.bartell.writer@gmail.com,newsletter,everyone,true,US,,,,,,Mozilla/5.0
145045754,2024-05-28T07:11:12.647Z,adooleycox@gmail.com,newsletter,everyone,true,US,,,,,,Mozilla/5.0 (Windows NT 5.1; rv:11.0) Gecko Firefox/11.0 (via ggpht.com GoogleImageProxy)
145045754,2024-05-28T07:14:15.325Z,itzhak.samara@gmail.com,newsletter,everyone,true,US,,,,,,Mozilla/5.0 (Windows NT 5.1; rv:11.0) Gecko Firefox/11.0 (via ggpht.com GoogleImageProxy)
145045754,2024-05-28T11:45:14.571Z,rimbsweiler@yahoo.com,newsletter,everyone,false,US,,,,,,Mozilla/5.0
145045754,2024-05-28T19:12:28.664Z,alminivdmerwe@gmail.com,newsletter,everyone,true,LI,,,,,,Mozilla/5.0
145045754,2024-05-28T19:19:04.346Z,apollohlynch@gmail.com,newsletter,everyone,true,US,,,,,,Mozilla/5.0 (Windows NT 5.1; rv:11.0) Gecko Firefox/11.0 (via ggpht.com GoogleImageProxy)
145045754,2024-05-28T19:49:28.500Z,zach.bartell.writer@gmail.com,newsletter,everyone,true,US,,,,,,"Mozilla/5.0 (Macintosh; Intel Mac OS X 10_15_7) AppleWebKit/605.1.15 (KHTML, like Gecko)"
145045754,2024-05-28T23:44:53.236Z,skyjensen@icloud.com,newsletter,everyone,true,US,,,,,,Mozilla/5.0
145045754,2024-05-29T03:15:05.998Z,zach.bartell.writer@gmail.com,newsletter,everyone,true,US,,,,,,"Mozilla/5.0 (Macintosh; Intel Mac OS X 10_15_7) AppleWebKit/605.1.15 (KHTML, like Gecko)"
145045754,2024-05-31T06:11:44.734Z,dwightlyman@gmail.com,newsletter,everyone,true,US,,,,,,Mozilla/5.0
145045754,2024-06-05T06:12:35.305Z,skyjensen@icloud.com,newsletter,everyone,true,US,,,,,,Mozilla/5.0
