post_id,timestamp,email,post_type,post_audience,active_subscription,country,city,region,device_type,client_os,client_type,user_agent
145001953,2024-05-26T19:12:33.788Z,ianwilmoth@gmail.com,newsletter,everyone,true,US,,,,,,Mozilla/5.0
145001953,2024-05-26T19:20:54.826Z,skyjensen@icloud.com,newsletter,everyone,true,US,,,,,,Mozilla/5.0
145001953,2024-05-26T19:21:12.721Z,omarionburgess45@gmail.com,newsletter,everyone,true,US,,,,,,Mozilla/5.0 (Windows NT 5.1; rv:11.0) Gecko Firefox/11.0 (via ggpht.com GoogleImageProxy)
145001953,2024-05-26T19:43:18.880Z,alminivdmerwe@gmail.com,newsletter,everyone,true,LI,,,,,,Mozilla/5.0
145001953,2024-05-26T19:45:01.207Z,zach.bartell.writer@gmail.com,newsletter,everyone,true,US,,,,,,Mozilla/5.0
145001953,2024-05-26T19:50:00.529Z,omarionburgess45@gmail.com,newsletter,everyone,true,US,,,,,,Mozilla/5.0 (Windows NT 5.1; rv:11.0) Gecko Firefox/11.0 (via ggpht.com GoogleImageProxy)
145001953,2024-05-26T19:57:12.801Z,Experimentalunit317@gmail.com,newsletter,everyone,false,US,,,,,,Mozilla/5.0 (Windows NT 5.1; rv:11.0) Gecko Firefox/11.0 (via ggpht.com GoogleImageProxy)
145001953,2024-05-26T21:19:53.888Z,garfieldsam@gmail.com,newsletter,everyone,true,US,,,,,,Mozilla/5.0 (Windows NT 5.1; rv:11.0) Gecko Firefox/11.0 (via ggpht.com GoogleImageProxy)
145001953,2024-05-27T01:51:46.465Z,rimbsweiler@yahoo.com,newsletter,everyone,false,US,,,,,,Mozilla/5.0
145001953,2024-05-27T02:46:15.796Z,dwightlyman@gmail.com,newsletter,everyone,true,US,,,,,,Mozilla/5.0
145001953,2024-05-27T02:49:09.630Z,tyrickstarksatt@gmail.com,newsletter,everyone,true,US,,,,,,Mozilla/5.0 (Windows NT 5.1; rv:11.0) Gecko Firefox/11.0 (via ggpht.com GoogleImageProxy)
145001953,2024-05-27T07:53:46.758Z,zutorilla@gmail.com,newsletter,everyone,true,US,,,,,,Mozilla/5.0 (Windows NT 5.1; rv:11.0) Gecko Firefox/11.0 (via ggpht.com GoogleImageProxy)
145001953,2024-05-27T08:00:54.595Z,dwightlyman@gmail.com,newsletter,everyone,true,US,,,,,,Mozilla/5.0
145001953,2024-05-27T15:59:58.903Z,skyjensen@icloud.com,newsletter,everyone,true,US,,,,,,Mozilla/5.0
145001953,2024-05-28T17:19:45.931Z,nadahlberg@gmail.com,newsletter,everyone,true,US,,,,,,Mozilla/5.0
145001953,2024-05-29T00:55:41.442Z,apollohlynch@gmail.com,newsletter,everyone,true,US,,,,,,Mozilla/5.0 (Windows NT 5.1; rv:11.0) Gecko Firefox/11.0 (via ggpht.com GoogleImageProxy)
145001953,2024-05-31T07:46:30.215Z,dwightlyman@gmail.com,newsletter,everyone,true,US,,,,,,Mozilla/5.0
