post_id,timestamp,email,post_type,post_audience,active_subscription
145036324,2024-05-27T20:02:39.439Z,Experimentalunit317@gmail.com,newsletter,everyone,false
145036324,2024-05-27T20:02:41.761Z,rimbsweiler@yahoo.com,newsletter,everyone,false
145036324,2024-05-27T20:02:42.489Z,dwightlyman@gmail.com,newsletter,everyone,true
145036324,2024-05-27T20:02:43.389Z,kadirgemici066@gmail.com,newsletter,everyone,true
145036324,2024-05-27T20:02:43.494Z,mrnononsense02@gmail.com,newsletter,everyone,true
145036324,2024-05-27T20:02:44.520Z,zach.bartell.writer@gmail.com,newsletter,everyone,true
145036324,2024-05-27T20:02:44.611Z,raynottwoodbead@gmail.com,newsletter,everyone,true
145036324,2024-05-27T20:02:44.763Z,kalakaldruzuzu@gmail.com,newsletter,everyone,true
145036324,2024-05-27T20:02:44.789Z,3d0f86f2-e17f-4f2a-8ca5-154e98f6d68a@deletion-request.substack.com,newsletter,everyone,true
145036324,2024-05-27T20:02:45.035Z,beer64925@gmail.com,newsletter,everyone,true
145036324,2024-05-27T20:02:45.070Z,garfieldsam@gmail.com,newsletter,everyone,true
145036324,2024-05-27T20:02:45.118Z,ianwilmoth@gmail.com,newsletter,everyone,true
145036324,2024-05-27T20:02:45.118Z,Twadley@gmail.com,newsletter,everyone,true
145036324,2024-05-27T20:02:45.142Z,shien.getsuto@gmail.com,newsletter,everyone,true
145036324,2024-05-27T20:02:45.167Z,daniellemtobias@gmail.com,newsletter,everyone,true
145036324,2024-05-27T20:02:45.171Z,omarionburgess45@gmail.com,newsletter,everyone,true
145036324,2024-05-27T20:02:45.189Z,zutorilla@gmail.com,newsletter,everyone,true
145036324,2024-05-27T20:02:45.201Z,justinaugustwellington@gmail.com,newsletter,everyone,true
145036324,2024-05-27T20:02:45.229Z,itzhak.samara@gmail.com,newsletter,everyone,true
145036324,2024-05-27T20:02:45.246Z,djcart137@gmail.com,newsletter,everyone,true
145036324,2024-05-27T20:02:45.251Z,nadahlberg@gmail.com,newsletter,everyone,true
145036324,2024-05-27T20:02:45.318Z,nicholasjohnsoneugene@gmail.com,newsletter,everyone,true
145036324,2024-05-27T20:02:45.366Z,calebgrasse@gmail.com,newsletter,everyone,true
145036324,2024-05-27T20:02:45.372Z,ahershmc@aol.com,newsletter,everyone,true
145036324,2024-05-27T20:02:45.416Z,rimbsweiler@gmail.com,newsletter,everyone,true
145036324,2024-05-27T20:02:45.554Z,tyrickstarksatt@gmail.com,newsletter,everyone,true
145036324,2024-05-27T20:02:45.609Z,adooleycox@gmail.com,newsletter,everyone,true
145036324,2024-05-27T20:02:45.635Z,apollohlynch@gmail.com,newsletter,everyone,true
145036324,2024-05-27T20:02:45.711Z,mooresie@outlook.com,newsletter,everyone,true
145036324,2024-05-27T20:02:45.728Z,alminivdmerwe@gmail.com,newsletter,everyone,true
145036324,2024-05-27T20:02:45.829Z,Nondescriptfaith@gmail.com,newsletter,everyone,true
145036324,2024-05-27T20:02:46.887Z,briana.j.carroll@gmail.com,newsletter,everyone,true
145036324,2024-05-27T20:02:47.336Z,skyjensen@icloud.com,newsletter,everyone,true
145036324,2024-05-27T20:02:51.777Z,rossllewallyn@proton.me,newsletter,everyone,true
