post_id,timestamp,email,post_type,post_audience,active_subscription
145007217,2024-05-27T02:29:42.947Z,Experimentalunit317@gmail.com,newsletter,everyone,false
145007217,2024-05-27T02:29:44.302Z,rimbsweiler@yahoo.com,newsletter,everyone,false
145007217,2024-05-27T02:29:44.943Z,dwightlyman@gmail.com,newsletter,everyone,true
145007217,2024-05-27T02:29:45.883Z,beer64925@gmail.com,newsletter,everyone,true
145007217,2024-05-27T02:29:45.988Z,kalakaldruzuzu@gmail.com,newsletter,everyone,true
145007217,2024-05-27T02:29:46.101Z,zach.bartell.writer@gmail.com,newsletter,everyone,true
145007217,2024-05-27T02:29:46.268Z,3d0f86f2-e17f-4f2a-8ca5-154e98f6d68a@deletion-request.substack.com,newsletter,everyone,true
145007217,2024-05-27T02:29:46.272Z,raynottwoodbead@gmail.com,newsletter,everyone,true
145007217,2024-05-27T02:29:47.165Z,ahershmc@aol.com,newsletter,everyone,true
145007217,2024-05-27T02:29:47.501Z,omarionburgess45@gmail.com,newsletter,everyone,true
145007217,2024-05-27T02:29:47.523Z,briana.j.carroll@gmail.com,newsletter,everyone,true
145007217,2024-05-27T02:29:47.587Z,itzhak.samara@gmail.com,newsletter,everyone,true
145007217,2024-05-27T02:29:47.591Z,zutorilla@gmail.com,newsletter,everyone,true
145007217,2024-05-27T02:29:47.638Z,apollohlynch@gmail.com,newsletter,everyone,true
145007217,2024-05-27T02:29:47.688Z,alminivdmerwe@gmail.com,newsletter,everyone,true
145007217,2024-05-27T02:29:47.737Z,tyrickstarksatt@gmail.com,newsletter,everyone,true
145007217,2024-05-27T02:29:47.804Z,Twadley@gmail.com,newsletter,everyone,true
145007217,2024-05-27T02:29:47.948Z,djcart137@gmail.com,newsletter,everyone,true
145007217,2024-05-27T02:29:47.956Z,skyjensen@icloud.com,newsletter,everyone,true
145007217,2024-05-27T02:29:48.050Z,ianwilmoth@gmail.com,newsletter,everyone,true
145007217,2024-05-27T02:29:48.094Z,mooresie@outlook.com,newsletter,everyone,true
145007217,2024-05-27T02:29:48.100Z,kadirgemici066@gmail.com,newsletter,everyone,true
145007217,2024-05-27T02:29:48.126Z,shien.getsuto@gmail.com,newsletter,everyone,true
145007217,2024-05-27T02:29:48.154Z,rimbsweiler@gmail.com,newsletter,everyone,true
145007217,2024-05-27T02:29:48.215Z,Nondescriptfaith@gmail.com,newsletter,everyone,true
145007217,2024-05-27T02:29:48.217Z,garfieldsam@gmail.com,newsletter,everyone,true
145007217,2024-05-27T02:29:48.221Z,mrnononsense02@gmail.com,newsletter,everyone,true
145007217,2024-05-27T02:29:48.226Z,adooleycox@gmail.com,newsletter,everyone,true
145007217,2024-05-27T02:29:48.290Z,daniellemtobias@gmail.com,newsletter,everyone,true
145007217,2024-05-27T02:29:48.311Z,calebgrasse@gmail.com,newsletter,everyone,true
145007217,2024-05-27T02:29:48.321Z,nicholasjohnsoneugene@gmail.com,newsletter,everyone,true
145007217,2024-05-27T02:29:48.427Z,nadahlberg@gmail.com,newsletter,everyone,true
145007217,2024-05-27T02:29:48.763Z,justinaugustwellington@gmail.com,newsletter,everyone,true
145007217,2024-05-27T02:29:50.454Z,rossllewallyn@proton.me,newsletter,everyone,true
