post_id,timestamp,email,post_type,post_audience,active_subscription
145080245,2025-02-09T20:47:55.100Z,raynottwoodbead@gmail.com,newsletter,everyone,true
145080245,2025-02-09T20:47:55.129Z,3d0f86f2-e17f-4f2a-8ca5-154e98f6d68a@deletion-request.substack.com,newsletter,everyone,true
145080245,2025-02-09T20:47:55.133Z,djcart137@gmail.com,newsletter,everyone,true
145080245,2025-02-09T20:47:55.243Z,mrnononsense02@gmail.com,newsletter,everyone,true
145080245,2025-02-09T20:47:55.293Z,gdg2018mm5@gmail.com,newsletter,everyone,true
145080245,2025-02-09T20:47:55.294Z,nathanhaile11@gmail.com,newsletter,everyone,true
145080245,2025-02-09T20:47:55.365Z,lennoxgravox@gmail.com,newsletter,everyone,true
145080245,2025-02-09T20:47:55.383Z,evangelinepressblog@gmail.com,newsletter,everyone,true
145080245,2025-02-09T20:47:55.401Z,kadirgemici066@gmail.com,newsletter,everyone,true
145080245,2025-02-09T20:47:55.430Z,Experimentalunit317@gmail.com,newsletter,everyone,false
145080245,2025-02-09T20:47:55.435Z,justinaugustwellington@gmail.com,newsletter,everyone,true
145080245,2025-02-09T20:47:55.459Z,bky074a@gmail.com,newsletter,everyone,true
145080245,2025-02-09T20:47:55.642Z,kalakaldruzuzu@gmail.com,newsletter,everyone,true
145080245,2025-02-09T20:47:55.653Z,mileswilsondc@gmail.com,newsletter,everyone,true
145080245,2025-02-09T20:47:55.810Z,beer64925@gmail.com,newsletter,everyone,true
145080245,2025-02-09T20:47:55.840Z,dwightlyman@gmail.com,newsletter,everyone,true
145080245,2025-02-09T20:47:55.847Z,zach.bartell.writer@gmail.com,newsletter,everyone,true
145080245,2025-02-09T20:47:55.977Z,beansocolofsky@gmail.com,newsletter,everyone,true
145080245,2025-02-09T20:47:56.119Z,apollohlynch@gmail.com,newsletter,everyone,true
145080245,2025-02-09T20:47:56.130Z,adooleycox@gmail.com,newsletter,everyone,true
145080245,2025-02-09T20:47:56.150Z,rimbsweiler@gmail.com,newsletter,everyone,true
145080245,2025-02-09T20:47:56.155Z,Twadley@gmail.com,newsletter,everyone,true
145080245,2025-02-09T20:47:56.165Z,briana.j.carroll@gmail.com,newsletter,everyone,true
145080245,2025-02-09T20:47:56.215Z,calebgrasse@gmail.com,newsletter,everyone,true
145080245,2025-02-09T20:47:56.284Z,rwlbmitchell@gmail.com,newsletter,everyone,true
145080245,2025-02-09T20:47:56.315Z,semakpa@gmail.com,newsletter,everyone,true
145080245,2025-02-09T20:47:56.334Z,shien.getsuto@gmail.com,newsletter,everyone,true
145080245,2025-02-09T20:47:56.336Z,itzhak.samara@gmail.com,newsletter,everyone,true
145080245,2025-02-09T20:47:56.346Z,harrisbrian321@gmail.com,newsletter,everyone,true
145080245,2025-02-09T20:47:56.352Z,virknavkaur@gmail.com,newsletter,everyone,true
145080245,2025-02-09T20:47:56.401Z,growlyted@gmail.com,newsletter,everyone,true
145080245,2025-02-09T20:47:56.800Z,rimbsweiler@yahoo.com,newsletter,everyone,false
145080245,2025-02-09T20:47:56.916Z,zutorilla@gmail.com,newsletter,everyone,true
145080245,2025-02-09T20:47:56.930Z,alminivdmerwe@gmail.com,newsletter,everyone,true
145080245,2025-02-09T20:47:56.967Z,ianwilmoth@gmail.com,newsletter,everyone,true
145080245,2025-02-09T20:47:57.009Z,jasontrew@gmail.com,newsletter,everyone,true
145080245,2025-02-09T20:47:57.203Z,ahershmc@aol.com,newsletter,everyone,true
145080245,2025-02-09T20:47:57.236Z,ozs2@cornell.edu,newsletter,everyone,true
145080245,2025-02-09T20:47:57.344Z,skyjensen@icloud.com,newsletter,everyone,true
145080245,2025-02-09T20:47:57.401Z,borealspain@yahoo.co.uk,newsletter,everyone,true
145080245,2025-02-09T20:47:57.455Z,ptdaris@uol.com.br,newsletter,everyone,true
145080245,2025-02-09T20:47:57.741Z,theory.nifty438@passinbox.com,newsletter,everyone,true
145080245,2025-02-09T20:48:00.752Z,dennis@burns.org,newsletter,everyone,true
