post_id,timestamp,email,post_type,post_audience,active_subscription
145080971,2024-05-30T15:42:36.151Z,Experimentalunit317@gmail.com,newsletter,everyone,false
145080971,2024-05-30T15:42:37.560Z,rimbsweiler@yahoo.com,newsletter,everyone,false
145080971,2024-05-30T15:42:37.901Z,dwightlyman@gmail.com,newsletter,everyone,true
145080971,2024-05-30T15:42:38.477Z,kalakaldruzuzu@gmail.com,newsletter,everyone,true
145080971,2024-05-30T15:42:38.537Z,3d0f86f2-e17f-4f2a-8ca5-154e98f6d68a@deletion-request.substack.com,newsletter,everyone,true
145080971,2024-05-30T15:42:38.556Z,raynottwoodbead@gmail.com,newsletter,everyone,true
145080971,2024-05-30T15:42:38.627Z,mrnononsense02@gmail.com,newsletter,everyone,true
145080971,2024-05-30T15:42:38.655Z,kadirgemici066@gmail.com,newsletter,everyone,true
145080971,2024-05-30T15:42:38.703Z,zach.bartell.writer@gmail.com,newsletter,everyone,true
145080971,2024-05-30T15:42:39.237Z,Twadley@gmail.com,newsletter,everyone,true
145080971,2024-05-30T15:42:39.298Z,calebgrasse@gmail.com,newsletter,everyone,true
145080971,2024-05-30T15:42:39.308Z,briana.j.carroll@gmail.com,newsletter,everyone,true
145080971,2024-05-30T15:42:39.351Z,rimbsweiler@gmail.com,newsletter,everyone,true
145080971,2024-05-30T15:42:39.357Z,itzhak.samara@gmail.com,newsletter,everyone,true
145080971,2024-05-30T15:42:39.390Z,omarionburgess45@gmail.com,newsletter,everyone,true
145080971,2024-05-30T15:42:39.405Z,shien.getsuto@gmail.com,newsletter,everyone,true
145080971,2024-05-30T15:42:39.431Z,zutorilla@gmail.com,newsletter,everyone,true
145080971,2024-05-30T15:42:39.456Z,djcart137@gmail.com,newsletter,everyone,true
145080971,2024-05-30T15:42:39.463Z,ianwilmoth@gmail.com,newsletter,everyone,true
145080971,2024-05-30T15:42:39.609Z,apollohlynch@gmail.com,newsletter,everyone,true
145080971,2024-05-30T15:42:39.707Z,alminivdmerwe@gmail.com,newsletter,everyone,true
145080971,2024-05-30T15:42:39.762Z,tyrickstarksatt@gmail.com,newsletter,everyone,true
145080971,2024-05-30T15:42:39.859Z,Nondescriptfaith@gmail.com,newsletter,everyone,true
145080971,2024-05-30T15:42:40.007Z,ahershmc@aol.com,newsletter,everyone,true
145080971,2024-05-30T15:42:40.187Z,nicholasjohnsoneugene@gmail.com,newsletter,everyone,true
145080971,2024-05-30T15:42:40.215Z,daniellemtobias@gmail.com,newsletter,everyone,true
145080971,2024-05-30T15:42:40.243Z,beer64925@gmail.com,newsletter,everyone,true
145080971,2024-05-30T15:42:40.244Z,justinaugustwellington@gmail.com,newsletter,everyone,true
145080971,2024-05-30T15:42:40.263Z,garfieldsam@gmail.com,newsletter,everyone,true
145080971,2024-05-30T15:42:40.263Z,adooleycox@gmail.com,newsletter,everyone,true
145080971,2024-05-30T15:42:40.396Z,nadahlberg@gmail.com,newsletter,everyone,true
145080971,2024-05-30T15:42:43.452Z,rossllewallyn@proton.me,newsletter,everyone,true
145080971,2024-05-30T15:42:43.871Z,skyjensen@icloud.com,newsletter,everyone,true
