post_id,timestamp,email,post_type,post_audience,active_subscription
145001953,2024-05-26T18:47:35.133Z,Experimentalunit317@gmail.com,newsletter,everyone,false
145001953,2024-05-26T18:47:35.755Z,rimbsweiler@yahoo.com,newsletter,everyone,false
145001953,2024-05-26T18:47:38.876Z,dwightlyman@gmail.com,newsletter,everyone,true
145001953,2024-05-26T18:47:40.843Z,kalakaldruzuzu@gmail.com,newsletter,everyone,true
145001953,2024-05-26T18:47:40.864Z,beer64925@gmail.com,newsletter,everyone,true
145001953,2024-05-26T18:47:40.866Z,raynottwoodbead@gmail.com,newsletter,everyone,true
145001953,2024-05-26T18:47:40.871Z,3d0f86f2-e17f-4f2a-8ca5-154e98f6d68a@deletion-request.substack.com,newsletter,everyone,true
145001953,2024-05-26T18:47:40.959Z,zach.bartell.writer@gmail.com,newsletter,everyone,true
145001953,2024-05-26T18:47:41.338Z,mrnononsense02@gmail.com,newsletter,everyone,true
145001953,2024-05-26T18:47:41.406Z,kadirgemici066@gmail.com,newsletter,everyone,true
145001953,2024-05-26T18:47:41.784Z,briana.j.carroll@gmail.com,newsletter,everyone,true
145001953,2024-05-26T18:47:41.861Z,zutorilla@gmail.com,newsletter,everyone,true
145001953,2024-05-26T18:47:41.866Z,omarionburgess45@gmail.com,newsletter,everyone,true
145001953,2024-05-26T18:47:41.877Z,itzhak.samara@gmail.com,newsletter,everyone,true
145001953,2024-05-26T18:47:41.883Z,alminivdmerwe@gmail.com,newsletter,everyone,true
145001953,2024-05-26T18:47:41.911Z,calebgrasse@gmail.com,newsletter,everyone,true
145001953,2024-05-26T18:47:41.938Z,rimbsweiler@gmail.com,newsletter,everyone,true
145001953,2024-05-26T18:47:41.964Z,ianwilmoth@gmail.com,newsletter,everyone,true
145001953,2024-05-26T18:47:41.996Z,shien.getsuto@gmail.com,newsletter,everyone,true
145001953,2024-05-26T18:47:42.024Z,Twadley@gmail.com,newsletter,everyone,true
145001953,2024-05-26T18:47:42.030Z,apollohlynch@gmail.com,newsletter,everyone,true
145001953,2024-05-26T18:47:42.187Z,djcart137@gmail.com,newsletter,everyone,true
145001953,2024-05-26T18:47:42.323Z,ahershmc@aol.com,newsletter,everyone,true
145001953,2024-05-26T18:47:42.371Z,Nondescriptfaith@gmail.com,newsletter,everyone,true
145001953,2024-05-26T18:47:42.435Z,daniellemtobias@gmail.com,newsletter,everyone,true
145001953,2024-05-26T18:47:42.451Z,tyrickstarksatt@gmail.com,newsletter,everyone,true
145001953,2024-05-26T18:47:42.582Z,garfieldsam@gmail.com,newsletter,everyone,true
145001953,2024-05-26T18:47:42.633Z,nadahlberg@gmail.com,newsletter,everyone,true
145001953,2024-05-26T18:47:42.669Z,nicholasjohnsoneugene@gmail.com,newsletter,everyone,true
145001953,2024-05-26T18:47:42.721Z,adooleycox@gmail.com,newsletter,everyone,true
145001953,2024-05-26T18:47:42.727Z,justinaugustwellington@gmail.com,newsletter,everyone,true
145001953,2024-05-26T18:47:44.007Z,skyjensen@icloud.com,newsletter,everyone,true
145001953,2024-05-26T18:47:44.659Z,mooresie@outlook.com,newsletter,everyone,true
145001953,2024-05-26T18:47:45.152Z,rossllewallyn@proton.me,newsletter,everyone,true
