post_id,timestamp,email,post_type,post_audience,active_subscription
145045754,2024-05-28T02:18:26.546Z,Experimentalunit317@gmail.com,newsletter,everyone,false
145045754,2024-05-28T02:18:27.333Z,rimbsweiler@yahoo.com,newsletter,everyone,false
145045754,2024-05-28T02:18:28.871Z,mrnononsense02@gmail.com,newsletter,everyone,true
145045754,2024-05-28T02:18:28.905Z,kadirgemici066@gmail.com,newsletter,everyone,true
145045754,2024-05-28T02:18:29.584Z,omarionburgess45@gmail.com,newsletter,everyone,true
145045754,2024-05-28T02:18:29.607Z,rimbsweiler@gmail.com,newsletter,everyone,true
145045754,2024-05-28T02:18:29.698Z,alminivdmerwe@gmail.com,newsletter,everyone,true
145045754,2024-05-28T02:18:29.721Z,raynottwoodbead@gmail.com,newsletter,everyone,true
145045754,2024-05-28T02:18:29.747Z,shien.getsuto@gmail.com,newsletter,everyone,true
145045754,2024-05-28T02:18:29.747Z,mooresie@outlook.com,newsletter,everyone,true
145045754,2024-05-28T02:18:29.754Z,ianwilmoth@gmail.com,newsletter,everyone,true
145045754,2024-05-28T02:18:29.815Z,apollohlynch@gmail.com,newsletter,everyone,true
145045754,2024-05-28T02:18:29.848Z,zutorilla@gmail.com,newsletter,everyone,true
145045754,2024-05-28T02:18:29.848Z,calebgrasse@gmail.com,newsletter,everyone,true
145045754,2024-05-28T02:18:29.866Z,tyrickstarksatt@gmail.com,newsletter,everyone,true
145045754,2024-05-28T02:18:29.898Z,djcart137@gmail.com,newsletter,everyone,true
145045754,2024-05-28T02:18:29.899Z,itzhak.samara@gmail.com,newsletter,everyone,true
145045754,2024-05-28T02:18:29.930Z,Twadley@gmail.com,newsletter,everyone,true
145045754,2024-05-28T02:18:29.994Z,zach.bartell.writer@gmail.com,newsletter,everyone,true
145045754,2024-05-28T02:18:30.027Z,kalakaldruzuzu@gmail.com,newsletter,everyone,true
145045754,2024-05-28T02:18:30.067Z,Nondescriptfaith@gmail.com,newsletter,everyone,true
145045754,2024-05-28T02:18:30.085Z,beer64925@gmail.com,newsletter,everyone,true
145045754,2024-05-28T02:18:30.105Z,briana.j.carroll@gmail.com,newsletter,everyone,true
145045754,2024-05-28T02:18:30.117Z,3d0f86f2-e17f-4f2a-8ca5-154e98f6d68a@deletion-request.substack.com,newsletter,everyone,true
145045754,2024-05-28T02:18:30.291Z,garfieldsam@gmail.com,newsletter,everyone,true
145045754,2024-05-28T02:18:30.310Z,dwightlyman@gmail.com,newsletter,everyone,true
145045754,2024-05-28T02:18:30.313Z,daniellemtobias@gmail.com,newsletter,everyone,true
145045754,2024-05-28T02:18:30.326Z,nicholasjohnsoneugene@gmail.com,newsletter,everyone,true
145045754,2024-05-28T02:18:30.367Z,adooleycox@gmail.com,newsletter,everyone,true
145045754,2024-05-28T02:18:30.411Z,nadahlberg@gmail.com,newsletter,everyone,true
145045754,2024-05-28T02:18:30.411Z,justinaugustwellington@gmail.com,newsletter,everyone,true
145045754,2024-05-28T02:18:30.449Z,ahershmc@aol.com,newsletter,everyone,true
145045754,2024-05-28T02:18:32.972Z,rossllewallyn@proton.me,newsletter,everyone,true
145045754,2024-05-28T02:18:33.993Z,skyjensen@icloud.com,newsletter,everyone,true
