post_id,timestamp,email,post_type,post_audience,active_subscription,country,city,region,device_type,client_os,client_type,user_agent
145107063,2025-02-09T20:47:29.583Z,ianwilmoth@gmail.com,newsletter,everyone,true,US,,,,,,Mozilla/5.0 (Windows NT 5.1; rv:11.0) Gecko Firefox/11.0 (via ggpht.com GoogleImageProxy)
145107063,2025-02-09T20:47:58.890Z,ianwilmoth@gmail.com,newsletter,everyone,true,US,,,,,,Mozilla/5.0 (Windows NT 5.1; rv:11.0) Gecko Firefox/11.0 (via ggpht.com GoogleImageProxy)
145107063,2025-02-09T20:50:23.006Z,briana.j.carroll@gmail.com,newsletter,everyone,true,US,,,,,,Mozilla/5.0 (Windows NT 5.1; rv:11.0) Gecko Firefox/11.0 (via ggpht.com GoogleImageProxy)
145107063,2025-02-09T20:52:02.019Z,briana.j.carroll@gmail.com,newsletter,everyone,true,US,,,,,,Mozilla/5.0 (Windows NT 5.1; rv:11.0) Gecko Firefox/11.0 (via ggpht.com GoogleImageProxy)
145107063,2025-02-09T20:53:24.481Z,mileswilsondc@gmail.com,newsletter,everyone,true,US,,,,,,Mozilla/5.0 (Windows NT 5.1; rv:11.0) Gecko Firefox/11.0 (via ggpht.com GoogleImageProxy)
145107063,2025-02-09T20:53:46.266Z,mileswilsondc@gmail.com,newsletter,everyone,true,US,,,,,,Mozilla/5.0 (Windows NT 5.1; rv:11.0) Gecko Firefox/11.0 (via ggpht.com GoogleImageProxy)
145107063,2025-02-09T20:54:03.226Z,mileswilsondc@gmail.com,newsletter,everyone,true,US,,,,,,Mozilla/5.0
145107063,2025-02-09T20:58:28.130Z,harrisbrian321@gmail.com,newsletter,everyone,true,US,,,,,,Mozilla/5.0 (Windows NT 5.1; rv:11.0) Gecko Firefox/11.0 (via ggpht.com GoogleImageProxy)
145107063,2025-02-09T21:01:37.582Z,borealspain@yahoo.co.uk,newsletter,everyone,true,US,,,,,,Mozilla/5.0
145107063,2025-02-09T21:02:58.782Z,alminivdmerwe@gmail.com,newsletter,everyone,true,LI,,,,,,Mozilla/5.0
145107063,2025-02-09T21:06:01.519Z,skyjensen@icloud.com,newsletter,everyone,true,US,,,,,,Mozilla/5.0
145107063,2025-02-09T21:12:56.943Z,ianwilmoth@gmail.com,newsletter,everyone,true,US,,,,,,Mozilla/5.0
145107063,2025-02-09T21:34:09.588Z,dwightlyman@gmail.com,newsletter,everyone,true,US,,,,,,Mozilla/5.0
145107063,2025-02-09T22:17:13.670Z,ptdaris@uol.com.br,newsletter,everyone,true,BR,,,,,,Mozilla/4.0 (compatible; ms-office; MSOffice 16)
145107063,2025-02-09T22:40:32.048Z,ianwilmoth@gmail.com,newsletter,everyone,true,US,,,,,,Mozilla/5.0 (Windows NT 5.1; rv:11.0) Gecko Firefox/11.0 (via ggpht.com GoogleImageProxy)
145107063,2025-02-10T00:34:40.322Z,dwightlyman@gmail.com,newsletter,everyone,true,US,,,,,,Mozilla/5.0
145107063,2025-02-10T04:17:00.872Z,jasontrew@gmail.com,newsletter,everyone,true,US,,,,,,Mozilla/5.0
145107063,2025-02-10T05:02:59.508Z,skyjensen@icloud.com,newsletter,everyone,true,US,,,,,,Mozilla/5.0
145107063,2025-02-10T07:55:49.213Z,alminivdmerwe@gmail.com,newsletter,everyone,true,LI,,,,,,Mozilla/5.0
145107063,2025-02-10T14:29:30.261Z,rimbsweiler@yahoo.com,newsletter,everyone,false,US,,,,,,Mozilla/5.0
145107063,2025-02-10T15:29:53.294Z,apollohlynch@gmail.com,newsletter,everyone,true,US,,,,,,Mozilla/5.0
145107063,2025-02-10T16:03:05.336Z,harrisbrian321@gmail.com,newsletter,everyone,true,CA,,,,,,Mozilla/5.0
145107063,2025-02-11T03:20:27.232Z,zach.bartell.writer@gmail.com,newsletter,everyone,true,US,,,,,,Mozilla/5.0
145107063,2025-02-12T16:21:03.909Z,ianwilmoth@gmail.com,newsletter,everyone,true,US,,,,,,Mozilla/5.0 (Windows NT 5.1; rv:11.0) Gecko Firefox/11.0 (via ggpht.com GoogleImageProxy)
145107063,2025-02-26T04:22:27.924Z,nathanhaile11@gmail.com,newsletter,everyone,true,MX,,,,,,Mozilla/5.0
