post_id,timestamp,email,post_type,post_audience,active_subscription
145107063,2025-02-09T20:47:08.429Z,Experimentalunit317@gmail.com,newsletter,everyone,false
145107063,2025-02-09T20:47:09.374Z,dwightlyman@gmail.com,newsletter,everyone,true
145107063,2025-02-09T20:47:09.855Z,beansocolofsky@gmail.com,newsletter,everyone,true
145107063,2025-02-09T20:47:10.502Z,justinaugustwellington@gmail.com,newsletter,everyone,true
145107063,2025-02-09T20:47:10.513Z,mrnononsense02@gmail.com,newsletter,everyone,true
145107063,2025-02-09T20:47:10.588Z,lennoxgravox@gmail.com,newsletter,everyone,true
145107063,2025-02-09T20:47:10.641Z,gdg2018mm5@gmail.com,newsletter,everyone,true
145107063,2025-02-09T20:47:10.649Z,kadirgemici066@gmail.com,newsletter,everyone,true
145107063,2025-02-09T20:47:10.651Z,nathanhaile11@gmail.com,newsletter,everyone,true
145107063,2025-02-09T20:47:10.738Z,rimbsweiler@yahoo.com,newsletter,everyone,false
145107063,2025-02-09T20:47:11.033Z,ptdaris@uol.com.br,newsletter,everyone,true
145107063,2025-02-09T20:47:11.156Z,evangelinepressblog@gmail.com,newsletter,everyone,true
145107063,2025-02-09T20:47:11.294Z,raynottwoodbead@gmail.com,newsletter,everyone,true
145107063,2025-02-09T20:47:11.318Z,kalakaldruzuzu@gmail.com,newsletter,everyone,true
145107063,2025-02-09T20:47:11.321Z,zach.bartell.writer@gmail.com,newsletter,everyone,true
145107063,2025-02-09T20:47:11.957Z,beer64925@gmail.com,newsletter,everyone,true
145107063,2025-02-09T20:47:12.085Z,3d0f86f2-e17f-4f2a-8ca5-154e98f6d68a@deletion-request.substack.com,newsletter,everyone,true
145107063,2025-02-09T20:47:12.107Z,djcart137@gmail.com,newsletter,everyone,true
145107063,2025-02-09T20:47:12.196Z,semakpa@gmail.com,newsletter,everyone,true
145107063,2025-02-09T20:47:12.258Z,mileswilsondc@gmail.com,newsletter,everyone,true
145107063,2025-02-09T20:47:12.271Z,harrisbrian321@gmail.com,newsletter,everyone,true
145107063,2025-02-09T20:47:12.708Z,bky074a@gmail.com,newsletter,everyone,true
145107063,2025-02-09T20:47:14.348Z,briana.j.carroll@gmail.com,newsletter,everyone,true
145107063,2025-02-09T20:47:14.450Z,shien.getsuto@gmail.com,newsletter,everyone,true
145107063,2025-02-09T20:47:14.492Z,alminivdmerwe@gmail.com,newsletter,everyone,true
145107063,2025-02-09T20:47:14.496Z,ianwilmoth@gmail.com,newsletter,everyone,true
145107063,2025-02-09T20:47:14.510Z,itzhak.samara@gmail.com,newsletter,everyone,true
145107063,2025-02-09T20:47:14.593Z,virknavkaur@gmail.com,newsletter,everyone,true
145107063,2025-02-09T20:47:14.612Z,ahershmc@aol.com,newsletter,everyone,true
145107063,2025-02-09T20:47:14.617Z,apollohlynch@gmail.com,newsletter,everyone,true
145107063,2025-02-09T20:47:14.631Z,jasontrew@gmail.com,newsletter,everyone,true
145107063,2025-02-09T20:47:14.632Z,rimbsweiler@gmail.com,newsletter,everyone,true
145107063,2025-02-09T20:47:14.754Z,zutorilla@gmail.com,newsletter,everyone,true
145107063,2025-02-09T20:47:14.757Z,calebgrasse@gmail.com,newsletter,everyone,true
145107063,2025-02-09T20:47:14.769Z,Twadley@gmail.com,newsletter,everyone,true
145107063,2025-02-09T20:47:14.903Z,growlyted@gmail.com,newsletter,everyone,true
145107063,2025-02-09T20:47:14.915Z,rwlbmitchell@gmail.com,newsletter,everyone,true
145107063,2025-02-09T20:47:15.423Z,borealspain@yahoo.co.uk,newsletter,everyone,true
145107063,2025-02-09T20:47:15.734Z,adooleycox@gmail.com,newsletter,everyone,true
145107063,2025-02-09T20:47:16.138Z,ozs2@cornell.edu,newsletter,everyone,true
145107063,2025-02-09T20:47:16.694Z,theory.nifty438@passinbox.com,newsletter,everyone,true
145107063,2025-02-09T20:47:17.127Z,dennis@burns.org,newsletter,everyone,true
145107063,2025-02-09T20:47:18.727Z,skyjensen@icloud.com,newsletter,everyone,true
