post_id,timestamp,email,post_type,post_audience,active_subscription,country,city,region,device_type,client_os,client_type,user_agent
145183701,2025-02-09T20:53:25.697Z,mileswilsondc@gmail.com,newsletter,everyone,true,US,,,,,,Mozilla/5.0 (Windows NT 5.1; rv:11.0) Gecko Firefox/11.0 (via ggpht.com GoogleImageProxy)
145183701,2025-02-09T20:54:03.226Z,mileswilsondc@gmail.com,newsletter,everyone,true,US,,,,,,Mozilla/5.0
145183701,2025-02-09T21:01:37.583Z,borealspain@yahoo.co.uk,newsletter,everyone,true,US,,,,,,Mozilla/5.0
145183701,2025-02-09T21:02:58.782Z,alminivdmerwe@gmail.com,newsletter,everyone,true,LI,,,,,,Mozilla/5.0
145183701,2025-02-09T21:06:01.512Z,skyjensen@icloud.com,newsletter,everyone,true,US,,,,,,Mozilla/5.0
145183701,2025-02-09T21:12:56.942Z,ianwilmoth@gmail.com,newsletter,everyone,true,US,,,,,,Mozilla/5.0
145183701,2025-02-09T22:40:32.153Z,ianwilmoth@gmail.com,newsletter,everyone,true,US,,,,,,Mozilla/5.0 (Windows NT 5.1; rv:11.0) Gecko Firefox/11.0 (via ggpht.com GoogleImageProxy)
145183701,2025-02-10T04:17:00.872Z,jasontrew@gmail.com,newsletter,everyone,true,US,,,,,,Mozilla/5.0
145183701,2025-02-10T05:02:59.507Z,skyjensen@icloud.com,newsletter,everyone,true,US,,,,,,Mozilla/5.0
145183701,2025-02-10T07:55:49.213Z,alminivdmerwe@gmail.com,newsletter,everyone,true,LI,,,,,,Mozilla/5.0
145183701,2025-02-10T12:03:51.530Z,bky074a@gmail.com,newsletter,everyone,true,US,,,,,,Mozilla/5.0 (Windows NT 5.1; rv:11.0) Gecko Firefox/11.0 (via ggpht.com GoogleImageProxy)
145183701,2025-02-10T14:29:30.262Z,rimbsweiler@yahoo.com,newsletter,everyone,false,US,,,,,,Mozilla/5.0
145183701,2025-02-10T15:29:53.290Z,apollohlynch@gmail.com,newsletter,everyone,true,US,,,,,,Mozilla/5.0
145183701,2025-02-10T16:03:05.337Z,harrisbrian321@gmail.com,newsletter,everyone,true,CA,,,,,,Mozilla/5.0
145183701,2025-02-11T03:20:27.231Z,zach.bartell.writer@gmail.com,newsletter,everyone,true,US,,,,,,Mozilla/5.0
145183701,2025-02-12T14:38:59.845Z,briana.j.carroll@gmail.com,newsletter,everyone,true,US,,,,,,Mozilla/5.0 (Windows NT 5.1; rv:11.0) Gecko Firefox/11.0 (via ggpht.com GoogleImageProxy)
145183701,2025-02-12T16:20:58.689Z,ianwilmoth@gmail.com,newsletter,everyone,true,US,,,,,,Mozilla/5.0 (Windows NT 5.1; rv:11.0) Gecko Firefox/11.0 (via ggpht.com GoogleImageProxy)
145183701,2025-02-13T20:33:42.936Z,3d0f86f2-e17f-4f2a-8ca5-154e98f6d68a@deletion-request.substack.com,newsletter,everyone,true,US,,,,,,Mozilla/5.0 (Windows NT 5.1; rv:11.0) Gecko Firefox/11.0 (via ggpht.com GoogleImageProxy)
145183701,2025-02-26T04:22:27.923Z,nathanhaile11@gmail.com,newsletter,everyone,true,MX,,,,,,Mozilla/5.0
