post_id,timestamp,email,post_type,post_audience,active_subscription
145169724,2024-05-31T16:00:57.627Z,Experimentalunit317@gmail.com,newsletter,everyone,false
145169724,2024-05-31T16:00:58.459Z,rimbsweiler@yahoo.com,newsletter,everyone,false
145169724,2024-05-31T16:00:59.777Z,dwightlyman@gmail.com,newsletter,everyone,true
145169724,2024-05-31T16:01:01.292Z,zach.bartell.writer@gmail.com,newsletter,everyone,true
145169724,2024-05-31T16:01:01.455Z,3d0f86f2-e17f-4f2a-8ca5-154e98f6d68a@deletion-request.substack.com,newsletter,everyone,true
145169724,2024-05-31T16:01:01.469Z,mrnononsense02@gmail.com,newsletter,everyone,true
145169724,2024-05-31T16:01:01.536Z,raynottwoodbead@gmail.com,newsletter,everyone,true
145169724,2024-05-31T16:01:01.540Z,kalakaldruzuzu@gmail.com,newsletter,everyone,true
145169724,2024-05-31T16:01:01.909Z,kadirgemici066@gmail.com,newsletter,everyone,true
145169724,2024-05-31T16:01:02.383Z,beer64925@gmail.com,newsletter,everyone,true
145169724,2024-05-31T16:01:04.280Z,briana.j.carroll@gmail.com,newsletter,everyone,true
145169724,2024-05-31T16:01:04.412Z,ianwilmoth@gmail.com,newsletter,everyone,true
145169724,2024-05-31T16:01:04.537Z,zutorilla@gmail.com,newsletter,everyone,true
145169724,2024-05-31T16:01:04.574Z,Twadley@gmail.com,newsletter,everyone,true
145169724,2024-05-31T16:01:04.588Z,shien.getsuto@gmail.com,newsletter,everyone,true
145169724,2024-05-31T16:01:04.645Z,tyrickstarksatt@gmail.com,newsletter,everyone,true
145169724,2024-05-31T16:01:04.694Z,alminivdmerwe@gmail.com,newsletter,everyone,true
145169724,2024-05-31T16:01:04.781Z,calebgrasse@gmail.com,newsletter,everyone,true
145169724,2024-05-31T16:01:04.790Z,ahershmc@aol.com,newsletter,everyone,true
145169724,2024-05-31T16:01:04.806Z,djcart137@gmail.com,newsletter,everyone,true
145169724,2024-05-31T16:01:04.917Z,omarionburgess45@gmail.com,newsletter,everyone,true
145169724,2024-05-31T16:01:05.084Z,Nondescriptfaith@gmail.com,newsletter,everyone,true
145169724,2024-05-31T16:01:05.270Z,apollohlynch@gmail.com,newsletter,everyone,true
145169724,2024-05-31T16:01:05.802Z,adooleycox@gmail.com,newsletter,everyone,true
145169724,2024-05-31T16:01:05.929Z,garfieldsam@gmail.com,newsletter,everyone,true
145169724,2024-05-31T16:01:05.935Z,itzhak.samara@gmail.com,newsletter,everyone,true
145169724,2024-05-31T16:01:05.987Z,daniellemtobias@gmail.com,newsletter,everyone,true
145169724,2024-05-31T16:01:06.021Z,nadahlberg@gmail.com,newsletter,everyone,true
145169724,2024-05-31T16:01:06.033Z,skyjensen@icloud.com,newsletter,everyone,true
145169724,2024-05-31T16:01:06.342Z,nicholasjohnsoneugene@gmail.com,newsletter,everyone,true
145169724,2024-05-31T16:01:06.398Z,justinaugustwellington@gmail.com,newsletter,everyone,true
145169724,2024-05-31T16:01:06.517Z,rimbsweiler@gmail.com,newsletter,everyone,true
145169724,2024-05-31T16:11:11.001Z,rossllewallyn@proton.me,newsletter,everyone,true
