post_id,timestamp,email,post_type,post_audience,active_subscription
145166094,2024-05-31T15:24:38.225Z,dwightlyman@gmail.com,newsletter,everyone,true
145166094,2024-05-31T15:24:38.986Z,Experimentalunit317@gmail.com,newsletter,everyone,false
145166094,2024-05-31T15:24:39.063Z,kadirgemici066@gmail.com,newsletter,everyone,true
145166094,2024-05-31T15:24:39.145Z,raynottwoodbead@gmail.com,newsletter,everyone,true
145166094,2024-05-31T15:24:39.177Z,zach.bartell.writer@gmail.com,newsletter,everyone,true
145166094,2024-05-31T15:24:39.249Z,3d0f86f2-e17f-4f2a-8ca5-154e98f6d68a@deletion-request.substack.com,newsletter,everyone,true
145166094,2024-05-31T15:24:39.305Z,beer64925@gmail.com,newsletter,everyone,true
145166094,2024-05-31T15:24:39.498Z,mrnononsense02@gmail.com,newsletter,everyone,true
145166094,2024-05-31T15:24:39.516Z,kalakaldruzuzu@gmail.com,newsletter,everyone,true
145166094,2024-05-31T15:24:39.794Z,rimbsweiler@gmail.com,newsletter,everyone,true
145166094,2024-05-31T15:24:39.872Z,zutorilla@gmail.com,newsletter,everyone,true
145166094,2024-05-31T15:24:39.892Z,ianwilmoth@gmail.com,newsletter,everyone,true
145166094,2024-05-31T15:24:39.939Z,alminivdmerwe@gmail.com,newsletter,everyone,true
145166094,2024-05-31T15:24:40.041Z,djcart137@gmail.com,newsletter,everyone,true
145166094,2024-05-31T15:24:40.103Z,shien.getsuto@gmail.com,newsletter,everyone,true
145166094,2024-05-31T15:24:40.119Z,apollohlynch@gmail.com,newsletter,everyone,true
145166094,2024-05-31T15:24:40.122Z,calebgrasse@gmail.com,newsletter,everyone,true
145166094,2024-05-31T15:24:40.221Z,briana.j.carroll@gmail.com,newsletter,everyone,true
145166094,2024-05-31T15:24:40.222Z,tyrickstarksatt@gmail.com,newsletter,everyone,true
145166094,2024-05-31T15:24:40.222Z,omarionburgess45@gmail.com,newsletter,everyone,true
145166094,2024-05-31T15:24:40.280Z,ahershmc@aol.com,newsletter,everyone,true
145166094,2024-05-31T15:24:40.341Z,Twadley@gmail.com,newsletter,everyone,true
145166094,2024-05-31T15:24:40.394Z,Nondescriptfaith@gmail.com,newsletter,everyone,true
145166094,2024-05-31T15:24:40.404Z,itzhak.samara@gmail.com,newsletter,everyone,true
145166094,2024-05-31T15:24:41.218Z,rimbsweiler@yahoo.com,newsletter,everyone,false
145166094,2024-05-31T15:24:42.167Z,adooleycox@gmail.com,newsletter,everyone,true
145166094,2024-05-31T15:24:42.187Z,nadahlberg@gmail.com,newsletter,everyone,true
145166094,2024-05-31T15:24:42.261Z,daniellemtobias@gmail.com,newsletter,everyone,true
145166094,2024-05-31T15:24:42.479Z,justinaugustwellington@gmail.com,newsletter,everyone,true
145166094,2024-05-31T15:24:42.512Z,nicholasjohnsoneugene@gmail.com,newsletter,everyone,true
145166094,2024-05-31T15:24:42.657Z,garfieldsam@gmail.com,newsletter,everyone,true
145166094,2024-05-31T15:24:43.474Z,skyjensen@icloud.com,newsletter,everyone,true
145166094,2024-05-31T15:24:44.632Z,rossllewallyn@proton.me,newsletter,everyone,true
