post_id,timestamp,email,post_type,post_audience,active_subscription
145132761,2024-05-30T17:22:47.430Z,Experimentalunit317@gmail.com,newsletter,everyone,false
145132761,2024-05-30T17:22:48.396Z,rimbsweiler@yahoo.com,newsletter,everyone,false
145132761,2024-05-30T17:22:51.248Z,dwightlyman@gmail.com,newsletter,everyone,true
145132761,2024-05-30T17:22:51.353Z,kadirgemici066@gmail.com,newsletter,everyone,true
145132761,2024-05-30T17:22:51.493Z,mrnononsense02@gmail.com,newsletter,everyone,true
145132761,2024-05-30T17:22:51.710Z,3d0f86f2-e17f-4f2a-8ca5-154e98f6d68a@deletion-request.substack.com,newsletter,everyone,true
145132761,2024-05-30T17:22:51.794Z,raynottwoodbead@gmail.com,newsletter,everyone,true
145132761,2024-05-30T17:22:51.947Z,zach.bartell.writer@gmail.com,newsletter,everyone,true
145132761,2024-05-30T17:22:52.237Z,kalakaldruzuzu@gmail.com,newsletter,everyone,true
145132761,2024-05-30T17:22:52.467Z,beer64925@gmail.com,newsletter,everyone,true
145132761,2024-05-30T17:22:52.708Z,shien.getsuto@gmail.com,newsletter,everyone,true
145132761,2024-05-30T17:22:52.743Z,djcart137@gmail.com,newsletter,everyone,true
145132761,2024-05-30T17:22:52.758Z,nadahlberg@gmail.com,newsletter,everyone,true
145132761,2024-05-30T17:22:52.797Z,briana.j.carroll@gmail.com,newsletter,everyone,true
145132761,2024-05-30T17:22:52.799Z,Twadley@gmail.com,newsletter,everyone,true
145132761,2024-05-30T17:22:52.823Z,daniellemtobias@gmail.com,newsletter,everyone,true
145132761,2024-05-30T17:22:52.874Z,garfieldsam@gmail.com,newsletter,everyone,true
145132761,2024-05-30T17:22:52.939Z,justinaugustwellington@gmail.com,newsletter,everyone,true
145132761,2024-05-30T17:22:52.963Z,adooleycox@gmail.com,newsletter,everyone,true
145132761,2024-05-30T17:22:53.007Z,tyrickstarksatt@gmail.com,newsletter,everyone,true
145132761,2024-05-30T17:22:53.123Z,ahershmc@aol.com,newsletter,everyone,true
145132761,2024-05-30T17:22:53.185Z,omarionburgess45@gmail.com,newsletter,everyone,true
145132761,2024-05-30T17:22:53.210Z,apollohlynch@gmail.com,newsletter,everyone,true
145132761,2024-05-30T17:22:53.212Z,nicholasjohnsoneugene@gmail.com,newsletter,everyone,true
145132761,2024-05-30T17:22:53.377Z,itzhak.samara@gmail.com,newsletter,everyone,true
145132761,2024-05-30T17:22:53.382Z,zutorilla@gmail.com,newsletter,everyone,true
145132761,2024-05-30T17:22:53.410Z,rimbsweiler@gmail.com,newsletter,everyone,true
145132761,2024-05-30T17:22:53.479Z,calebgrasse@gmail.com,newsletter,everyone,true
145132761,2024-05-30T17:22:53.505Z,ianwilmoth@gmail.com,newsletter,everyone,true
145132761,2024-05-30T17:22:53.577Z,Nondescriptfaith@gmail.com,newsletter,everyone,true
145132761,2024-05-30T17:22:53.606Z,alminivdmerwe@gmail.com,newsletter,everyone,true
145132761,2024-05-30T17:22:55.347Z,rossllewallyn@proton.me,newsletter,everyone,true
145132761,2024-05-30T17:22:56.340Z,skyjensen@icloud.com,newsletter,everyone,true
