post_id,timestamp,email,post_type,post_audience,active_subscription
145183701,2025-02-09T20:45:59.361Z,kalakaldruzuzu@gmail.com,newsletter,everyone,true
145183701,2025-02-09T20:45:59.447Z,mrnononsense02@gmail.com,newsletter,everyone,true
145183701,2025-02-09T20:45:59.466Z,djcart137@gmail.com,newsletter,everyone,true
145183701,2025-02-09T20:45:59.490Z,zach.bartell.writer@gmail.com,newsletter,everyone,true
145183701,2025-02-09T20:45:59.502Z,beansocolofsky@gmail.com,newsletter,everyone,true
145183701,2025-02-09T20:45:59.513Z,gdg2018mm5@gmail.com,newsletter,everyone,true
145183701,2025-02-09T20:45:59.567Z,raynottwoodbead@gmail.com,newsletter,everyone,true
145183701,2025-02-09T20:45:59.588Z,nathanhaile11@gmail.com,newsletter,everyone,true
145183701,2025-02-09T20:45:59.593Z,evangelinepressblog@gmail.com,newsletter,everyone,true
145183701,2025-02-09T20:45:59.810Z,semakpa@gmail.com,newsletter,everyone,true
145183701,2025-02-09T20:45:59.826Z,dwightlyman@gmail.com,newsletter,everyone,true
145183701,2025-02-09T20:45:59.875Z,mileswilsondc@gmail.com,newsletter,everyone,true
145183701,2025-02-09T20:45:59.887Z,harrisbrian321@gmail.com,newsletter,everyone,true
145183701,2025-02-09T20:46:00.018Z,beer64925@gmail.com,newsletter,everyone,true
145183701,2025-02-09T20:46:00.052Z,3d0f86f2-e17f-4f2a-8ca5-154e98f6d68a@deletion-request.substack.com,newsletter,everyone,true
145183701,2025-02-09T20:46:00.097Z,Experimentalunit317@gmail.com,newsletter,everyone,false
145183701,2025-02-09T20:46:00.150Z,rimbsweiler@gmail.com,newsletter,everyone,true
145183701,2025-02-09T20:46:00.166Z,Twadley@gmail.com,newsletter,everyone,true
145183701,2025-02-09T20:46:00.197Z,lennoxgravox@gmail.com,newsletter,everyone,true
145183701,2025-02-09T20:46:00.207Z,kadirgemici066@gmail.com,newsletter,everyone,true
145183701,2025-02-09T20:46:00.227Z,shien.getsuto@gmail.com,newsletter,everyone,true
145183701,2025-02-09T20:46:00.236Z,zutorilla@gmail.com,newsletter,everyone,true
145183701,2025-02-09T20:46:00.245Z,ianwilmoth@gmail.com,newsletter,everyone,true
145183701,2025-02-09T20:46:00.255Z,briana.j.carroll@gmail.com,newsletter,everyone,true
145183701,2025-02-09T20:46:00.265Z,apollohlynch@gmail.com,newsletter,everyone,true
145183701,2025-02-09T20:46:00.287Z,alminivdmerwe@gmail.com,newsletter,everyone,true
145183701,2025-02-09T20:46:00.307Z,virknavkaur@gmail.com,newsletter,everyone,true
145183701,2025-02-09T20:46:00.339Z,jasontrew@gmail.com,newsletter,everyone,true
145183701,2025-02-09T20:46:00.477Z,growlyted@gmail.com,newsletter,everyone,true
145183701,2025-02-09T20:46:00.580Z,justinaugustwellington@gmail.com,newsletter,everyone,true
145183701,2025-02-09T20:46:00.644Z,adooleycox@gmail.com,newsletter,everyone,true
145183701,2025-02-09T20:46:00.684Z,rimbsweiler@yahoo.com,newsletter,everyone,false
145183701,2025-02-09T20:46:00.863Z,ozs2@cornell.edu,newsletter,everyone,true
145183701,2025-02-09T20:46:00.881Z,calebgrasse@gmail.com,newsletter,everyone,true
145183701,2025-02-09T20:46:00.881Z,ahershmc@aol.com,newsletter,everyone,true
145183701,2025-02-09T20:46:01.132Z,bky074a@gmail.com,newsletter,everyone,true
145183701,2025-02-09T20:46:01.463Z,itzhak.samara@gmail.com,newsletter,everyone,true
145183701,2025-02-09T20:46:01.566Z,rwlbmitchell@gmail.com,newsletter,everyone,true
145183701,2025-02-09T20:46:01.996Z,borealspain@yahoo.co.uk,newsletter,everyone,true
145183701,2025-02-09T20:46:02.045Z,ptdaris@uol.com.br,newsletter,everyone,true
145183701,2025-02-09T20:46:02.981Z,theory.nifty438@passinbox.com,newsletter,everyone,true
145183701,2025-02-09T20:46:03.112Z,dennis@burns.org,newsletter,everyone,true
145183701,2025-02-09T20:46:08.373Z,skyjensen@icloud.com,newsletter,everyone,true
