post_id,timestamp,email,post_type,post_audience,active_subscription
145165635,2025-02-09T20:46:53.304Z,Experimentalunit317@gmail.com,newsletter,everyone,false
145165635,2025-02-09T20:46:53.363Z,rimbsweiler@yahoo.com,newsletter,everyone,false
145165635,2025-02-09T20:46:53.615Z,beansocolofsky@gmail.com,newsletter,everyone,true
145165635,2025-02-09T20:46:53.993Z,dwightlyman@gmail.com,newsletter,everyone,true
145165635,2025-02-09T20:46:54.255Z,bky074a@gmail.com,newsletter,everyone,true
145165635,2025-02-09T20:46:54.470Z,semakpa@gmail.com,newsletter,everyone,true
145165635,2025-02-09T20:46:54.904Z,harrisbrian321@gmail.com,newsletter,everyone,true
145165635,2025-02-09T20:46:55.120Z,Twadley@gmail.com,newsletter,everyone,true
145165635,2025-02-09T20:46:55.181Z,apollohlynch@gmail.com,newsletter,everyone,true
145165635,2025-02-09T20:46:55.199Z,djcart137@gmail.com,newsletter,everyone,true
145165635,2025-02-09T20:46:55.200Z,kalakaldruzuzu@gmail.com,newsletter,everyone,true
145165635,2025-02-09T20:46:55.201Z,itzhak.samara@gmail.com,newsletter,everyone,true
145165635,2025-02-09T20:46:55.214Z,zutorilla@gmail.com,newsletter,everyone,true
145165635,2025-02-09T20:46:55.258Z,rwlbmitchell@gmail.com,newsletter,everyone,true
145165635,2025-02-09T20:46:55.290Z,raynottwoodbead@gmail.com,newsletter,everyone,true
145165635,2025-02-09T20:46:55.310Z,alminivdmerwe@gmail.com,newsletter,everyone,true
145165635,2025-02-09T20:46:55.311Z,ianwilmoth@gmail.com,newsletter,everyone,true
145165635,2025-02-09T20:46:55.316Z,growlyted@gmail.com,newsletter,everyone,true
145165635,2025-02-09T20:46:55.316Z,zach.bartell.writer@gmail.com,newsletter,everyone,true
145165635,2025-02-09T20:46:55.410Z,ozs2@cornell.edu,newsletter,everyone,true
145165635,2025-02-09T20:46:55.432Z,evangelinepressblog@gmail.com,newsletter,everyone,true
145165635,2025-02-09T20:46:55.434Z,3d0f86f2-e17f-4f2a-8ca5-154e98f6d68a@deletion-request.substack.com,newsletter,everyone,true
145165635,2025-02-09T20:46:55.436Z,ptdaris@uol.com.br,newsletter,everyone,true
145165635,2025-02-09T20:46:55.443Z,mrnononsense02@gmail.com,newsletter,everyone,true
145165635,2025-02-09T20:46:55.444Z,kadirgemici066@gmail.com,newsletter,everyone,true
145165635,2025-02-09T20:46:55.455Z,justinaugustwellington@gmail.com,newsletter,everyone,true
145165635,2025-02-09T20:46:55.473Z,lennoxgravox@gmail.com,newsletter,everyone,true
145165635,2025-02-09T20:46:55.547Z,nathanhaile11@gmail.com,newsletter,everyone,true
145165635,2025-02-09T20:46:55.572Z,mileswilsondc@gmail.com,newsletter,everyone,true
145165635,2025-02-09T20:46:55.661Z,borealspain@yahoo.co.uk,newsletter,everyone,true
145165635,2025-02-09T20:46:55.685Z,adooleycox@gmail.com,newsletter,everyone,true
145165635,2025-02-09T20:46:55.693Z,ahershmc@aol.com,newsletter,everyone,true
145165635,2025-02-09T20:46:55.765Z,briana.j.carroll@gmail.com,newsletter,everyone,true
145165635,2025-02-09T20:46:55.780Z,shien.getsuto@gmail.com,newsletter,everyone,true
145165635,2025-02-09T20:46:55.844Z,rimbsweiler@gmail.com,newsletter,everyone,true
145165635,2025-02-09T20:46:55.927Z,calebgrasse@gmail.com,newsletter,everyone,true
145165635,2025-02-09T20:46:55.954Z,jasontrew@gmail.com,newsletter,everyone,true
145165635,2025-02-09T20:46:56.027Z,virknavkaur@gmail.com,newsletter,everyone,true
145165635,2025-02-09T20:46:56.057Z,beer64925@gmail.com,newsletter,everyone,true
145165635,2025-02-09T20:46:56.085Z,gdg2018mm5@gmail.com,newsletter,everyone,true
145165635,2025-02-09T20:46:56.530Z,theory.nifty438@passinbox.com,newsletter,everyone,true
145165635,2025-02-09T20:46:57.856Z,dennis@burns.org,newsletter,everyone,true
145165635,2025-02-09T20:46:59.550Z,skyjensen@icloud.com,newsletter,everyone,true
