post_id,timestamp,email,post_type,post_audience,active_subscription,country,city,region,device_type,client_os,client_type,user_agent
145286096,2024-06-04T09:29:31.902Z,beer64925@gmail.com,newsletter,everyone,true,US,,,,,,Mozilla/5.0 (Windows NT 5.1; rv:11.0) Gecko Firefox/11.0 (via ggpht.com GoogleImageProxy)
145286096,2024-06-04T09:46:41.442Z,ianwilmoth@gmail.com,newsletter,everyone,true,US,,,,,,Mozilla/5.0
145286096,2024-06-04T09:50:01.146Z,itzhak.samara@gmail.com,newsletter,everyone,true,US,,,,,,Mozilla/5.0 (Windows NT 5.1; rv:11.0) Gecko Firefox/11.0 (via ggpht.com GoogleImageProxy)
145286096,2024-06-04T09:51:06.112Z,itzhak.samara@gmail.com,newsletter,everyone,true,US,,,,,,Mozilla/5.0 (Windows NT 5.1; rv:11.0) Gecko Firefox/11.0 (via ggpht.com GoogleImageProxy)
145286096,2024-06-04T09:51:39.029Z,itzhak.samara@gmail.com,newsletter,everyone,true,US,,,,,,Mozilla/5.0 (Windows NT 5.1; rv:11.0) Gecko Firefox/11.0 (via ggpht.com GoogleImageProxy)
145286096,2024-06-04T10:06:45.629Z,skyjensen@icloud.com,newsletter,everyone,true,US,,,,,,Mozilla/5.0
145286096,2024-06-04T10:48:21.446Z,rossllewallyn@proton.me,newsletter,everyone,true,US,,,,,,"Mozilla/5.0 (Linux; Android 14; Pixel 6 Build/AP1A.240505.004; wv) AppleWebKit/537.36 (KHTML, like Gecko) Version/4.0 Chrome/124.0.6367.179 Mobile Safari/537.36"
145286096,2024-06-04T12:38:38.317Z,rimbsweiler@yahoo.com,newsletter,everyone,false,US,,,,,,Mozilla/5.0
145286096,2024-06-04T16:24:15.385Z,apollohlynch@gmail.com,newsletter,everyone,true,US,,,,,,Mozilla/5.0 (Windows NT 5.1; rv:11.0) Gecko Firefox/11.0 (via ggpht.com GoogleImageProxy)
145286096,2024-06-04T17:00:07.765Z,itzhak.samara@gmail.com,newsletter,everyone,true,US,,,,,,Mozilla/5.0 (Windows NT 5.1; rv:11.0) Gecko Firefox/11.0 (via ggpht.com GoogleImageProxy)
145286096,2024-06-04T17:33:48.048Z,garfieldsam@gmail.com,newsletter,everyone,true,US,,,,,,Mozilla/5.0 (Windows NT 5.1; rv:11.0) Gecko Firefox/11.0 (via ggpht.com GoogleImageProxy)
145286096,2024-06-04T18:41:04.863Z,skyjensen@icloud.com,newsletter,everyone,true,US,,,,,,Mozilla/5.0
145286096,2024-06-04T18:57:26.139Z,alminivdmerwe@gmail.com,newsletter,everyone,true,LI,,,,,,Mozilla/5.0
145286096,2024-06-05T01:07:00.596Z,tyrickstarksatt@gmail.com,newsletter,everyone,true,US,,,,,,Mozilla/5.0 (Windows NT 5.1; rv:11.0) Gecko Firefox/11.0 (via ggpht.com GoogleImageProxy)
145286096,2024-06-05T01:07:24.914Z,tyrickstarksatt@gmail.com,newsletter,everyone,true,US,,,,,,Mozilla/5.0 (Windows NT 5.1; rv:11.0) Gecko Firefox/11.0 (via ggpht.com GoogleImageProxy)
145286096,2024-06-05T01:24:27.897Z,apollohlynch@gmail.com,newsletter,everyone,true,US,,,,,,Mozilla/5.0 (Windows NT 5.1; rv:11.0) Gecko Firefox/11.0 (via ggpht.com GoogleImageProxy)
145286096,2024-06-05T16:10:21.650Z,zach.bartell.writer@gmail.com,newsletter,everyone,true,US,,,,,,Mozilla/5.0
145286096,2024-06-06T01:19:12.707Z,apollohlynch@gmail.com,newsletter,everyone,true,US,,,,,,Mozilla/5.0 (Windows NT 5.1; rv:11.0) Gecko Firefox/11.0 (via ggpht.com GoogleImageProxy)
145286096,2024-06-06T19:14:35.281Z,skyjensen@icloud.com,newsletter,everyone,true,US,,,,,,Mozilla/5.0
145286096,2024-06-10T19:42:40.046Z,omarionburgess45@gmail.com,newsletter,everyone,true,US,,,,,,Mozilla/5.0 (Windows NT 5.1; rv:11.0) Gecko Firefox/11.0 (via ggpht.com GoogleImageProxy)
145286096,2024-06-22T17:01:40.578Z,Experimentalunit317@gmail.com,newsletter,everyone,false,US,,,,,,Mozilla/5.0 (Windows NT 5.1; rv:11.0) Gecko Firefox/11.0 (via ggpht.com GoogleImageProxy)
