post_id,timestamp,email,post_type,post_audience,active_subscription
145286096,2024-06-04T09:08:58.849Z,Experimentalunit317@gmail.com,newsletter,everyone,false
145286096,2024-06-04T09:09:00.806Z,rimbsweiler@yahoo.com,newsletter,everyone,false
145286096,2024-06-04T09:09:02.232Z,beer64925@gmail.com,newsletter,everyone,true
145286096,2024-06-04T09:09:02.304Z,3d0f86f2-e17f-4f2a-8ca5-154e98f6d68a@deletion-request.substack.com,newsletter,everyone,true
145286096,2024-06-04T09:09:02.338Z,zach.bartell.writer@gmail.com,newsletter,everyone,true
145286096,2024-06-04T09:09:02.441Z,raynottwoodbead@gmail.com,newsletter,everyone,true
145286096,2024-06-04T09:09:03.089Z,kalakaldruzuzu@gmail.com,newsletter,everyone,true
145286096,2024-06-04T09:09:04.875Z,dwightlyman@gmail.com,newsletter,everyone,true
145286096,2024-06-04T09:09:06.034Z,kadirgemici066@gmail.com,newsletter,everyone,true
145286096,2024-06-04T09:09:06.392Z,omarionburgess45@gmail.com,newsletter,everyone,true
145286096,2024-06-04T09:09:06.463Z,calebgrasse@gmail.com,newsletter,everyone,true
145286096,2024-06-04T09:09:06.467Z,briana.j.carroll@gmail.com,newsletter,everyone,true
145286096,2024-06-04T09:09:06.509Z,zutorilla@gmail.com,newsletter,everyone,true
145286096,2024-06-04T09:09:06.512Z,shien.getsuto@gmail.com,newsletter,everyone,true
145286096,2024-06-04T09:09:06.521Z,djcart137@gmail.com,newsletter,everyone,true
145286096,2024-06-04T09:09:06.525Z,mrnononsense02@gmail.com,newsletter,everyone,true
145286096,2024-06-04T09:09:06.557Z,alminivdmerwe@gmail.com,newsletter,everyone,true
145286096,2024-06-04T09:09:06.582Z,tyrickstarksatt@gmail.com,newsletter,everyone,true
145286096,2024-06-04T09:09:06.614Z,apollohlynch@gmail.com,newsletter,everyone,true
145286096,2024-06-04T09:09:06.670Z,ianwilmoth@gmail.com,newsletter,everyone,true
145286096,2024-06-04T09:09:06.690Z,itzhak.samara@gmail.com,newsletter,everyone,true
145286096,2024-06-04T09:09:06.955Z,rimbsweiler@gmail.com,newsletter,everyone,true
145286096,2024-06-04T09:09:07.003Z,Nondescriptfaith@gmail.com,newsletter,everyone,true
145286096,2024-06-04T09:09:07.063Z,Twadley@gmail.com,newsletter,everyone,true
145286096,2024-06-04T09:09:07.145Z,ahershmc@aol.com,newsletter,everyone,true
145286096,2024-06-04T09:09:09.604Z,adooleycox@gmail.com,newsletter,everyone,true
145286096,2024-06-04T09:09:09.682Z,daniellemtobias@gmail.com,newsletter,everyone,true
145286096,2024-06-04T09:09:09.700Z,nadahlberg@gmail.com,newsletter,everyone,true
145286096,2024-06-04T09:09:09.727Z,garfieldsam@gmail.com,newsletter,everyone,true
145286096,2024-06-04T09:09:09.765Z,nicholasjohnsoneugene@gmail.com,newsletter,everyone,true
145286096,2024-06-04T09:09:10.408Z,justinaugustwellington@gmail.com,newsletter,everyone,true
145286096,2024-06-04T09:09:11.988Z,rossllewallyn@proton.me,newsletter,everyone,true
145286096,2024-06-04T09:09:13.600Z,skyjensen@icloud.com,newsletter,everyone,true
