post_id,timestamp,email,post_type,post_audience,active_subscription
145490684,2025-02-09T20:45:33.750Z,Experimentalunit317@gmail.com,newsletter,everyone,false
145490684,2025-02-09T20:45:34.403Z,rimbsweiler@yahoo.com,newsletter,everyone,false
145490684,2025-02-09T20:45:34.758Z,dwightlyman@gmail.com,newsletter,everyone,true
145490684,2025-02-09T20:45:34.790Z,beansocolofsky@gmail.com,newsletter,everyone,true
145490684,2025-02-09T20:45:35.048Z,mrnononsense02@gmail.com,newsletter,everyone,true
145490684,2025-02-09T20:45:35.162Z,kalakaldruzuzu@gmail.com,newsletter,everyone,true
145490684,2025-02-09T20:45:35.234Z,djcart137@gmail.com,newsletter,everyone,true
145490684,2025-02-09T20:45:35.236Z,evangelinepressblog@gmail.com,newsletter,everyone,true
145490684,2025-02-09T20:45:35.237Z,raynottwoodbead@gmail.com,newsletter,everyone,true
145490684,2025-02-09T20:45:35.240Z,nathanhaile11@gmail.com,newsletter,everyone,true
145490684,2025-02-09T20:45:35.244Z,lennoxgravox@gmail.com,newsletter,everyone,true
145490684,2025-02-09T20:45:35.300Z,3d0f86f2-e17f-4f2a-8ca5-154e98f6d68a@deletion-request.substack.com,newsletter,everyone,true
145490684,2025-02-09T20:45:35.447Z,zach.bartell.writer@gmail.com,newsletter,everyone,true
145490684,2025-02-09T20:45:35.467Z,kadirgemici066@gmail.com,newsletter,everyone,true
145490684,2025-02-09T20:45:35.477Z,adooleycox@gmail.com,newsletter,everyone,true
145490684,2025-02-09T20:45:35.487Z,bky074a@gmail.com,newsletter,everyone,true
145490684,2025-02-09T20:45:35.504Z,justinaugustwellington@gmail.com,newsletter,everyone,true
145490684,2025-02-09T20:45:35.514Z,semakpa@gmail.com,newsletter,everyone,true
145490684,2025-02-09T20:45:35.531Z,mileswilsondc@gmail.com,newsletter,everyone,true
145490684,2025-02-09T20:45:35.545Z,gdg2018mm5@gmail.com,newsletter,everyone,true
145490684,2025-02-09T20:45:35.612Z,beer64925@gmail.com,newsletter,everyone,true
145490684,2025-02-09T20:45:35.748Z,rimbsweiler@gmail.com,newsletter,everyone,true
145490684,2025-02-09T20:45:35.810Z,briana.j.carroll@gmail.com,newsletter,everyone,true
145490684,2025-02-09T20:45:35.846Z,ianwilmoth@gmail.com,newsletter,everyone,true
145490684,2025-02-09T20:45:35.870Z,shien.getsuto@gmail.com,newsletter,everyone,true
145490684,2025-02-09T20:45:35.905Z,zutorilla@gmail.com,newsletter,everyone,true
145490684,2025-02-09T20:45:35.937Z,rwlbmitchell@gmail.com,newsletter,everyone,true
145490684,2025-02-09T20:45:35.939Z,harrisbrian321@gmail.com,newsletter,everyone,true
145490684,2025-02-09T20:45:35.952Z,alminivdmerwe@gmail.com,newsletter,everyone,true
145490684,2025-02-09T20:45:36.013Z,calebgrasse@gmail.com,newsletter,everyone,true
145490684,2025-02-09T20:45:36.030Z,growlyted@gmail.com,newsletter,everyone,true
145490684,2025-02-09T20:45:36.037Z,jasontrew@gmail.com,newsletter,everyone,true
145490684,2025-02-09T20:45:36.072Z,virknavkaur@gmail.com,newsletter,everyone,true
145490684,2025-02-09T20:45:36.208Z,apollohlynch@gmail.com,newsletter,everyone,true
145490684,2025-02-09T20:45:36.210Z,itzhak.samara@gmail.com,newsletter,everyone,true
145490684,2025-02-09T20:45:36.330Z,ahershmc@aol.com,newsletter,everyone,true
145490684,2025-02-09T20:45:36.872Z,ozs2@cornell.edu,newsletter,everyone,true
145490684,2025-02-09T20:45:36.903Z,Twadley@gmail.com,newsletter,everyone,true
145490684,2025-02-09T20:45:37.482Z,borealspain@yahoo.co.uk,newsletter,everyone,true
145490684,2025-02-09T20:45:38.452Z,dennis@burns.org,newsletter,everyone,true
145490684,2025-02-09T20:45:39.017Z,theory.nifty438@passinbox.com,newsletter,everyone,true
145490684,2025-02-09T20:45:39.256Z,skyjensen@icloud.com,newsletter,everyone,true
145490684,2025-02-09T21:10:36.976Z,ptdaris@uol.com.br,newsletter,everyone,true
