post_id,timestamp,email,post_type,post_audience,active_subscription,country,city,region,device_type,client_os,client_type,user_agent
145490684,2025-02-09T20:52:47.664Z,briana.j.carroll@gmail.com,newsletter,everyone,true,US,,,,,,Mozilla/5.0 (Windows NT 5.1; rv:11.0) Gecko Firefox/11.0 (via ggpht.com GoogleImageProxy)
145490684,2025-02-09T20:53:25.343Z,mileswilsondc@gmail.com,newsletter,everyone,true,US,,,,,,Mozilla/5.0 (Windows NT 5.1; rv:11.0) Gecko Firefox/11.0 (via ggpht.com GoogleImageProxy)
145490684,2025-02-09T20:54:03.233Z,mileswilsondc@gmail.com,newsletter,everyone,true,US,,,,,,Mozilla/5.0
145490684,2025-02-09T21:01:37.583Z,borealspain@yahoo.co.uk,newsletter,everyone,true,US,,,,,,Mozilla/5.0
145490684,2025-02-09T21:02:58.768Z,alminivdmerwe@gmail.com,newsletter,everyone,true,LI,,,,,,Mozilla/5.0
145490684,2025-02-09T21:06:01.511Z,skyjensen@icloud.com,newsletter,everyone,true,US,,,,,,Mozilla/5.0
145490684,2025-02-09T21:34:09.587Z,dwightlyman@gmail.com,newsletter,everyone,true,US,,,,,,Mozilla/5.0
145490684,2025-02-09T22:16:29.254Z,ptdaris@uol.com.br,newsletter,everyone,true,BR,,,,,,Mozilla/4.0 (compatible; ms-office; MSOffice 16)
145490684,2025-02-09T22:40:32.034Z,ianwilmoth@gmail.com,newsletter,everyone,true,US,,,,,,Mozilla/5.0 (Windows NT 5.1; rv:11.0) Gecko Firefox/11.0 (via ggpht.com GoogleImageProxy)
145490684,2025-02-10T00:34:40.325Z,dwightlyman@gmail.com,newsletter,everyone,true,US,,,,,,Mozilla/5.0
145490684,2025-02-10T02:51:55.699Z,ianwilmoth@gmail.com,newsletter,everyone,true,US,,,,,,Mozilla/5.0
145490684,2025-02-10T03:58:05.680Z,jasontrew@gmail.com,newsletter,everyone,true,US,,,,,,Mozilla/5.0
145490684,2025-02-10T05:02:59.506Z,skyjensen@icloud.com,newsletter,everyone,true,US,,,,,,Mozilla/5.0
145490684,2025-02-10T07:55:49.214Z,alminivdmerwe@gmail.com,newsletter,everyone,true,LI,,,,,,Mozilla/5.0
145490684,2025-02-10T14:29:30.248Z,rimbsweiler@yahoo.com,newsletter,everyone,false,US,,,,,,Mozilla/5.0
145490684,2025-02-10T15:29:53.297Z,apollohlynch@gmail.com,newsletter,everyone,true,US,,,,,,Mozilla/5.0
145490684,2025-02-10T16:03:05.337Z,harrisbrian321@gmail.com,newsletter,everyone,true,CA,,,,,,Mozilla/5.0
145490684,2025-02-11T03:20:27.239Z,zach.bartell.writer@gmail.com,newsletter,everyone,true,US,,,,,,Mozilla/5.0
145490684,2025-02-26T04:22:27.929Z,nathanhaile11@gmail.com,newsletter,everyone,true,MX,,,,,,Mozilla/5.0
