post_id,timestamp,email,post_type,post_audience,active_subscription,country,city,region,device_type,client_os,client_type,user_agent
145660742,2025-02-09T20:50:34.012Z,briana.j.carroll@gmail.com,newsletter,everyone,true,US,,,,,,Mozilla/5.0 (Windows NT 5.1; rv:11.0) Gecko Firefox/11.0 (via ggpht.com GoogleImageProxy)
145660742,2025-02-09T20:53:25.650Z,mileswilsondc@gmail.com,newsletter,everyone,true,US,,,,,,Mozilla/5.0 (Windows NT 5.1; rv:11.0) Gecko Firefox/11.0 (via ggpht.com GoogleImageProxy)
145660742,2025-02-09T20:54:03.225Z,mileswilsondc@gmail.com,newsletter,everyone,true,US,,,,,,Mozilla/5.0
145660742,2025-02-09T20:54:43.419Z,briana.j.carroll@gmail.com,newsletter,everyone,true,US,,,,,,Mozilla/5.0 (Windows NT 5.1; rv:11.0) Gecko Firefox/11.0 (via ggpht.com GoogleImageProxy)
145660742,2025-02-09T21:01:37.583Z,borealspain@yahoo.co.uk,newsletter,everyone,true,US,,,,,,Mozilla/5.0
145660742,2025-02-09T21:02:58.805Z,alminivdmerwe@gmail.com,newsletter,everyone,true,LI,,,,,,Mozilla/5.0
145660742,2025-02-09T21:06:01.511Z,skyjensen@icloud.com,newsletter,everyone,true,US,,,,,,Mozilla/5.0
145660742,2025-02-09T21:12:56.942Z,ianwilmoth@gmail.com,newsletter,everyone,true,US,,,,,,Mozilla/5.0
145660742,2025-02-10T04:17:00.875Z,jasontrew@gmail.com,newsletter,everyone,true,US,,,,,,Mozilla/5.0
145660742,2025-02-10T05:02:59.505Z,skyjensen@icloud.com,newsletter,everyone,true,US,,,,,,Mozilla/5.0
145660742,2025-02-10T07:55:49.214Z,alminivdmerwe@gmail.com,newsletter,everyone,true,LI,,,,,,Mozilla/5.0
145660742,2025-02-10T14:29:30.246Z,rimbsweiler@yahoo.com,newsletter,everyone,false,US,,,,,,Mozilla/5.0
145660742,2025-02-10T15:29:53.291Z,apollohlynch@gmail.com,newsletter,everyone,true,US,,,,,,Mozilla/5.0
145660742,2025-02-10T16:03:05.337Z,harrisbrian321@gmail.com,newsletter,everyone,true,CA,,,,,,Mozilla/5.0
145660742,2025-02-11T03:20:27.236Z,zach.bartell.writer@gmail.com,newsletter,everyone,true,US,,,,,,Mozilla/5.0
145660742,2025-02-26T04:22:27.923Z,nathanhaile11@gmail.com,newsletter,everyone,true,MX,,,,,,Mozilla/5.0
