post_id,timestamp,email,post_type,post_audience,active_subscription
145660742,2025-02-09T20:45:11.571Z,Experimentalunit317@gmail.com,newsletter,everyone,false
145660742,2025-02-09T20:45:11.596Z,beansocolofsky@gmail.com,newsletter,everyone,true
145660742,2025-02-09T20:45:11.626Z,dwightlyman@gmail.com,newsletter,everyone,true
145660742,2025-02-09T20:45:11.754Z,kadirgemici066@gmail.com,newsletter,everyone,true
145660742,2025-02-09T20:45:11.803Z,beer64925@gmail.com,newsletter,everyone,true
145660742,2025-02-09T20:45:11.811Z,lennoxgravox@gmail.com,newsletter,everyone,true
145660742,2025-02-09T20:45:11.823Z,justinaugustwellington@gmail.com,newsletter,everyone,true
145660742,2025-02-09T20:45:11.859Z,nathanhaile11@gmail.com,newsletter,everyone,true
145660742,2025-02-09T20:45:11.985Z,gdg2018mm5@gmail.com,newsletter,everyone,true
145660742,2025-02-09T20:45:12.003Z,zach.bartell.writer@gmail.com,newsletter,everyone,true
145660742,2025-02-09T20:45:12.166Z,kalakaldruzuzu@gmail.com,newsletter,everyone,true
145660742,2025-02-09T20:45:12.213Z,raynottwoodbead@gmail.com,newsletter,everyone,true
145660742,2025-02-09T20:45:12.441Z,harrisbrian321@gmail.com,newsletter,everyone,true
145660742,2025-02-09T20:45:12.473Z,3d0f86f2-e17f-4f2a-8ca5-154e98f6d68a@deletion-request.substack.com,newsletter,everyone,true
145660742,2025-02-09T20:45:12.490Z,mileswilsondc@gmail.com,newsletter,everyone,true
145660742,2025-02-09T20:45:12.513Z,evangelinepressblog@gmail.com,newsletter,everyone,true
145660742,2025-02-09T20:45:12.517Z,semakpa@gmail.com,newsletter,everyone,true
145660742,2025-02-09T20:45:12.542Z,rimbsweiler@yahoo.com,newsletter,everyone,false
145660742,2025-02-09T20:45:12.705Z,rimbsweiler@gmail.com,newsletter,everyone,true
145660742,2025-02-09T20:45:12.770Z,Twadley@gmail.com,newsletter,everyone,true
145660742,2025-02-09T20:45:12.818Z,briana.j.carroll@gmail.com,newsletter,everyone,true
145660742,2025-02-09T20:45:12.834Z,zutorilla@gmail.com,newsletter,everyone,true
145660742,2025-02-09T20:45:12.900Z,rwlbmitchell@gmail.com,newsletter,everyone,true
145660742,2025-02-09T20:45:12.951Z,growlyted@gmail.com,newsletter,everyone,true
145660742,2025-02-09T20:45:12.966Z,jasontrew@gmail.com,newsletter,everyone,true
145660742,2025-02-09T20:45:12.969Z,ianwilmoth@gmail.com,newsletter,everyone,true
145660742,2025-02-09T20:45:13.148Z,djcart137@gmail.com,newsletter,everyone,true
145660742,2025-02-09T20:45:13.197Z,ahershmc@aol.com,newsletter,everyone,true
145660742,2025-02-09T20:45:13.224Z,mrnononsense02@gmail.com,newsletter,everyone,true
145660742,2025-02-09T20:45:13.359Z,apollohlynch@gmail.com,newsletter,everyone,true
145660742,2025-02-09T20:45:13.387Z,itzhak.samara@gmail.com,newsletter,everyone,true
145660742,2025-02-09T20:45:13.443Z,ptdaris@uol.com.br,newsletter,everyone,true
145660742,2025-02-09T20:45:13.456Z,shien.getsuto@gmail.com,newsletter,everyone,true
145660742,2025-02-09T20:45:13.503Z,bky074a@gmail.com,newsletter,everyone,true
145660742,2025-02-09T20:45:13.516Z,adooleycox@gmail.com,newsletter,everyone,true
145660742,2025-02-09T20:45:13.811Z,ozs2@cornell.edu,newsletter,everyone,true
145660742,2025-02-09T20:45:14.030Z,calebgrasse@gmail.com,newsletter,everyone,true
145660742,2025-02-09T20:45:14.101Z,virknavkaur@gmail.com,newsletter,everyone,true
145660742,2025-02-09T20:45:14.103Z,alminivdmerwe@gmail.com,newsletter,everyone,true
145660742,2025-02-09T20:45:14.408Z,borealspain@yahoo.co.uk,newsletter,everyone,true
145660742,2025-02-09T20:45:14.432Z,theory.nifty438@passinbox.com,newsletter,everyone,true
145660742,2025-02-09T20:45:15.743Z,dennis@burns.org,newsletter,everyone,true
145660742,2025-02-09T20:45:16.496Z,skyjensen@icloud.com,newsletter,everyone,true
