post_id,timestamp,email,post_type,post_audience,active_subscription
145874623,2024-06-21T19:23:50.091Z,Experimentalunit317@gmail.com,newsletter,everyone,false
145874623,2024-06-21T19:23:51.288Z,rimbsweiler@yahoo.com,newsletter,everyone,false
145874623,2024-06-21T19:23:51.938Z,dwightlyman@gmail.com,newsletter,everyone,true
145874623,2024-06-21T19:23:52.591Z,3d0f86f2-e17f-4f2a-8ca5-154e98f6d68a@deletion-request.substack.com,newsletter,everyone,true
145874623,2024-06-21T19:23:52.662Z,zach.bartell.writer@gmail.com,newsletter,everyone,true
145874623,2024-06-21T19:23:52.682Z,kalakaldruzuzu@gmail.com,newsletter,everyone,true
145874623,2024-06-21T19:23:52.720Z,raynottwoodbead@gmail.com,newsletter,everyone,true
145874623,2024-06-21T19:23:52.837Z,beer64925@gmail.com,newsletter,everyone,true
145874623,2024-06-21T19:23:52.876Z,kadirgemici066@gmail.com,newsletter,everyone,true
145874623,2024-06-21T19:23:52.967Z,mrnononsense02@gmail.com,newsletter,everyone,true
145874623,2024-06-21T19:23:53.667Z,rimbsweiler@gmail.com,newsletter,everyone,true
145874623,2024-06-21T19:23:53.692Z,Twadley@gmail.com,newsletter,everyone,true
145874623,2024-06-21T19:23:53.734Z,briana.j.carroll@gmail.com,newsletter,everyone,true
145874623,2024-06-21T19:23:53.742Z,calebgrasse@gmail.com,newsletter,everyone,true
145874623,2024-06-21T19:23:53.768Z,omarionburgess45@gmail.com,newsletter,everyone,true
145874623,2024-06-21T19:23:53.792Z,zutorilla@gmail.com,newsletter,everyone,true
145874623,2024-06-21T19:23:53.825Z,itzhak.samara@gmail.com,newsletter,everyone,true
145874623,2024-06-21T19:23:53.855Z,ianwilmoth@gmail.com,newsletter,everyone,true
145874623,2024-06-21T19:23:53.869Z,alminivdmerwe@gmail.com,newsletter,everyone,true
145874623,2024-06-21T19:23:53.903Z,Nondescriptfaith@gmail.com,newsletter,everyone,true
145874623,2024-06-21T19:23:53.930Z,tyrickstarksatt@gmail.com,newsletter,everyone,true
145874623,2024-06-21T19:23:53.936Z,shien.getsuto@gmail.com,newsletter,everyone,true
145874623,2024-06-21T19:23:53.998Z,apollohlynch@gmail.com,newsletter,everyone,true
145874623,2024-06-21T19:23:54.125Z,djcart137@gmail.com,newsletter,everyone,true
145874623,2024-06-21T19:23:54.273Z,ahershmc@aol.com,newsletter,everyone,true
145874623,2024-06-21T19:23:54.906Z,daniellemtobias@gmail.com,newsletter,everyone,true
145874623,2024-06-21T19:23:54.911Z,nicholasjohnsoneugene@gmail.com,newsletter,everyone,true
145874623,2024-06-21T19:23:54.951Z,nadahlberg@gmail.com,newsletter,everyone,true
145874623,2024-06-21T19:23:55.123Z,adooleycox@gmail.com,newsletter,everyone,true
145874623,2024-06-21T19:23:55.191Z,justinaugustwellington@gmail.com,newsletter,everyone,true
145874623,2024-06-21T19:23:56.898Z,skyjensen@icloud.com,newsletter,everyone,true
145874623,2024-06-21T19:23:57.095Z,rossllewallyn@proton.me,newsletter,everyone,true
