post_id,timestamp,email,post_type,post_audience,active_subscription,country,city,region,device_type,client_os,client_type,user_agent
145873333,2025-02-09T20:53:25.418Z,mileswilsondc@gmail.com,newsletter,everyone,true,US,,,,,,Mozilla/5.0 (Windows NT 5.1; rv:11.0) Gecko Firefox/11.0 (via ggpht.com GoogleImageProxy)
145873333,2025-02-09T20:54:03.232Z,mileswilsondc@gmail.com,newsletter,everyone,true,US,,,,,,Mozilla/5.0
145873333,2025-02-09T21:01:37.584Z,borealspain@yahoo.co.uk,newsletter,everyone,true,US,,,,,,Mozilla/5.0
145873333,2025-02-09T21:02:58.776Z,alminivdmerwe@gmail.com,newsletter,everyone,true,LI,,,,,,Mozilla/5.0
145873333,2025-02-09T21:06:01.510Z,skyjensen@icloud.com,newsletter,everyone,true,US,,,,,,Mozilla/5.0
145873333,2025-02-09T21:12:56.938Z,ianwilmoth@gmail.com,newsletter,everyone,true,US,,,,,,Mozilla/5.0
145873333,2025-02-09T22:17:24.000Z,ptdaris@uol.com.br,newsletter,everyone,true,BR,,,,,,Mozilla/4.0 (compatible; ms-office; MSOffice 16)
145873333,2025-02-10T03:58:05.681Z,jasontrew@gmail.com,newsletter,everyone,true,US,,,,,,Mozilla/5.0
145873333,2025-02-10T05:02:59.505Z,skyjensen@icloud.com,newsletter,everyone,true,US,,,,,,Mozilla/5.0
145873333,2025-02-10T08:08:16.424Z,alminivdmerwe@gmail.com,newsletter,everyone,true,LI,,,,,,Mozilla/5.0
145873333,2025-02-10T12:03:51.411Z,bky074a@gmail.com,newsletter,everyone,true,US,,,,,,Mozilla/5.0 (Windows NT 5.1; rv:11.0) Gecko Firefox/11.0 (via ggpht.com GoogleImageProxy)
145873333,2025-02-10T14:29:30.227Z,rimbsweiler@yahoo.com,newsletter,everyone,false,US,,,,,,Mozilla/5.0
145873333,2025-02-10T15:29:53.295Z,apollohlynch@gmail.com,newsletter,everyone,true,US,,,,,,Mozilla/5.0
145873333,2025-02-10T16:03:05.338Z,harrisbrian321@gmail.com,newsletter,everyone,true,CA,,,,,,Mozilla/5.0
145873333,2025-02-11T03:20:27.233Z,zach.bartell.writer@gmail.com,newsletter,everyone,true,US,,,,,,Mozilla/5.0
145873333,2025-02-26T04:22:27.928Z,nathanhaile11@gmail.com,newsletter,everyone,true,MX,,,,,,Mozilla/5.0
