post_id,timestamp,email,post_type,post_audience,active_subscription
145870667,2024-06-21T17:06:35.454Z,Experimentalunit317@gmail.com,newsletter,everyone,false
145870667,2024-06-21T17:06:37.186Z,rimbsweiler@yahoo.com,newsletter,everyone,false
145870667,2024-06-21T17:06:37.227Z,dwightlyman@gmail.com,newsletter,everyone,true
145870667,2024-06-21T17:06:37.668Z,kadirgemici066@gmail.com,newsletter,everyone,true
145870667,2024-06-21T17:06:37.986Z,3d0f86f2-e17f-4f2a-8ca5-154e98f6d68a@deletion-request.substack.com,newsletter,everyone,true
145870667,2024-06-21T17:06:38.014Z,mrnononsense02@gmail.com,newsletter,everyone,true
145870667,2024-06-21T17:06:38.028Z,beer64925@gmail.com,newsletter,everyone,true
145870667,2024-06-21T17:06:38.028Z,raynottwoodbead@gmail.com,newsletter,everyone,true
145870667,2024-06-21T17:06:38.175Z,zach.bartell.writer@gmail.com,newsletter,everyone,true
145870667,2024-06-21T17:06:38.309Z,kalakaldruzuzu@gmail.com,newsletter,everyone,true
145870667,2024-06-21T17:06:38.437Z,garfieldsam@gmail.com,newsletter,everyone,true
145870667,2024-06-21T17:06:40.057Z,Twadley@gmail.com,newsletter,everyone,true
145870667,2024-06-21T17:06:40.060Z,briana.j.carroll@gmail.com,newsletter,everyone,true
145870667,2024-06-21T17:06:40.073Z,daniellemtobias@gmail.com,newsletter,everyone,true
145870667,2024-06-21T17:06:40.137Z,alminivdmerwe@gmail.com,newsletter,everyone,true
145870667,2024-06-21T17:06:40.163Z,omarionburgess45@gmail.com,newsletter,everyone,true
145870667,2024-06-21T17:06:40.291Z,djcart137@gmail.com,newsletter,everyone,true
145870667,2024-06-21T17:06:40.299Z,calebgrasse@gmail.com,newsletter,everyone,true
145870667,2024-06-21T17:06:40.299Z,justinaugustwellington@gmail.com,newsletter,everyone,true
145870667,2024-06-21T17:06:40.404Z,zutorilla@gmail.com,newsletter,everyone,true
145870667,2024-06-21T17:06:40.422Z,nicholasjohnsoneugene@gmail.com,newsletter,everyone,true
145870667,2024-06-21T17:06:40.462Z,rimbsweiler@gmail.com,newsletter,everyone,true
145870667,2024-06-21T17:06:40.505Z,adooleycox@gmail.com,newsletter,everyone,true
145870667,2024-06-21T17:06:40.551Z,shien.getsuto@gmail.com,newsletter,everyone,true
145870667,2024-06-21T17:06:40.569Z,Nondescriptfaith@gmail.com,newsletter,everyone,true
145870667,2024-06-21T17:06:40.579Z,itzhak.samara@gmail.com,newsletter,everyone,true
145870667,2024-06-21T17:06:40.591Z,ianwilmoth@gmail.com,newsletter,everyone,true
145870667,2024-06-21T17:06:40.696Z,tyrickstarksatt@gmail.com,newsletter,everyone,true
145870667,2024-06-21T17:06:40.740Z,nadahlberg@gmail.com,newsletter,everyone,true
145870667,2024-06-21T17:06:41.073Z,apollohlynch@gmail.com,newsletter,everyone,true
145870667,2024-06-21T17:06:42.248Z,ahershmc@aol.com,newsletter,everyone,true
145870667,2024-06-21T17:06:44.456Z,rossllewallyn@proton.me,newsletter,everyone,true
145870667,2024-06-21T17:06:44.573Z,skyjensen@icloud.com,newsletter,everyone,true
