post_id,timestamp,email,post_type,post_audience,active_subscription
145876433,2025-02-09T20:44:14.230Z,Experimentalunit317@gmail.com,newsletter,everyone,false
145876433,2025-02-09T20:44:15.093Z,beansocolofsky@gmail.com,newsletter,everyone,true
145876433,2025-02-09T20:44:15.281Z,djcart137@gmail.com,newsletter,everyone,true
145876433,2025-02-09T20:44:15.363Z,raynottwoodbead@gmail.com,newsletter,everyone,true
145876433,2025-02-09T20:44:15.369Z,justinaugustwellington@gmail.com,newsletter,everyone,true
145876433,2025-02-09T20:44:15.380Z,3d0f86f2-e17f-4f2a-8ca5-154e98f6d68a@deletion-request.substack.com,newsletter,everyone,true
145876433,2025-02-09T20:44:15.476Z,kalakaldruzuzu@gmail.com,newsletter,everyone,true
145876433,2025-02-09T20:44:15.550Z,zach.bartell.writer@gmail.com,newsletter,everyone,true
145876433,2025-02-09T20:44:15.603Z,evangelinepressblog@gmail.com,newsletter,everyone,true
145876433,2025-02-09T20:44:15.609Z,lennoxgravox@gmail.com,newsletter,everyone,true
145876433,2025-02-09T20:44:15.622Z,beer64925@gmail.com,newsletter,everyone,true
145876433,2025-02-09T20:44:15.683Z,kadirgemici066@gmail.com,newsletter,everyone,true
145876433,2025-02-09T20:44:15.683Z,mileswilsondc@gmail.com,newsletter,everyone,true
145876433,2025-02-09T20:44:15.705Z,harrisbrian321@gmail.com,newsletter,everyone,true
145876433,2025-02-09T20:44:15.885Z,gdg2018mm5@gmail.com,newsletter,everyone,true
145876433,2025-02-09T20:44:15.888Z,semakpa@gmail.com,newsletter,everyone,true
145876433,2025-02-09T20:44:15.912Z,adooleycox@gmail.com,newsletter,everyone,true
145876433,2025-02-09T20:44:15.948Z,mrnononsense02@gmail.com,newsletter,everyone,true
145876433,2025-02-09T20:44:15.964Z,rimbsweiler@yahoo.com,newsletter,everyone,false
145876433,2025-02-09T20:44:15.969Z,zutorilla@gmail.com,newsletter,everyone,true
145876433,2025-02-09T20:44:15.990Z,dwightlyman@gmail.com,newsletter,everyone,true
145876433,2025-02-09T20:44:15.995Z,Twadley@gmail.com,newsletter,everyone,true
145876433,2025-02-09T20:44:16.009Z,growlyted@gmail.com,newsletter,everyone,true
145876433,2025-02-09T20:44:16.070Z,rwlbmitchell@gmail.com,newsletter,everyone,true
145876433,2025-02-09T20:44:16.113Z,calebgrasse@gmail.com,newsletter,everyone,true
145876433,2025-02-09T20:44:16.138Z,alminivdmerwe@gmail.com,newsletter,everyone,true
145876433,2025-02-09T20:44:16.192Z,briana.j.carroll@gmail.com,newsletter,everyone,true
145876433,2025-02-09T20:44:16.211Z,ianwilmoth@gmail.com,newsletter,everyone,true
145876433,2025-02-09T20:44:16.214Z,itzhak.samara@gmail.com,newsletter,everyone,true
145876433,2025-02-09T20:44:16.221Z,nathanhaile11@gmail.com,newsletter,everyone,true
145876433,2025-02-09T20:44:16.256Z,bky074a@gmail.com,newsletter,everyone,true
145876433,2025-02-09T20:44:16.322Z,ozs2@cornell.edu,newsletter,everyone,true
145876433,2025-02-09T20:44:16.445Z,ptdaris@uol.com.br,newsletter,everyone,true
145876433,2025-02-09T20:44:16.571Z,apollohlynch@gmail.com,newsletter,everyone,true
145876433,2025-02-09T20:44:16.627Z,ahershmc@aol.com,newsletter,everyone,true
145876433,2025-02-09T20:44:17.006Z,shien.getsuto@gmail.com,newsletter,everyone,true
145876433,2025-02-09T20:44:17.040Z,borealspain@yahoo.co.uk,newsletter,everyone,true
145876433,2025-02-09T20:44:17.311Z,virknavkaur@gmail.com,newsletter,everyone,true
145876433,2025-02-09T20:44:17.390Z,rimbsweiler@gmail.com,newsletter,everyone,true
145876433,2025-02-09T20:44:17.465Z,theory.nifty438@passinbox.com,newsletter,everyone,true
145876433,2025-02-09T20:44:17.536Z,jasontrew@gmail.com,newsletter,everyone,true
145876433,2025-02-09T20:44:17.765Z,skyjensen@icloud.com,newsletter,everyone,true
145876433,2025-02-09T20:44:18.703Z,dennis@burns.org,newsletter,everyone,true
