post_id,timestamp,email,post_type,post_audience,active_subscription
145875847,2024-06-21T19:47:36.769Z,Experimentalunit317@gmail.com,newsletter,everyone,false
145875847,2024-06-21T19:47:36.857Z,dwightlyman@gmail.com,newsletter,everyone,true
145875847,2024-06-21T19:47:37.495Z,rimbsweiler@yahoo.com,newsletter,everyone,false
145875847,2024-06-21T19:47:38.039Z,zach.bartell.writer@gmail.com,newsletter,everyone,true
145875847,2024-06-21T19:47:38.169Z,raynottwoodbead@gmail.com,newsletter,everyone,true
145875847,2024-06-21T19:47:38.194Z,kadirgemici066@gmail.com,newsletter,everyone,true
145875847,2024-06-21T19:47:38.281Z,mrnononsense02@gmail.com,newsletter,everyone,true
145875847,2024-06-21T19:47:38.321Z,kalakaldruzuzu@gmail.com,newsletter,everyone,true
145875847,2024-06-21T19:47:38.433Z,beer64925@gmail.com,newsletter,everyone,true
145875847,2024-06-21T19:47:38.444Z,3d0f86f2-e17f-4f2a-8ca5-154e98f6d68a@deletion-request.substack.com,newsletter,everyone,true
145875847,2024-06-21T19:47:38.467Z,ahershmc@aol.com,newsletter,everyone,true
145875847,2024-06-21T19:47:38.912Z,briana.j.carroll@gmail.com,newsletter,everyone,true
145875847,2024-06-21T19:47:38.998Z,zutorilla@gmail.com,newsletter,everyone,true
145875847,2024-06-21T19:47:39.049Z,rimbsweiler@gmail.com,newsletter,everyone,true
145875847,2024-06-21T19:47:39.084Z,justinaugustwellington@gmail.com,newsletter,everyone,true
145875847,2024-06-21T19:47:39.179Z,daniellemtobias@gmail.com,newsletter,everyone,true
145875847,2024-06-21T19:47:39.181Z,adooleycox@gmail.com,newsletter,everyone,true
145875847,2024-06-21T19:47:39.191Z,nicholasjohnsoneugene@gmail.com,newsletter,everyone,true
145875847,2024-06-21T19:47:39.266Z,nadahlberg@gmail.com,newsletter,everyone,true
145875847,2024-06-21T19:47:39.283Z,Nondescriptfaith@gmail.com,newsletter,everyone,true
145875847,2024-06-21T19:47:39.303Z,djcart137@gmail.com,newsletter,everyone,true
145875847,2024-06-21T19:47:39.421Z,apollohlynch@gmail.com,newsletter,everyone,true
145875847,2024-06-21T19:47:39.546Z,tyrickstarksatt@gmail.com,newsletter,everyone,true
145875847,2024-06-21T19:47:39.555Z,omarionburgess45@gmail.com,newsletter,everyone,true
145875847,2024-06-21T19:47:39.598Z,Twadley@gmail.com,newsletter,everyone,true
145875847,2024-06-21T19:47:39.617Z,ianwilmoth@gmail.com,newsletter,everyone,true
145875847,2024-06-21T19:47:39.625Z,shien.getsuto@gmail.com,newsletter,everyone,true
145875847,2024-06-21T19:47:39.702Z,alminivdmerwe@gmail.com,newsletter,everyone,true
145875847,2024-06-21T19:47:39.859Z,calebgrasse@gmail.com,newsletter,everyone,true
145875847,2024-06-21T19:47:39.907Z,itzhak.samara@gmail.com,newsletter,everyone,true
145875847,2024-06-21T19:47:41.627Z,rossllewallyn@proton.me,newsletter,everyone,true
145875847,2024-06-21T19:47:42.581Z,skyjensen@icloud.com,newsletter,everyone,true
