post_id,timestamp,email,post_type,post_audience,active_subscription
145835921,2024-06-20T15:58:25.839Z,Experimentalunit317@gmail.com,newsletter,everyone,false
145835921,2024-06-20T15:58:26.753Z,rimbsweiler@yahoo.com,newsletter,everyone,false
145835921,2024-06-20T15:58:28.061Z,dwightlyman@gmail.com,newsletter,everyone,true
145835921,2024-06-20T15:58:29.126Z,raynottwoodbead@gmail.com,newsletter,everyone,true
145835921,2024-06-20T15:58:29.175Z,beer64925@gmail.com,newsletter,everyone,true
145835921,2024-06-20T15:58:29.176Z,3d0f86f2-e17f-4f2a-8ca5-154e98f6d68a@deletion-request.substack.com,newsletter,everyone,true
145835921,2024-06-20T15:58:29.196Z,kadirgemici066@gmail.com,newsletter,everyone,true
145835921,2024-06-20T15:58:29.450Z,kalakaldruzuzu@gmail.com,newsletter,everyone,true
145835921,2024-06-20T15:58:29.498Z,zach.bartell.writer@gmail.com,newsletter,everyone,true
145835921,2024-06-20T15:58:29.726Z,mrnononsense02@gmail.com,newsletter,everyone,true
145835921,2024-06-20T15:58:29.937Z,garfieldsam@gmail.com,newsletter,everyone,true
145835921,2024-06-20T15:58:30.545Z,justinaugustwellington@gmail.com,newsletter,everyone,true
145835921,2024-06-20T15:58:30.555Z,adooleycox@gmail.com,newsletter,everyone,true
145835921,2024-06-20T15:58:30.561Z,nadahlberg@gmail.com,newsletter,everyone,true
145835921,2024-06-20T15:58:30.561Z,nicholasjohnsoneugene@gmail.com,newsletter,everyone,true
145835921,2024-06-20T15:58:31.002Z,rimbsweiler@gmail.com,newsletter,everyone,true
145835921,2024-06-20T15:58:31.032Z,zutorilla@gmail.com,newsletter,everyone,true
145835921,2024-06-20T15:58:31.524Z,calebgrasse@gmail.com,newsletter,everyone,true
145835921,2024-06-20T15:58:31.534Z,ahershmc@aol.com,newsletter,everyone,true
145835921,2024-06-20T15:58:31.608Z,omarionburgess45@gmail.com,newsletter,everyone,true
145835921,2024-06-20T15:58:31.618Z,tyrickstarksatt@gmail.com,newsletter,everyone,true
145835921,2024-06-20T15:58:31.906Z,djcart137@gmail.com,newsletter,everyone,true
145835921,2024-06-20T15:58:31.912Z,Nondescriptfaith@gmail.com,newsletter,everyone,true
145835921,2024-06-20T15:58:31.912Z,Twadley@gmail.com,newsletter,everyone,true
145835921,2024-06-20T15:58:31.975Z,briana.j.carroll@gmail.com,newsletter,everyone,true
145835921,2024-06-20T15:58:32.056Z,shien.getsuto@gmail.com,newsletter,everyone,true
145835921,2024-06-20T15:58:32.102Z,itzhak.samara@gmail.com,newsletter,everyone,true
145835921,2024-06-20T15:58:32.195Z,ianwilmoth@gmail.com,newsletter,everyone,true
145835921,2024-06-20T15:58:32.478Z,daniellemtobias@gmail.com,newsletter,everyone,true
145835921,2024-06-20T15:58:33.006Z,apollohlynch@gmail.com,newsletter,everyone,true
145835921,2024-06-20T15:58:34.753Z,skyjensen@icloud.com,newsletter,everyone,true
145835921,2024-06-20T15:58:34.850Z,alminivdmerwe@gmail.com,newsletter,everyone,true
145835921,2024-06-20T15:58:36.597Z,rossllewallyn@proton.me,newsletter,everyone,true
