post_id,timestamp,email,post_type,post_audience,active_subscription
145873333,2025-02-09T20:44:52.263Z,dwightlyman@gmail.com,newsletter,everyone,true
145873333,2025-02-09T20:44:52.290Z,Experimentalunit317@gmail.com,newsletter,everyone,false
145873333,2025-02-09T20:44:52.380Z,beansocolofsky@gmail.com,newsletter,everyone,true
145873333,2025-02-09T20:44:52.735Z,kalakaldruzuzu@gmail.com,newsletter,everyone,true
145873333,2025-02-09T20:44:52.777Z,justinaugustwellington@gmail.com,newsletter,everyone,true
145873333,2025-02-09T20:44:52.780Z,djcart137@gmail.com,newsletter,everyone,true
145873333,2025-02-09T20:44:52.808Z,nathanhaile11@gmail.com,newsletter,everyone,true
145873333,2025-02-09T20:44:52.852Z,rimbsweiler@yahoo.com,newsletter,everyone,false
145873333,2025-02-09T20:44:52.870Z,mrnononsense02@gmail.com,newsletter,everyone,true
145873333,2025-02-09T20:44:52.871Z,kadirgemici066@gmail.com,newsletter,everyone,true
145873333,2025-02-09T20:44:52.893Z,raynottwoodbead@gmail.com,newsletter,everyone,true
145873333,2025-02-09T20:44:52.929Z,evangelinepressblog@gmail.com,newsletter,everyone,true
145873333,2025-02-09T20:44:52.990Z,zach.bartell.writer@gmail.com,newsletter,everyone,true
145873333,2025-02-09T20:44:52.998Z,3d0f86f2-e17f-4f2a-8ca5-154e98f6d68a@deletion-request.substack.com,newsletter,everyone,true
145873333,2025-02-09T20:44:53.077Z,lennoxgravox@gmail.com,newsletter,everyone,true
145873333,2025-02-09T20:44:53.281Z,rimbsweiler@gmail.com,newsletter,everyone,true
145873333,2025-02-09T20:44:53.343Z,bky074a@gmail.com,newsletter,everyone,true
145873333,2025-02-09T20:44:53.357Z,rwlbmitchell@gmail.com,newsletter,everyone,true
145873333,2025-02-09T20:44:53.358Z,apollohlynch@gmail.com,newsletter,everyone,true
145873333,2025-02-09T20:44:53.372Z,zutorilla@gmail.com,newsletter,everyone,true
145873333,2025-02-09T20:44:53.418Z,briana.j.carroll@gmail.com,newsletter,everyone,true
145873333,2025-02-09T20:44:53.427Z,Twadley@gmail.com,newsletter,everyone,true
145873333,2025-02-09T20:44:53.542Z,shien.getsuto@gmail.com,newsletter,everyone,true
145873333,2025-02-09T20:44:53.577Z,growlyted@gmail.com,newsletter,everyone,true
145873333,2025-02-09T20:44:53.620Z,gdg2018mm5@gmail.com,newsletter,everyone,true
145873333,2025-02-09T20:44:53.831Z,mileswilsondc@gmail.com,newsletter,everyone,true
145873333,2025-02-09T20:44:53.843Z,calebgrasse@gmail.com,newsletter,everyone,true
145873333,2025-02-09T20:44:53.883Z,semakpa@gmail.com,newsletter,everyone,true
145873333,2025-02-09T20:44:53.945Z,ozs2@cornell.edu,newsletter,everyone,true
145873333,2025-02-09T20:44:54.002Z,itzhak.samara@gmail.com,newsletter,everyone,true
145873333,2025-02-09T20:44:54.029Z,alminivdmerwe@gmail.com,newsletter,everyone,true
145873333,2025-02-09T20:44:54.133Z,jasontrew@gmail.com,newsletter,everyone,true
145873333,2025-02-09T20:44:54.163Z,virknavkaur@gmail.com,newsletter,everyone,true
145873333,2025-02-09T20:44:54.190Z,beer64925@gmail.com,newsletter,everyone,true
145873333,2025-02-09T20:44:54.223Z,ptdaris@uol.com.br,newsletter,everyone,true
145873333,2025-02-09T20:44:54.541Z,borealspain@yahoo.co.uk,newsletter,everyone,true
145873333,2025-02-09T20:44:54.630Z,harrisbrian321@gmail.com,newsletter,everyone,true
145873333,2025-02-09T20:44:54.642Z,ahershmc@aol.com,newsletter,everyone,true
145873333,2025-02-09T20:44:54.725Z,ianwilmoth@gmail.com,newsletter,everyone,true
145873333,2025-02-09T20:44:54.726Z,adooleycox@gmail.com,newsletter,everyone,true
145873333,2025-02-09T20:44:55.544Z,theory.nifty438@passinbox.com,newsletter,everyone,true
145873333,2025-02-09T20:44:55.972Z,dennis@burns.org,newsletter,everyone,true
145873333,2025-02-09T20:44:57.986Z,skyjensen@icloud.com,newsletter,everyone,true
