post_id,timestamp,email,post_type,post_audience,active_subscription,country,city,region,device_type,client_os,client_type,user_agent
145835921,2024-06-20T16:14:57.428Z,garfieldsam@gmail.com,newsletter,everyone,true,US,,,,,,Mozilla/5.0 (Windows NT 5.1; rv:11.0) Gecko Firefox/11.0 (via ggpht.com GoogleImageProxy)
145835921,2024-06-20T16:42:38.707Z,zach.bartell.writer@gmail.com,newsletter,everyone,true,US,,,,,,Mozilla/5.0
145835921,2024-06-20T16:55:25.283Z,skyjensen@icloud.com,newsletter,everyone,true,US,,,,,,Mozilla/5.0
145835921,2024-06-20T17:41:46.698Z,ianwilmoth@gmail.com,newsletter,everyone,true,US,,,,,,Mozilla/5.0
145835921,2024-06-20T20:24:36.857Z,3d0f86f2-e17f-4f2a-8ca5-154e98f6d68a@deletion-request.substack.com,newsletter,everyone,true,US,,,,,,Mozilla/5.0 (Windows NT 5.1; rv:11.0) Gecko Firefox/11.0 (via ggpht.com GoogleImageProxy)
145835921,2024-06-20T21:16:49.769Z,tyrickstarksatt@gmail.com,newsletter,everyone,true,US,,,,,,Mozilla/5.0 (Windows NT 5.1; rv:11.0) Gecko Firefox/11.0 (via ggpht.com GoogleImageProxy)
145835921,2024-06-20T21:21:27.424Z,tyrickstarksatt@gmail.com,newsletter,everyone,true,US,,,,,,Mozilla/5.0 (Windows NT 5.1; rv:11.0) Gecko Firefox/11.0 (via ggpht.com GoogleImageProxy)
145835921,2024-06-21T00:30:13.932Z,dwightlyman@gmail.com,newsletter,everyone,true,US,,,,,,Mozilla/5.0
145835921,2024-06-21T00:57:50.533Z,rimbsweiler@yahoo.com,newsletter,everyone,false,US,,,,,,Mozilla/5.0
145835921,2024-06-21T05:50:46.591Z,skyjensen@icloud.com,newsletter,everyone,true,US,,,,,,Mozilla/5.0
145835921,2024-06-21T18:43:11.650Z,skyjensen@icloud.com,newsletter,everyone,true,US,,,,,,Mozilla/5.0
145835921,2024-06-22T08:09:01.611Z,itzhak.samara@gmail.com,newsletter,everyone,true,US,,,,,,Mozilla/5.0 (Windows NT 5.1; rv:11.0) Gecko Firefox/11.0 (via ggpht.com GoogleImageProxy)
145835921,2024-06-22T21:17:50.470Z,alminivdmerwe@gmail.com,newsletter,everyone,true,LI,,,,,,Mozilla/5.0
145835921,2024-06-23T17:43:32.999Z,zach.bartell.writer@gmail.com,newsletter,everyone,true,US,,,,,,Mozilla/5.0
