post_id,timestamp,email,post_type,post_audience,active_subscription
145909021,2024-06-23T06:18:06.409Z,Experimentalunit317@gmail.com,newsletter,everyone,false
145909021,2024-06-23T06:18:08.103Z,rimbsweiler@yahoo.com,newsletter,everyone,false
145909021,2024-06-23T06:18:08.913Z,dwightlyman@gmail.com,newsletter,everyone,true
145909021,2024-06-23T06:18:09.550Z,kadirgemici066@gmail.com,newsletter,everyone,true
145909021,2024-06-23T06:18:09.958Z,mrnononsense02@gmail.com,newsletter,everyone,true
145909021,2024-06-23T06:18:10.399Z,raynottwoodbead@gmail.com,newsletter,everyone,true
145909021,2024-06-23T06:18:10.416Z,kalakaldruzuzu@gmail.com,newsletter,everyone,true
145909021,2024-06-23T06:18:10.769Z,rimbsweiler@gmail.com,newsletter,everyone,true
145909021,2024-06-23T06:18:10.817Z,alminivdmerwe@gmail.com,newsletter,everyone,true
145909021,2024-06-23T06:18:10.852Z,zutorilla@gmail.com,newsletter,everyone,true
145909021,2024-06-23T06:18:10.853Z,zach.bartell.writer@gmail.com,newsletter,everyone,true
145909021,2024-06-23T06:18:10.859Z,tyrickstarksatt@gmail.com,newsletter,everyone,true
145909021,2024-06-23T06:18:10.873Z,djcart137@gmail.com,newsletter,everyone,true
145909021,2024-06-23T06:18:10.885Z,ianwilmoth@gmail.com,newsletter,everyone,true
145909021,2024-06-23T06:18:10.898Z,itzhak.samara@gmail.com,newsletter,everyone,true
145909021,2024-06-23T06:18:10.952Z,calebgrasse@gmail.com,newsletter,everyone,true
145909021,2024-06-23T06:18:10.954Z,3d0f86f2-e17f-4f2a-8ca5-154e98f6d68a@deletion-request.substack.com,newsletter,everyone,true
145909021,2024-06-23T06:18:10.970Z,Twadley@gmail.com,newsletter,everyone,true
145909021,2024-06-23T06:18:10.973Z,beer64925@gmail.com,newsletter,everyone,true
145909021,2024-06-23T06:18:10.997Z,apollohlynch@gmail.com,newsletter,everyone,true
145909021,2024-06-23T06:18:11.017Z,shien.getsuto@gmail.com,newsletter,everyone,true
145909021,2024-06-23T06:18:11.037Z,briana.j.carroll@gmail.com,newsletter,everyone,true
145909021,2024-06-23T06:18:11.133Z,omarionburgess45@gmail.com,newsletter,everyone,true
145909021,2024-06-23T06:18:11.152Z,ahershmc@aol.com,newsletter,everyone,true
145909021,2024-06-23T06:18:11.405Z,Nondescriptfaith@gmail.com,newsletter,everyone,true
145909021,2024-06-23T06:18:12.171Z,daniellemtobias@gmail.com,newsletter,everyone,true
145909021,2024-06-23T06:18:12.342Z,nicholasjohnsoneugene@gmail.com,newsletter,everyone,true
145909021,2024-06-23T06:18:12.342Z,adooleycox@gmail.com,newsletter,everyone,true
145909021,2024-06-23T06:18:12.348Z,nadahlberg@gmail.com,newsletter,everyone,true
145909021,2024-06-23T06:18:12.441Z,skyjensen@icloud.com,newsletter,everyone,true
145909021,2024-06-23T06:18:12.851Z,justinaugustwellington@gmail.com,newsletter,everyone,true
145909021,2024-06-23T06:18:18.713Z,rossllewallyn@proton.me,newsletter,everyone,true
