post_id,timestamp,email,post_type,post_audience,active_subscription
146048479,2025-02-09T20:43:50.732Z,kalakaldruzuzu@gmail.com,newsletter,everyone,true
146048479,2025-02-09T20:43:50.737Z,zach.bartell.writer@gmail.com,newsletter,everyone,true
146048479,2025-02-09T20:43:50.742Z,raynottwoodbead@gmail.com,newsletter,everyone,true
146048479,2025-02-09T20:43:50.752Z,djcart137@gmail.com,newsletter,everyone,true
146048479,2025-02-09T20:43:50.828Z,beansocolofsky@gmail.com,newsletter,everyone,true
146048479,2025-02-09T20:43:50.898Z,rimbsweiler@yahoo.com,newsletter,everyone,false
146048479,2025-02-09T20:43:50.920Z,3d0f86f2-e17f-4f2a-8ca5-154e98f6d68a@deletion-request.substack.com,newsletter,everyone,true
146048479,2025-02-09T20:43:51.019Z,beer64925@gmail.com,newsletter,everyone,true
146048479,2025-02-09T20:43:51.096Z,mrnononsense02@gmail.com,newsletter,everyone,true
146048479,2025-02-09T20:43:51.100Z,kadirgemici066@gmail.com,newsletter,everyone,true
146048479,2025-02-09T20:43:51.103Z,lennoxgravox@gmail.com,newsletter,everyone,true
146048479,2025-02-09T20:43:51.143Z,nathanhaile11@gmail.com,newsletter,everyone,true
146048479,2025-02-09T20:43:51.154Z,evangelinepressblog@gmail.com,newsletter,everyone,true
146048479,2025-02-09T20:43:51.277Z,justinaugustwellington@gmail.com,newsletter,everyone,true
146048479,2025-02-09T20:43:51.359Z,bky074a@gmail.com,newsletter,everyone,true
146048479,2025-02-09T20:43:51.425Z,mileswilsondc@gmail.com,newsletter,everyone,true
146048479,2025-02-09T20:43:51.517Z,semakpa@gmail.com,newsletter,everyone,true
146048479,2025-02-09T20:43:51.550Z,dwightlyman@gmail.com,newsletter,everyone,true
146048479,2025-02-09T20:43:51.655Z,itzhak.samara@gmail.com,newsletter,everyone,true
146048479,2025-02-09T20:43:51.718Z,Experimentalunit317@gmail.com,newsletter,everyone,false
146048479,2025-02-09T20:43:51.729Z,Twadley@gmail.com,newsletter,everyone,true
146048479,2025-02-09T20:43:51.741Z,rimbsweiler@gmail.com,newsletter,everyone,true
146048479,2025-02-09T20:43:51.750Z,briana.j.carroll@gmail.com,newsletter,everyone,true
146048479,2025-02-09T20:43:51.787Z,calebgrasse@gmail.com,newsletter,everyone,true
146048479,2025-02-09T20:43:51.862Z,shien.getsuto@gmail.com,newsletter,everyone,true
146048479,2025-02-09T20:43:51.869Z,alminivdmerwe@gmail.com,newsletter,everyone,true
146048479,2025-02-09T20:43:51.893Z,rwlbmitchell@gmail.com,newsletter,everyone,true
146048479,2025-02-09T20:43:51.896Z,growlyted@gmail.com,newsletter,everyone,true
146048479,2025-02-09T20:43:51.919Z,jasontrew@gmail.com,newsletter,everyone,true
146048479,2025-02-09T20:43:51.969Z,gdg2018mm5@gmail.com,newsletter,everyone,true
146048479,2025-02-09T20:43:51.996Z,ianwilmoth@gmail.com,newsletter,everyone,true
146048479,2025-02-09T20:43:52.015Z,adooleycox@gmail.com,newsletter,everyone,true
146048479,2025-02-09T20:43:52.234Z,virknavkaur@gmail.com,newsletter,everyone,true
146048479,2025-02-09T20:43:52.290Z,harrisbrian321@gmail.com,newsletter,everyone,true
146048479,2025-02-09T20:43:52.402Z,ahershmc@aol.com,newsletter,everyone,true
146048479,2025-02-09T20:43:52.415Z,ozs2@cornell.edu,newsletter,everyone,true
146048479,2025-02-09T20:43:52.557Z,borealspain@yahoo.co.uk,newsletter,everyone,true
146048479,2025-02-09T20:43:52.577Z,apollohlynch@gmail.com,newsletter,everyone,true
146048479,2025-02-09T20:43:53.143Z,zutorilla@gmail.com,newsletter,everyone,true
146048479,2025-02-09T20:43:53.444Z,theory.nifty438@passinbox.com,newsletter,everyone,true
146048479,2025-02-09T20:43:53.687Z,ptdaris@uol.com.br,newsletter,everyone,true
146048479,2025-02-09T20:43:54.368Z,dennis@burns.org,newsletter,everyone,true
146048479,2025-02-09T20:43:56.767Z,skyjensen@icloud.com,newsletter,everyone,true
