post_id,timestamp,email,post_type,post_audience,active_subscription,country,city,region,device_type,client_os,client_type,user_agent
146048479,2025-02-09T20:53:25.535Z,mileswilsondc@gmail.com,newsletter,everyone,true,US,,,,,,Mozilla/5.0 (Windows NT 5.1; rv:11.0) Gecko Firefox/11.0 (via ggpht.com GoogleImageProxy)
146048479,2025-02-09T20:54:03.231Z,mileswilsondc@gmail.com,newsletter,everyone,true,US,,,,,,Mozilla/5.0
146048479,2025-02-09T21:01:37.585Z,borealspain@yahoo.co.uk,newsletter,everyone,true,US,,,,,,Mozilla/5.0
146048479,2025-02-09T21:02:58.777Z,alminivdmerwe@gmail.com,newsletter,everyone,true,LI,,,,,,Mozilla/5.0
146048479,2025-02-09T21:06:01.508Z,skyjensen@icloud.com,newsletter,everyone,true,US,,,,,,Mozilla/5.0
146048479,2025-02-09T21:12:56.938Z,ianwilmoth@gmail.com,newsletter,everyone,true,US,,,,,,Mozilla/5.0
146048479,2025-02-09T22:17:29.792Z,ptdaris@uol.com.br,newsletter,everyone,true,BR,,,,,,Mozilla/4.0 (compatible; ms-office; MSOffice 16)
146048479,2025-02-10T01:55:00.971Z,lennoxgravox@gmail.com,newsletter,everyone,true,US,,,,,,Mozilla/5.0 (Windows NT 5.1; rv:11.0) Gecko Firefox/11.0 (via ggpht.com GoogleImageProxy)
146048479,2025-02-10T04:17:00.864Z,jasontrew@gmail.com,newsletter,everyone,true,US,,,,,,Mozilla/5.0
146048479,2025-02-10T05:02:59.504Z,skyjensen@icloud.com,newsletter,everyone,true,US,,,,,,Mozilla/5.0
146048479,2025-02-10T08:08:16.425Z,alminivdmerwe@gmail.com,newsletter,everyone,true,LI,,,,,,Mozilla/5.0
146048479,2025-02-10T12:03:50.599Z,bky074a@gmail.com,newsletter,everyone,true,US,,,,,,Mozilla/5.0 (Windows NT 5.1; rv:11.0) Gecko Firefox/11.0 (via ggpht.com GoogleImageProxy)
146048479,2025-02-10T14:29:30.235Z,rimbsweiler@yahoo.com,newsletter,everyone,false,US,,,,,,Mozilla/5.0
146048479,2025-02-10T15:29:53.295Z,apollohlynch@gmail.com,newsletter,everyone,true,US,,,,,,Mozilla/5.0
146048479,2025-02-10T16:03:05.339Z,harrisbrian321@gmail.com,newsletter,everyone,true,CA,,,,,,Mozilla/5.0
146048479,2025-02-11T03:20:27.234Z,zach.bartell.writer@gmail.com,newsletter,everyone,true,US,,,,,,Mozilla/5.0
146048479,2025-02-12T14:38:51.291Z,briana.j.carroll@gmail.com,newsletter,everyone,true,US,,,,,,Mozilla/5.0 (Windows NT 5.1; rv:11.0) Gecko Firefox/11.0 (via ggpht.com GoogleImageProxy)
146048479,2025-02-12T14:40:11.114Z,briana.j.carroll@gmail.com,newsletter,everyone,true,US,,,,,,Mozilla/5.0 (Windows NT 5.1; rv:11.0) Gecko Firefox/11.0 (via ggpht.com GoogleImageProxy)
146048479,2025-02-26T04:22:27.922Z,nathanhaile11@gmail.com,newsletter,everyone,true,MX,,,,,,Mozilla/5.0
