post_id,timestamp,email,post_type,post_audience,active_subscription
146557972,2024-07-13T05:53:11.754Z,Experimentalunit317@gmail.com,newsletter,everyone,false
146557972,2024-07-13T05:53:13.353Z,rimbsweiler@yahoo.com,newsletter,everyone,false
146557972,2024-07-13T05:53:14.668Z,3d0f86f2-e17f-4f2a-8ca5-154e98f6d68a@deletion-request.substack.com,newsletter,everyone,true
146557972,2024-07-13T05:53:14.783Z,raynottwoodbead@gmail.com,newsletter,everyone,true
146557972,2024-07-13T05:53:14.813Z,zach.bartell.writer@gmail.com,newsletter,everyone,true
146557972,2024-07-13T05:53:15.021Z,beer64925@gmail.com,newsletter,everyone,true
146557972,2024-07-13T05:53:15.246Z,dwightlyman@gmail.com,newsletter,everyone,true
146557972,2024-07-13T05:53:16.284Z,mrnononsense02@gmail.com,newsletter,everyone,true
146557972,2024-07-13T05:53:16.651Z,justinaugustwellington@gmail.com,newsletter,everyone,true
146557972,2024-07-13T05:53:17.808Z,calebgrasse@gmail.com,newsletter,everyone,true
146557972,2024-07-13T05:53:17.873Z,itzhak.samara@gmail.com,newsletter,everyone,true
146557972,2024-07-13T05:53:17.896Z,bky074a@gmail.com,newsletter,everyone,true
146557972,2024-07-13T05:53:17.924Z,omarionburgess45@gmail.com,newsletter,everyone,true
146557972,2024-07-13T05:53:18.242Z,Twadley@gmail.com,newsletter,everyone,true
146557972,2024-07-13T05:53:18.395Z,daniellemtobias@gmail.com,newsletter,everyone,true
146557972,2024-07-13T05:53:18.464Z,ahershmc@aol.com,newsletter,everyone,true
146557972,2024-07-13T05:53:18.749Z,adooleycox@gmail.com,newsletter,everyone,true
146557972,2024-07-13T05:53:18.774Z,nadahlberg@gmail.com,newsletter,everyone,true
146557972,2024-07-13T05:53:20.099Z,kadirgemici066@gmail.com,newsletter,everyone,true
146557972,2024-07-13T05:53:20.321Z,routekanal17@gmail.com,newsletter,everyone,true
146557972,2024-07-13T05:53:20.411Z,kalakaldruzuzu@gmail.com,newsletter,everyone,true
146557972,2024-07-13T05:53:20.439Z,nicholasjohnsoneugene@gmail.com,newsletter,everyone,true
146557972,2024-07-13T05:53:21.174Z,rossllewallyn@proton.me,newsletter,everyone,true
146557972,2024-07-13T05:53:24.216Z,rimbsweiler@gmail.com,newsletter,everyone,true
146557972,2024-07-13T05:53:24.228Z,briana.j.carroll@gmail.com,newsletter,everyone,true
146557972,2024-07-13T05:53:24.353Z,zutorilla@gmail.com,newsletter,everyone,true
146557972,2024-07-13T05:53:24.488Z,taylormcbee@yahoo.com,newsletter,everyone,true
146557972,2024-07-13T05:53:24.490Z,apollohlynch@gmail.com,newsletter,everyone,true
146557972,2024-07-13T05:53:24.560Z,shien.getsuto@gmail.com,newsletter,everyone,true
146557972,2024-07-13T05:53:24.589Z,ianwilmoth@gmail.com,newsletter,everyone,true
146557972,2024-07-13T05:53:24.642Z,alminivdmerwe@gmail.com,newsletter,everyone,true
146557972,2024-07-13T05:53:24.719Z,djcart137@gmail.com,newsletter,everyone,true
146557972,2024-07-13T05:53:24.776Z,tyrickstarksatt@gmail.com,newsletter,everyone,true
146557972,2024-07-13T05:53:24.976Z,Nondescriptfaith@gmail.com,newsletter,everyone,true
146557972,2024-07-13T05:53:27.056Z,skyjensen@icloud.com,newsletter,everyone,true
