post_id,timestamp,email,post_type,post_audience,active_subscription
146590613,2025-02-09T20:43:29.868Z,dwightlyman@gmail.com,newsletter,everyone,true
146590613,2025-02-09T20:43:29.980Z,beansocolofsky@gmail.com,newsletter,everyone,true
146590613,2025-02-09T20:43:30.042Z,Experimentalunit317@gmail.com,newsletter,everyone,false
146590613,2025-02-09T20:43:30.316Z,rimbsweiler@yahoo.com,newsletter,everyone,false
146590613,2025-02-09T20:43:30.415Z,nathanhaile11@gmail.com,newsletter,everyone,true
146590613,2025-02-09T20:43:30.438Z,kadirgemici066@gmail.com,newsletter,everyone,true
146590613,2025-02-09T20:43:30.494Z,evangelinepressblog@gmail.com,newsletter,everyone,true
146590613,2025-02-09T20:43:30.563Z,justinaugustwellington@gmail.com,newsletter,everyone,true
146590613,2025-02-09T20:43:30.580Z,raynottwoodbead@gmail.com,newsletter,everyone,true
146590613,2025-02-09T20:43:30.608Z,djcart137@gmail.com,newsletter,everyone,true
146590613,2025-02-09T20:43:30.625Z,3d0f86f2-e17f-4f2a-8ca5-154e98f6d68a@deletion-request.substack.com,newsletter,everyone,true
146590613,2025-02-09T20:43:30.628Z,mrnononsense02@gmail.com,newsletter,everyone,true
146590613,2025-02-09T20:43:30.630Z,zach.bartell.writer@gmail.com,newsletter,everyone,true
146590613,2025-02-09T20:43:30.683Z,lennoxgravox@gmail.com,newsletter,everyone,true
146590613,2025-02-09T20:43:30.741Z,kalakaldruzuzu@gmail.com,newsletter,everyone,true
146590613,2025-02-09T20:43:30.921Z,mileswilsondc@gmail.com,newsletter,everyone,true
146590613,2025-02-09T20:43:30.947Z,bky074a@gmail.com,newsletter,everyone,true
146590613,2025-02-09T20:43:31.012Z,harrisbrian321@gmail.com,newsletter,everyone,true
146590613,2025-02-09T20:43:31.055Z,gdg2018mm5@gmail.com,newsletter,everyone,true
146590613,2025-02-09T20:43:31.115Z,Twadley@gmail.com,newsletter,everyone,true
146590613,2025-02-09T20:43:31.130Z,briana.j.carroll@gmail.com,newsletter,everyone,true
146590613,2025-02-09T20:43:31.132Z,rimbsweiler@gmail.com,newsletter,everyone,true
146590613,2025-02-09T20:43:31.171Z,beer64925@gmail.com,newsletter,everyone,true
146590613,2025-02-09T20:43:31.206Z,calebgrasse@gmail.com,newsletter,everyone,true
146590613,2025-02-09T20:43:31.313Z,apollohlynch@gmail.com,newsletter,everyone,true
146590613,2025-02-09T20:43:31.321Z,itzhak.samara@gmail.com,newsletter,everyone,true
146590613,2025-02-09T20:43:31.335Z,zutorilla@gmail.com,newsletter,everyone,true
146590613,2025-02-09T20:43:31.411Z,rwlbmitchell@gmail.com,newsletter,everyone,true
146590613,2025-02-09T20:43:31.461Z,jasontrew@gmail.com,newsletter,everyone,true
146590613,2025-02-09T20:43:31.492Z,growlyted@gmail.com,newsletter,everyone,true
146590613,2025-02-09T20:43:31.497Z,semakpa@gmail.com,newsletter,everyone,true
146590613,2025-02-09T20:43:31.687Z,shien.getsuto@gmail.com,newsletter,everyone,true
146590613,2025-02-09T20:43:31.721Z,ianwilmoth@gmail.com,newsletter,everyone,true
146590613,2025-02-09T20:43:31.744Z,ptdaris@uol.com.br,newsletter,everyone,true
146590613,2025-02-09T20:43:31.759Z,alminivdmerwe@gmail.com,newsletter,everyone,true
146590613,2025-02-09T20:43:31.885Z,virknavkaur@gmail.com,newsletter,everyone,true
146590613,2025-02-09T20:43:31.982Z,adooleycox@gmail.com,newsletter,everyone,true
146590613,2025-02-09T20:43:32.151Z,ahershmc@aol.com,newsletter,everyone,true
146590613,2025-02-09T20:43:32.368Z,borealspain@yahoo.co.uk,newsletter,everyone,true
146590613,2025-02-09T20:43:32.589Z,ozs2@cornell.edu,newsletter,everyone,true
146590613,2025-02-09T20:43:32.706Z,theory.nifty438@passinbox.com,newsletter,everyone,true
146590613,2025-02-09T20:43:34.879Z,dennis@burns.org,newsletter,everyone,true
146590613,2025-02-09T20:43:36.215Z,skyjensen@icloud.com,newsletter,everyone,true
