post_id,timestamp,email,post_type,post_audience,active_subscription,country,city,region,device_type,client_os,client_type,user_agent
146590613,2025-02-09T20:51:38.609Z,briana.j.carroll@gmail.com,newsletter,everyone,true,US,,,,,,Mozilla/5.0 (Windows NT 5.1; rv:11.0) Gecko Firefox/11.0 (via ggpht.com GoogleImageProxy)
146590613,2025-02-09T20:53:25.663Z,mileswilsondc@gmail.com,newsletter,everyone,true,US,,,,,,Mozilla/5.0 (Windows NT 5.1; rv:11.0) Gecko Firefox/11.0 (via ggpht.com GoogleImageProxy)
146590613,2025-02-09T20:54:03.224Z,mileswilsondc@gmail.com,newsletter,everyone,true,US,,,,,,Mozilla/5.0
146590613,2025-02-09T20:56:28.118Z,briana.j.carroll@gmail.com,newsletter,everyone,true,US,,,,,,Mozilla/5.0 (Windows NT 5.1; rv:11.0) Gecko Firefox/11.0 (via ggpht.com GoogleImageProxy)
146590613,2025-02-09T21:01:37.586Z,borealspain@yahoo.co.uk,newsletter,everyone,true,US,,,,,,Mozilla/5.0
146590613,2025-02-09T21:02:58.806Z,alminivdmerwe@gmail.com,newsletter,everyone,true,LI,,,,,,Mozilla/5.0
146590613,2025-02-09T21:06:01.508Z,skyjensen@icloud.com,newsletter,everyone,true,US,,,,,,Mozilla/5.0
146590613,2025-02-09T22:17:31.468Z,ptdaris@uol.com.br,newsletter,everyone,true,BR,,,,,,Mozilla/4.0 (compatible; ms-office; MSOffice 16)
146590613,2025-02-10T02:51:55.702Z,ianwilmoth@gmail.com,newsletter,everyone,true,US,,,,,,Mozilla/5.0
146590613,2025-02-10T04:17:00.904Z,jasontrew@gmail.com,newsletter,everyone,true,US,,,,,,Mozilla/5.0
146590613,2025-02-10T05:02:59.323Z,skyjensen@icloud.com,newsletter,everyone,true,US,,,,,,Mozilla/5.0
146590613,2025-02-10T08:08:16.426Z,alminivdmerwe@gmail.com,newsletter,everyone,true,LI,,,,,,Mozilla/5.0
146590613,2025-02-10T14:29:30.235Z,rimbsweiler@yahoo.com,newsletter,everyone,false,US,,,,,,Mozilla/5.0
146590613,2025-02-10T15:29:53.292Z,apollohlynch@gmail.com,newsletter,everyone,true,US,,,,,,Mozilla/5.0
146590613,2025-02-10T16:03:05.339Z,harrisbrian321@gmail.com,newsletter,everyone,true,CA,,,,,,Mozilla/5.0
146590613,2025-02-11T03:20:27.235Z,zach.bartell.writer@gmail.com,newsletter,everyone,true,US,,,,,,Mozilla/5.0
146590613,2025-02-11T17:29:06.771Z,gdg2018mm5@gmail.com,newsletter,everyone,true,US,,,,,,Mozilla/5.0 (Windows NT 5.1; rv:11.0) Gecko Firefox/11.0 (via ggpht.com GoogleImageProxy)
146590613,2025-02-26T04:22:27.927Z,nathanhaile11@gmail.com,newsletter,everyone,true,MX,,,,,,Mozilla/5.0
