post_id,timestamp,email,post_type,post_audience,active_subscription,country,city,region,device_type,client_os,client_type,user_agent
146617374,2025-02-09T20:51:46.371Z,briana.j.carroll@gmail.com,newsletter,everyone,true,US,,,,,,Mozilla/5.0 (Windows NT 5.1; rv:11.0) Gecko Firefox/11.0 (via ggpht.com GoogleImageProxy)
146617374,2025-02-09T20:53:13.580Z,briana.j.carroll@gmail.com,newsletter,everyone,true,US,,,,,,Mozilla/5.0 (Windows NT 5.1; rv:11.0) Gecko Firefox/11.0 (via ggpht.com GoogleImageProxy)
146617374,2025-02-09T20:53:25.478Z,mileswilsondc@gmail.com,newsletter,everyone,true,US,,,,,,Mozilla/5.0 (Windows NT 5.1; rv:11.0) Gecko Firefox/11.0 (via ggpht.com GoogleImageProxy)
146617374,2025-02-09T20:54:03.230Z,mileswilsondc@gmail.com,newsletter,everyone,true,US,,,,,,Mozilla/5.0
146617374,2025-02-09T21:01:37.586Z,borealspain@yahoo.co.uk,newsletter,everyone,true,US,,,,,,Mozilla/5.0
146617374,2025-02-09T21:02:58.777Z,alminivdmerwe@gmail.com,newsletter,everyone,true,LI,,,,,,Mozilla/5.0
146617374,2025-02-09T21:06:01.508Z,skyjensen@icloud.com,newsletter,everyone,true,US,,,,,,Mozilla/5.0
146617374,2025-02-09T21:12:56.941Z,ianwilmoth@gmail.com,newsletter,everyone,true,US,,,,,,Mozilla/5.0
146617374,2025-02-09T22:17:48.512Z,ptdaris@uol.com.br,newsletter,everyone,true,BR,,,,,,Mozilla/4.0 (compatible; ms-office; MSOffice 16)
146617374,2025-02-10T04:17:00.865Z,jasontrew@gmail.com,newsletter,everyone,true,US,,,,,,Mozilla/5.0
146617374,2025-02-10T05:02:59.323Z,skyjensen@icloud.com,newsletter,everyone,true,US,,,,,,Mozilla/5.0
146617374,2025-02-10T08:08:16.426Z,alminivdmerwe@gmail.com,newsletter,everyone,true,LI,,,,,,Mozilla/5.0
146617374,2025-02-10T14:29:30.234Z,rimbsweiler@yahoo.com,newsletter,everyone,false,US,,,,,,Mozilla/5.0
146617374,2025-02-10T15:29:53.296Z,apollohlynch@gmail.com,newsletter,everyone,true,US,,,,,,Mozilla/5.0
146617374,2025-02-10T16:03:05.340Z,harrisbrian321@gmail.com,newsletter,everyone,true,CA,,,,,,Mozilla/5.0
146617374,2025-02-11T03:20:27.228Z,zach.bartell.writer@gmail.com,newsletter,everyone,true,US,,,,,,Mozilla/5.0
146617374,2025-02-26T04:22:27.937Z,nathanhaile11@gmail.com,newsletter,everyone,true,MX,,,,,,Mozilla/5.0
