post_id,timestamp,email,post_type,post_audience,active_subscription
146617374,2025-02-09T20:43:08.413Z,dwightlyman@gmail.com,newsletter,everyone,true
146617374,2025-02-09T20:43:09.110Z,justinaugustwellington@gmail.com,newsletter,everyone,true
146617374,2025-02-09T20:43:09.113Z,kadirgemici066@gmail.com,newsletter,everyone,true
146617374,2025-02-09T20:43:09.166Z,gdg2018mm5@gmail.com,newsletter,everyone,true
146617374,2025-02-09T20:43:09.216Z,beansocolofsky@gmail.com,newsletter,everyone,true
146617374,2025-02-09T20:43:09.241Z,nathanhaile11@gmail.com,newsletter,everyone,true
146617374,2025-02-09T20:43:09.243Z,mrnononsense02@gmail.com,newsletter,everyone,true
146617374,2025-02-09T20:43:09.640Z,rimbsweiler@gmail.com,newsletter,everyone,true
146617374,2025-02-09T20:43:09.650Z,lennoxgravox@gmail.com,newsletter,everyone,true
146617374,2025-02-09T20:43:09.737Z,alminivdmerwe@gmail.com,newsletter,everyone,true
146617374,2025-02-09T20:43:09.738Z,shien.getsuto@gmail.com,newsletter,everyone,true
146617374,2025-02-09T20:43:09.750Z,Twadley@gmail.com,newsletter,everyone,true
146617374,2025-02-09T20:43:09.759Z,apollohlynch@gmail.com,newsletter,everyone,true
146617374,2025-02-09T20:43:09.797Z,ianwilmoth@gmail.com,newsletter,everyone,true
146617374,2025-02-09T20:43:09.819Z,zutorilla@gmail.com,newsletter,everyone,true
146617374,2025-02-09T20:43:09.855Z,growlyted@gmail.com,newsletter,everyone,true
146617374,2025-02-09T20:43:09.866Z,bky074a@gmail.com,newsletter,everyone,true
146617374,2025-02-09T20:43:09.905Z,jasontrew@gmail.com,newsletter,everyone,true
146617374,2025-02-09T20:43:09.989Z,kalakaldruzuzu@gmail.com,newsletter,everyone,true
146617374,2025-02-09T20:43:10.022Z,beer64925@gmail.com,newsletter,everyone,true
146617374,2025-02-09T20:43:10.024Z,djcart137@gmail.com,newsletter,everyone,true
146617374,2025-02-09T20:43:10.026Z,3d0f86f2-e17f-4f2a-8ca5-154e98f6d68a@deletion-request.substack.com,newsletter,everyone,true
146617374,2025-02-09T20:43:10.056Z,virknavkaur@gmail.com,newsletter,everyone,true
146617374,2025-02-09T20:43:10.064Z,zach.bartell.writer@gmail.com,newsletter,everyone,true
146617374,2025-02-09T20:43:10.068Z,calebgrasse@gmail.com,newsletter,everyone,true
146617374,2025-02-09T20:43:10.219Z,Experimentalunit317@gmail.com,newsletter,everyone,false
146617374,2025-02-09T20:43:10.286Z,rwlbmitchell@gmail.com,newsletter,everyone,true
146617374,2025-02-09T20:43:10.299Z,ozs2@cornell.edu,newsletter,everyone,true
146617374,2025-02-09T20:43:10.369Z,ahershmc@aol.com,newsletter,everyone,true
146617374,2025-02-09T20:43:10.370Z,itzhak.samara@gmail.com,newsletter,everyone,true
146617374,2025-02-09T20:43:10.370Z,mileswilsondc@gmail.com,newsletter,everyone,true
146617374,2025-02-09T20:43:10.381Z,evangelinepressblog@gmail.com,newsletter,everyone,true
146617374,2025-02-09T20:43:10.408Z,harrisbrian321@gmail.com,newsletter,everyone,true
146617374,2025-02-09T20:43:10.513Z,semakpa@gmail.com,newsletter,everyone,true
146617374,2025-02-09T20:43:10.563Z,briana.j.carroll@gmail.com,newsletter,everyone,true
146617374,2025-02-09T20:43:10.568Z,rimbsweiler@yahoo.com,newsletter,everyone,false
146617374,2025-02-09T20:43:10.613Z,raynottwoodbead@gmail.com,newsletter,everyone,true
146617374,2025-02-09T20:43:10.641Z,adooleycox@gmail.com,newsletter,everyone,true
146617374,2025-02-09T20:43:11.053Z,theory.nifty438@passinbox.com,newsletter,everyone,true
146617374,2025-02-09T20:43:11.074Z,ptdaris@uol.com.br,newsletter,everyone,true
146617374,2025-02-09T20:43:11.296Z,borealspain@yahoo.co.uk,newsletter,everyone,true
146617374,2025-02-09T20:43:12.309Z,dennis@burns.org,newsletter,everyone,true
146617374,2025-02-09T20:43:12.489Z,skyjensen@icloud.com,newsletter,everyone,true
