post_id,timestamp,email,post_type,post_audience,active_subscription
147238186,2024-08-01T15:55:30.381Z,Experimentalunit317@gmail.com,newsletter,everyone,false
147238186,2024-08-01T15:55:34.423Z,rimbsweiler@yahoo.com,newsletter,everyone,false
147238186,2024-08-01T15:55:35.460Z,dwightlyman@gmail.com,newsletter,everyone,true
147238186,2024-08-01T15:55:35.540Z,beansocolofsky@gmail.com,newsletter,everyone,true
147238186,2024-08-01T15:55:36.705Z,mrnononsense02@gmail.com,newsletter,everyone,true
147238186,2024-08-01T15:55:36.838Z,justinaugustwellington@gmail.com,newsletter,everyone,true
147238186,2024-08-01T15:55:36.985Z,kadirgemici066@gmail.com,newsletter,everyone,true
147238186,2024-08-01T15:55:43.920Z,kalakaldruzuzu@gmail.com,newsletter,everyone,true
147238186,2024-08-01T15:55:44.070Z,zach.bartell.writer@gmail.com,newsletter,everyone,true
147238186,2024-08-01T15:55:44.358Z,beer64925@gmail.com,newsletter,everyone,true
147238186,2024-08-01T15:55:44.537Z,raynottwoodbead@gmail.com,newsletter,everyone,true
147238186,2024-08-01T15:55:44.538Z,routekanal17@gmail.com,newsletter,everyone,true
147238186,2024-08-01T15:55:44.600Z,3d0f86f2-e17f-4f2a-8ca5-154e98f6d68a@deletion-request.substack.com,newsletter,everyone,true
147238186,2024-08-01T15:55:44.943Z,Twadley@gmail.com,newsletter,everyone,true
147238186,2024-08-01T15:55:44.973Z,rimbsweiler@gmail.com,newsletter,everyone,true
147238186,2024-08-01T15:55:45.056Z,shien.getsuto@gmail.com,newsletter,everyone,true
147238186,2024-08-01T15:55:45.132Z,zutorilla@gmail.com,newsletter,everyone,true
147238186,2024-08-01T15:55:45.189Z,bky074a@gmail.com,newsletter,everyone,true
147238186,2024-08-01T15:55:45.254Z,briana.j.carroll@gmail.com,newsletter,everyone,true
147238186,2024-08-01T15:55:45.260Z,apollohlynch@gmail.com,newsletter,everyone,true
147238186,2024-08-01T15:55:45.272Z,tyrickstarksatt@gmail.com,newsletter,everyone,true
147238186,2024-08-01T15:55:45.318Z,ahershmc@aol.com,newsletter,everyone,true
147238186,2024-08-01T15:55:45.322Z,alminivdmerwe@gmail.com,newsletter,everyone,true
147238186,2024-08-01T15:55:45.345Z,djcart137@gmail.com,newsletter,everyone,true
147238186,2024-08-01T15:55:45.392Z,calebgrasse@gmail.com,newsletter,everyone,true
147238186,2024-08-01T15:55:45.392Z,itzhak.samara@gmail.com,newsletter,everyone,true
147238186,2024-08-01T15:55:45.581Z,ianwilmoth@gmail.com,newsletter,everyone,true
147238186,2024-08-01T15:55:45.825Z,omarionburgess45@gmail.com,newsletter,everyone,true
147238186,2024-08-01T15:55:45.992Z,taylormcbee@yahoo.com,newsletter,everyone,true
147238186,2024-08-01T15:55:46.240Z,nadahlberg@gmail.com,newsletter,everyone,true
147238186,2024-08-01T15:55:46.266Z,daniellemtobias@gmail.com,newsletter,everyone,true
147238186,2024-08-01T15:55:46.335Z,adooleycox@gmail.com,newsletter,everyone,true
147238186,2024-08-01T15:55:46.423Z,nicholasjohnsoneugene@gmail.com,newsletter,everyone,true
147238186,2024-08-01T15:55:49.128Z,rossllewallyn@proton.me,newsletter,everyone,true
147238186,2024-08-01T15:55:51.606Z,skyjensen@icloud.com,newsletter,everyone,true
