post_id,timestamp,email,post_type,post_audience,active_subscription,country,city,region,device_type,client_os,client_type,user_agent
147238186,2024-08-01T15:55:47.573Z,Experimentalunit317@gmail.com,newsletter,everyone,false,US,,,,,,Mozilla/5.0 (Windows NT 5.1; rv:11.0) Gecko Firefox/11.0 (via ggpht.com GoogleImageProxy)
147238186,2024-08-01T15:55:48.775Z,Experimentalunit317@gmail.com,newsletter,everyone,false,US,,,,,,Mozilla/5.0 (Windows NT 5.1; rv:11.0) Gecko Firefox/11.0 (via ggpht.com GoogleImageProxy)
147238186,2024-08-01T15:57:16.604Z,omarionburgess45@gmail.com,newsletter,everyone,true,US,,,,,,Mozilla/5.0 (Windows NT 5.1; rv:11.0) Gecko Firefox/11.0 (via ggpht.com GoogleImageProxy)
147238186,2024-08-01T19:29:11.922Z,briana.j.carroll@gmail.com,newsletter,everyone,true,US,,,,,,Mozilla/5.0 (Windows NT 5.1; rv:11.0) Gecko Firefox/11.0 (via ggpht.com GoogleImageProxy)
147238186,2024-08-01T20:01:07.766Z,ianwilmoth@gmail.com,newsletter,everyone,true,US,,,,,,Mozilla/5.0 (Windows NT 5.1; rv:11.0) Gecko Firefox/11.0 (via ggpht.com GoogleImageProxy)
147238186,2024-08-01T20:47:31.481Z,skyjensen@icloud.com,newsletter,everyone,true,US,,,,,,Mozilla/5.0
147238186,2024-08-01T21:23:38.436Z,alminivdmerwe@gmail.com,newsletter,everyone,true,LI,,,,,,Mozilla/5.0
147238186,2024-08-02T00:48:41.583Z,ianwilmoth@gmail.com,newsletter,everyone,true,US,,,,,,Mozilla/5.0
147238186,2024-08-02T04:25:22.148Z,dwightlyman@gmail.com,newsletter,everyone,true,US,,,,,,Mozilla/5.0
147238186,2024-08-02T10:01:26.712Z,apollohlynch@gmail.com,newsletter,everyone,true,US,,,,,,Mozilla/5.0 (Windows NT 5.1; rv:11.0) Gecko Firefox/11.0 (via ggpht.com GoogleImageProxy)
147238186,2024-08-02T11:28:02.303Z,skyjensen@icloud.com,newsletter,everyone,true,US,,,,,,Mozilla/5.0
147238186,2024-08-02T12:57:34.561Z,rimbsweiler@yahoo.com,newsletter,everyone,false,US,,,,,,Mozilla/5.0
147238186,2024-08-02T13:02:13.738Z,skyjensen@icloud.com,newsletter,everyone,true,US,,,,,,Mozilla/5.0
147238186,2024-08-02T20:27:57.643Z,Experimentalunit317@gmail.com,newsletter,everyone,false,US,,,,,,Mozilla/5.0 (Windows NT 5.1; rv:11.0) Gecko Firefox/11.0 (via ggpht.com GoogleImageProxy)
147238186,2024-08-02T22:34:46.714Z,kadirgemici066@gmail.com,newsletter,everyone,true,US,,,,,,Mozilla/5.0 (Windows NT 5.1; rv:11.0) Gecko Firefox/11.0 (via ggpht.com GoogleImageProxy)
147238186,2024-08-06T21:02:56.150Z,omarionburgess45@gmail.com,newsletter,everyone,true,US,,,,,,Mozilla/5.0 (Windows NT 5.1; rv:11.0) Gecko Firefox/11.0 (via ggpht.com GoogleImageProxy)
147238186,2024-08-12T08:09:05.886Z,tyrickstarksatt@gmail.com,newsletter,everyone,true,US,,,,,,Mozilla/5.0 (Windows NT 5.1; rv:11.0) Gecko Firefox/11.0 (via ggpht.com GoogleImageProxy)
147238186,2024-08-12T08:09:15.683Z,tyrickstarksatt@gmail.com,newsletter,everyone,true,US,,,,,,Mozilla/5.0 (Windows NT 5.1; rv:11.0) Gecko Firefox/11.0 (via ggpht.com GoogleImageProxy)
147238186,2024-08-18T16:26:52.106Z,dwightlyman@gmail.com,newsletter,everyone,true,US,,,,,,Mozilla/5.0
147238186,2024-08-22T19:14:53.502Z,nadahlberg@gmail.com,newsletter,everyone,true,US,,,,,,Mozilla/5.0
147238186,2024-08-24T14:08:37.385Z,apollohlynch@gmail.com,newsletter,everyone,true,US,,,,,,Mozilla/5.0
