post_id,timestamp,email,post_type,post_audience,active_subscription
147900669,2024-08-19T21:39:18.587Z,Experimentalunit317@gmail.com,newsletter,everyone,false
147900669,2024-08-19T21:39:19.957Z,rimbsweiler@yahoo.com,newsletter,everyone,false
147900669,2024-08-19T21:39:20.904Z,dwightlyman@gmail.com,newsletter,everyone,true
147900669,2024-08-19T21:39:20.952Z,beansocolofsky@gmail.com,newsletter,everyone,true
147900669,2024-08-19T21:39:21.870Z,kadirgemici066@gmail.com,newsletter,everyone,true
147900669,2024-08-19T21:39:22.088Z,mrnononsense02@gmail.com,newsletter,everyone,true
147900669,2024-08-19T21:39:22.104Z,raynottwoodbead@gmail.com,newsletter,everyone,true
147900669,2024-08-19T21:39:22.205Z,3d0f86f2-e17f-4f2a-8ca5-154e98f6d68a@deletion-request.substack.com,newsletter,everyone,true
147900669,2024-08-19T21:39:22.212Z,justinaugustwellington@gmail.com,newsletter,everyone,true
147900669,2024-08-19T21:39:22.470Z,beer64925@gmail.com,newsletter,everyone,true
147900669,2024-08-19T21:39:22.494Z,zach.bartell.writer@gmail.com,newsletter,everyone,true
147900669,2024-08-19T21:39:22.510Z,routekanal17@gmail.com,newsletter,everyone,true
147900669,2024-08-19T21:39:22.762Z,kalakaldruzuzu@gmail.com,newsletter,everyone,true
147900669,2024-08-19T21:39:22.981Z,daniellemtobias@gmail.com,newsletter,everyone,true
147900669,2024-08-19T21:39:23.061Z,adooleycox@gmail.com,newsletter,everyone,true
147900669,2024-08-19T21:39:23.089Z,Twadley@gmail.com,newsletter,everyone,true
147900669,2024-08-19T21:39:23.151Z,rimbsweiler@gmail.com,newsletter,everyone,true
147900669,2024-08-19T21:39:23.161Z,briana.j.carroll@gmail.com,newsletter,everyone,true
147900669,2024-08-19T21:39:23.208Z,calebgrasse@gmail.com,newsletter,everyone,true
147900669,2024-08-19T21:39:23.255Z,apollohlynch@gmail.com,newsletter,everyone,true
147900669,2024-08-19T21:39:23.284Z,zutorilla@gmail.com,newsletter,everyone,true
147900669,2024-08-19T21:39:23.366Z,itzhak.samara@gmail.com,newsletter,everyone,true
147900669,2024-08-19T21:39:23.399Z,bky074a@gmail.com,newsletter,everyone,true
147900669,2024-08-19T21:39:23.418Z,ianwilmoth@gmail.com,newsletter,everyone,true
147900669,2024-08-19T21:39:23.423Z,alminivdmerwe@gmail.com,newsletter,everyone,true
147900669,2024-08-19T21:39:23.736Z,shien.getsuto@gmail.com,newsletter,everyone,true
147900669,2024-08-19T21:39:23.934Z,djcart137@gmail.com,newsletter,everyone,true
147900669,2024-08-19T21:39:24.045Z,tyrickstarksatt@gmail.com,newsletter,everyone,true
147900669,2024-08-19T21:39:24.368Z,taylormcbee@yahoo.com,newsletter,everyone,true
147900669,2024-08-19T21:39:24.482Z,ahershmc@aol.com,newsletter,everyone,true
147900669,2024-08-19T21:39:26.085Z,rossllewallyn@proton.me,newsletter,everyone,true
147900669,2024-08-19T21:39:28.222Z,skyjensen@icloud.com,newsletter,everyone,true
