post_id,timestamp,email,post_type,post_audience,active_subscription
147910037,2024-08-20T03:04:30.069Z,Experimentalunit317@gmail.com,newsletter,everyone,false
147910037,2024-08-20T03:04:30.415Z,rimbsweiler@yahoo.com,newsletter,everyone,false
147910037,2024-08-20T03:04:31.673Z,dwightlyman@gmail.com,newsletter,everyone,true
147910037,2024-08-20T03:04:31.768Z,beansocolofsky@gmail.com,newsletter,everyone,true
147910037,2024-08-20T03:04:32.509Z,justinaugustwellington@gmail.com,newsletter,everyone,true
147910037,2024-08-20T03:04:32.728Z,kadirgemici066@gmail.com,newsletter,everyone,true
147910037,2024-08-20T03:04:32.853Z,mrnononsense02@gmail.com,newsletter,everyone,true
147910037,2024-08-20T03:04:33.030Z,routekanal17@gmail.com,newsletter,everyone,true
147910037,2024-08-20T03:04:33.075Z,3d0f86f2-e17f-4f2a-8ca5-154e98f6d68a@deletion-request.substack.com,newsletter,everyone,true
147910037,2024-08-20T03:04:33.083Z,raynottwoodbead@gmail.com,newsletter,everyone,true
147910037,2024-08-20T03:04:33.129Z,beer64925@gmail.com,newsletter,everyone,true
147910037,2024-08-20T03:04:33.129Z,zach.bartell.writer@gmail.com,newsletter,everyone,true
147910037,2024-08-20T03:04:33.156Z,kalakaldruzuzu@gmail.com,newsletter,everyone,true
147910037,2024-08-20T03:04:33.427Z,Twadley@gmail.com,newsletter,everyone,true
147910037,2024-08-20T03:04:33.567Z,rimbsweiler@gmail.com,newsletter,everyone,true
147910037,2024-08-20T03:04:33.719Z,ianwilmoth@gmail.com,newsletter,everyone,true
147910037,2024-08-20T03:04:33.868Z,djcart137@gmail.com,newsletter,everyone,true
147910037,2024-08-20T03:04:33.875Z,apollohlynch@gmail.com,newsletter,everyone,true
147910037,2024-08-20T03:04:33.906Z,briana.j.carroll@gmail.com,newsletter,everyone,true
147910037,2024-08-20T03:04:34.034Z,ahershmc@aol.com,newsletter,everyone,true
147910037,2024-08-20T03:04:34.079Z,bky074a@gmail.com,newsletter,everyone,true
147910037,2024-08-20T03:04:34.196Z,zutorilla@gmail.com,newsletter,everyone,true
147910037,2024-08-20T03:04:34.200Z,itzhak.samara@gmail.com,newsletter,everyone,true
147910037,2024-08-20T03:04:34.354Z,alminivdmerwe@gmail.com,newsletter,everyone,true
147910037,2024-08-20T03:04:34.375Z,tyrickstarksatt@gmail.com,newsletter,everyone,true
147910037,2024-08-20T03:04:34.564Z,shien.getsuto@gmail.com,newsletter,everyone,true
147910037,2024-08-20T03:04:34.576Z,calebgrasse@gmail.com,newsletter,everyone,true
147910037,2024-08-20T03:04:34.594Z,taylormcbee@yahoo.com,newsletter,everyone,true
147910037,2024-08-20T03:04:35.507Z,adooleycox@gmail.com,newsletter,everyone,true
147910037,2024-08-20T03:04:35.514Z,daniellemtobias@gmail.com,newsletter,everyone,true
147910037,2024-08-20T03:04:36.861Z,rossllewallyn@proton.me,newsletter,everyone,true
147910037,2024-08-20T03:04:38.780Z,skyjensen@icloud.com,newsletter,everyone,true
