post_id,timestamp,email,post_type,post_audience,active_subscription
147988485,2024-08-22T05:27:21.482Z,Experimentalunit317@gmail.com,newsletter,everyone,false
147988485,2024-08-22T05:27:26.451Z,dwightlyman@gmail.com,newsletter,everyone,true
147988485,2024-08-22T05:27:26.626Z,rimbsweiler@yahoo.com,newsletter,everyone,false
147988485,2024-08-22T05:27:26.995Z,beansocolofsky@gmail.com,newsletter,everyone,true
147988485,2024-08-22T05:27:28.271Z,raynottwoodbead@gmail.com,newsletter,everyone,true
147988485,2024-08-22T05:27:28.394Z,justinaugustwellington@gmail.com,newsletter,everyone,true
147988485,2024-08-22T05:27:28.487Z,kalakaldruzuzu@gmail.com,newsletter,everyone,true
147988485,2024-08-22T05:27:28.514Z,3d0f86f2-e17f-4f2a-8ca5-154e98f6d68a@deletion-request.substack.com,newsletter,everyone,true
147988485,2024-08-22T05:27:28.645Z,kadirgemici066@gmail.com,newsletter,everyone,true
147988485,2024-08-22T05:27:28.766Z,zach.bartell.writer@gmail.com,newsletter,everyone,true
147988485,2024-08-22T05:27:28.772Z,beer64925@gmail.com,newsletter,everyone,true
147988485,2024-08-22T05:27:28.855Z,mrnononsense02@gmail.com,newsletter,everyone,true
147988485,2024-08-22T05:27:30.732Z,briana.j.carroll@gmail.com,newsletter,everyone,true
147988485,2024-08-22T05:27:30.797Z,Twadley@gmail.com,newsletter,everyone,true
147988485,2024-08-22T05:27:31.012Z,taylormcbee@yahoo.com,newsletter,everyone,true
147988485,2024-08-22T05:27:31.070Z,rimbsweiler@gmail.com,newsletter,everyone,true
147988485,2024-08-22T05:27:31.122Z,djcart137@gmail.com,newsletter,everyone,true
147988485,2024-08-22T05:27:31.129Z,calebgrasse@gmail.com,newsletter,everyone,true
147988485,2024-08-22T05:27:31.201Z,bky074a@gmail.com,newsletter,everyone,true
147988485,2024-08-22T05:27:31.265Z,ahershmc@aol.com,newsletter,everyone,true
147988485,2024-08-22T05:27:31.278Z,shien.getsuto@gmail.com,newsletter,everyone,true
147988485,2024-08-22T05:27:31.391Z,alminivdmerwe@gmail.com,newsletter,everyone,true
147988485,2024-08-22T05:27:31.464Z,zutorilla@gmail.com,newsletter,everyone,true
147988485,2024-08-22T05:27:31.471Z,tyrickstarksatt@gmail.com,newsletter,everyone,true
147988485,2024-08-22T05:27:31.487Z,ianwilmoth@gmail.com,newsletter,everyone,true
147988485,2024-08-22T05:27:31.554Z,apollohlynch@gmail.com,newsletter,everyone,true
147988485,2024-08-22T05:27:31.592Z,itzhak.samara@gmail.com,newsletter,everyone,true
147988485,2024-08-22T05:27:32.203Z,daniellemtobias@gmail.com,newsletter,everyone,true
147988485,2024-08-22T05:27:32.222Z,adooleycox@gmail.com,newsletter,everyone,true
147988485,2024-08-22T05:27:38.263Z,rossllewallyn@proton.me,newsletter,everyone,true
147988485,2024-08-22T05:27:40.169Z,skyjensen@icloud.com,newsletter,everyone,true
