post_id,timestamp,email,post_type,post_audience,active_subscription,country,city,region,device_type,client_os,client_type,user_agent
147910037,2024-08-20T03:04:50.675Z,apollohlynch@gmail.com,newsletter,everyone,true,US,,,,,,Mozilla/5.0 (Windows NT 5.1; rv:11.0) Gecko Firefox/11.0 (via ggpht.com GoogleImageProxy)
147910037,2024-08-20T04:13:42.864Z,skyjensen@icloud.com,newsletter,everyone,true,US,,,,,,Mozilla/5.0
147910037,2024-08-20T04:15:08.737Z,beer64925@gmail.com,newsletter,everyone,true,US,,,,,,Mozilla/5.0 (Windows NT 5.1; rv:11.0) Gecko Firefox/11.0 (via ggpht.com GoogleImageProxy)
147910037,2024-08-20T04:36:05.820Z,ianwilmoth@gmail.com,newsletter,everyone,true,US,,,,,,Mozilla/5.0
147910037,2024-08-20T06:46:16.477Z,dwightlyman@gmail.com,newsletter,everyone,true,US,,,,,,Mozilla/5.0
147910037,2024-08-20T07:10:36.177Z,dwightlyman@gmail.com,newsletter,everyone,true,US,,,,,,Mozilla/5.0
147910037,2024-08-20T07:35:24.986Z,apollohlynch@gmail.com,newsletter,everyone,true,US,,,,,,Mozilla/5.0 (Windows NT 5.1; rv:11.0) Gecko Firefox/11.0 (via ggpht.com GoogleImageProxy)
147910037,2024-08-20T08:07:56.935Z,apollohlynch@gmail.com,newsletter,everyone,true,US,,,,,,Mozilla/5.0 (Windows NT 5.1; rv:11.0) Gecko Firefox/11.0 (via ggpht.com GoogleImageProxy)
147910037,2024-08-20T12:36:51.190Z,rossllewallyn@proton.me,newsletter,everyone,true,US,,,,,,"Mozilla/5.0 (Linux; Android 14; Pixel 6 Build/AP2A.240805.005.F1; wv) AppleWebKit/537.36 (KHTML, like Gecko) Version/4.0 Chrome/127.0.6533.103 Mobile Safari/537.36"
147910037,2024-08-20T12:36:51.196Z,rossllewallyn@proton.me,newsletter,everyone,true,US,,,,,,"Mozilla/5.0 (Linux; Android 14; Pixel 6 Build/AP2A.240805.005.F1; wv) AppleWebKit/537.36 (KHTML, like Gecko) Version/4.0 Chrome/127.0.6533.103 Mobile Safari/537.36"
147910037,2024-08-20T13:16:16.156Z,beansocolofsky@gmail.com,newsletter,everyone,true,US,,,,,,Mozilla/5.0 (Windows NT 5.1; rv:11.0) Gecko Firefox/11.0 (via ggpht.com GoogleImageProxy)
147910037,2024-08-20T14:33:23.475Z,beansocolofsky@gmail.com,newsletter,everyone,true,US,,,,,,Mozilla/5.0 (Windows NT 5.1; rv:11.0) Gecko Firefox/11.0 (via ggpht.com GoogleImageProxy)
147910037,2024-08-20T15:30:06.153Z,alminivdmerwe@gmail.com,newsletter,everyone,true,LI,,,,,,Mozilla/5.0
147910037,2024-08-21T02:16:58.933Z,apollohlynch@gmail.com,newsletter,everyone,true,US,,,,,,Mozilla/5.0 (Windows NT 5.1; rv:11.0) Gecko Firefox/11.0 (via ggpht.com GoogleImageProxy)
147910037,2024-08-21T04:22:10.825Z,zach.bartell.writer@gmail.com,newsletter,everyone,true,US,,,,,,Mozilla/5.0
147910037,2024-08-21T13:22:02.594Z,skyjensen@icloud.com,newsletter,everyone,true,US,,,,,,Mozilla/5.0
147910037,2024-08-21T19:23:36.721Z,Experimentalunit317@gmail.com,newsletter,everyone,false,US,,,,,,Mozilla/5.0 (Windows NT 5.1; rv:11.0) Gecko Firefox/11.0 (via ggpht.com GoogleImageProxy)
147910037,2024-08-22T03:26:11.098Z,rimbsweiler@yahoo.com,newsletter,everyone,false,US,,,,,,Mozilla/5.0
147910037,2024-08-24T14:08:42.845Z,apollohlynch@gmail.com,newsletter,everyone,true,US,,,,,,Mozilla/5.0
147910037,2024-08-24T15:03:00.391Z,tyrickstarksatt@gmail.com,newsletter,everyone,true,US,,,,,,Mozilla/5.0 (Windows NT 5.1; rv:11.0) Gecko Firefox/11.0 (via ggpht.com GoogleImageProxy)
147910037,2024-08-25T12:04:58.341Z,tyrickstarksatt@gmail.com,newsletter,everyone,true,US,,,,,,Mozilla/5.0 (Windows NT 5.1; rv:11.0) Gecko Firefox/11.0 (via ggpht.com GoogleImageProxy)
147910037,2024-08-30T21:05:53.993Z,apollohlynch@gmail.com,newsletter,everyone,true,US,,,,,,Mozilla/5.0 (Windows NT 5.1; rv:11.0) Gecko Firefox/11.0 (via ggpht.com GoogleImageProxy)
