post_id,timestamp,email,post_type,post_audience,active_subscription,country,city,region,device_type,client_os,client_type,user_agent
148050097,2024-08-23T21:09:00.282Z,ozs2@cornell.edu,newsletter,everyone,true,US,,,,,,"Mozilla/5.0 (Windows NT 10.0; Win64; x64) AppleWebKit/537.36 (KHTML, like Gecko) Chrome/109.0.0.0 Safari/537.36"
148050097,2024-08-23T21:24:38.269Z,dwightlyman@gmail.com,newsletter,everyone,true,US,,,,,,Mozilla/5.0
148050097,2024-08-23T21:44:37.692Z,lennoxgravox@gmail.com,newsletter,everyone,true,US,,,,,,Mozilla/5.0 (Windows NT 5.1; rv:11.0) Gecko Firefox/11.0 (via ggpht.com GoogleImageProxy)
148050097,2024-08-23T21:47:47.480Z,beansocolofsky@gmail.com,newsletter,everyone,true,US,,,,,,Mozilla/5.0 (Windows NT 5.1; rv:11.0) Gecko Firefox/11.0 (via ggpht.com GoogleImageProxy)
148050097,2024-08-23T21:53:19.138Z,beansocolofsky@gmail.com,newsletter,everyone,true,US,,,,,,Mozilla/5.0 (Windows NT 5.1; rv:11.0) Gecko Firefox/11.0 (via ggpht.com GoogleImageProxy)
148050097,2024-08-23T21:55:07.856Z,beansocolofsky@gmail.com,newsletter,everyone,true,US,,,,,,Mozilla/5.0 (Windows NT 5.1; rv:11.0) Gecko Firefox/11.0 (via ggpht.com GoogleImageProxy)
148050097,2024-08-23T21:55:54.008Z,beansocolofsky@gmail.com,newsletter,everyone,true,US,,,,,,Mozilla/5.0 (Windows NT 5.1; rv:11.0) Gecko Firefox/11.0 (via ggpht.com GoogleImageProxy)
148050097,2024-08-23T21:56:44.084Z,beansocolofsky@gmail.com,newsletter,everyone,true,US,,,,,,Mozilla/5.0 (Windows NT 5.1; rv:11.0) Gecko Firefox/11.0 (via ggpht.com GoogleImageProxy)
148050097,2024-08-23T21:56:46.938Z,beansocolofsky@gmail.com,newsletter,everyone,true,US,,,,,,Mozilla/5.0 (Windows NT 5.1; rv:11.0) Gecko Firefox/11.0 (via ggpht.com GoogleImageProxy)
148050097,2024-08-23T21:56:52.104Z,beansocolofsky@gmail.com,newsletter,everyone,true,US,,,,,,Mozilla/5.0 (Windows NT 5.1; rv:11.0) Gecko Firefox/11.0 (via ggpht.com GoogleImageProxy)
148050097,2024-08-23T21:58:28.382Z,beansocolofsky@gmail.com,newsletter,everyone,true,US,,,,,,Mozilla/5.0 (Windows NT 5.1; rv:11.0) Gecko Firefox/11.0 (via ggpht.com GoogleImageProxy)
148050097,2024-08-23T21:58:33.136Z,beansocolofsky@gmail.com,newsletter,everyone,true,US,,,,,,Mozilla/5.0 (Windows NT 5.1; rv:11.0) Gecko Firefox/11.0 (via ggpht.com GoogleImageProxy)
148050097,2024-08-23T21:58:43.373Z,beansocolofsky@gmail.com,newsletter,everyone,true,US,,,,,,Mozilla/5.0 (Windows NT 5.1; rv:11.0) Gecko Firefox/11.0 (via ggpht.com GoogleImageProxy)
148050097,2024-08-23T21:58:45.016Z,taylormcbee@yahoo.com,newsletter,everyone,true,US,,,,,,YahooMailProxy; https://help.yahoo.com/kb/yahoo-mail-proxy-SLN28749.html
148050097,2024-08-23T21:58:45.335Z,beansocolofsky@gmail.com,newsletter,everyone,true,US,,,,,,Mozilla/5.0 (Windows NT 5.1; rv:11.0) Gecko Firefox/11.0 (via ggpht.com GoogleImageProxy)
148050097,2024-08-23T22:00:50.366Z,beansocolofsky@gmail.com,newsletter,everyone,true,US,,,,,,Mozilla/5.0 (Windows NT 5.1; rv:11.0) Gecko Firefox/11.0 (via ggpht.com GoogleImageProxy)
148050097,2024-08-23T22:00:52.031Z,beansocolofsky@gmail.com,newsletter,everyone,true,US,,,,,,Mozilla/5.0 (Windows NT 5.1; rv:11.0) Gecko Firefox/11.0 (via ggpht.com GoogleImageProxy)
148050097,2024-08-23T23:56:36.054Z,rimbsweiler@yahoo.com,newsletter,everyone,false,US,,,,,,Mozilla/5.0
148050097,2024-08-24T05:12:16.457Z,ianwilmoth@gmail.com,newsletter,everyone,true,US,,,,,,Mozilla/5.0
148050097,2024-08-24T06:49:28.040Z,skyjensen@icloud.com,newsletter,everyone,true,US,,,,,,Mozilla/5.0
148050097,2024-08-24T10:36:51.091Z,bky074a@gmail.com,newsletter,everyone,true,US,,,,,,Mozilla/5.0 (Windows NT 5.1; rv:11.0) Gecko Firefox/11.0 (via ggpht.com GoogleImageProxy)
148050097,2024-08-24T10:44:22.651Z,alminivdmerwe@gmail.com,newsletter,everyone,true,LI,,,,,,Mozilla/5.0
148050097,2024-08-24T14:08:37.385Z,apollohlynch@gmail.com,newsletter,everyone,true,US,,,,,,Mozilla/5.0
148050097,2024-08-24T15:02:54.809Z,tyrickstarksatt@gmail.com,newsletter,everyone,true,US,,,,,,Mozilla/5.0 (Windows NT 5.1; rv:11.0) Gecko Firefox/11.0 (via ggpht.com GoogleImageProxy)
148050097,2024-08-24T15:14:59.389Z,beansocolofsky@gmail.com,newsletter,everyone,true,US,,,,,,Mozilla/5.0 (Windows NT 5.1; rv:11.0) Gecko Firefox/11.0 (via ggpht.com GoogleImageProxy)
148050097,2024-08-25T12:04:30.585Z,tyrickstarksatt@gmail.com,newsletter,everyone,true,US,,,,,,Mozilla/5.0 (Windows NT 5.1; rv:11.0) Gecko Firefox/11.0 (via ggpht.com GoogleImageProxy)
148050097,2024-08-25T17:15:03.095Z,beansocolofsky@gmail.com,newsletter,everyone,true,US,,,,,,Mozilla/5.0 (Windows NT 5.1; rv:11.0) Gecko Firefox/11.0 (via ggpht.com GoogleImageProxy)
148050097,2024-08-26T06:40:38.132Z,zach.bartell.writer@gmail.com,newsletter,everyone,true,US,,,,,,Mozilla/5.0
148050097,2024-08-26T17:58:32.925Z,briana.j.carroll@gmail.com,newsletter,everyone,true,US,,,,,,Mozilla/5.0 (Windows NT 5.1; rv:11.0) Gecko Firefox/11.0 (via ggpht.com GoogleImageProxy)
148050097,2024-08-26T21:53:27.655Z,skyjensen@icloud.com,newsletter,everyone,true,US,,,,,,Mozilla/5.0
148050097,2024-08-26T22:57:56.893Z,briana.j.carroll@gmail.com,newsletter,everyone,true,US,,,,,,Mozilla/5.0 (Windows NT 5.1; rv:11.0) Gecko Firefox/11.0 (via ggpht.com GoogleImageProxy)
148050097,2024-08-27T19:38:43.128Z,beansocolofsky@gmail.com,newsletter,everyone,true,US,,,,,,Mozilla/5.0 (Windows NT 5.1; rv:11.0) Gecko Firefox/11.0 (via ggpht.com GoogleImageProxy)
148050097,2024-08-27T20:56:59.230Z,briana.j.carroll@gmail.com,newsletter,everyone,true,US,,,,,,Mozilla/5.0 (Windows NT 5.1; rv:11.0) Gecko Firefox/11.0 (via ggpht.com GoogleImageProxy)
