post_id,timestamp,email,post_type,post_audience,active_subscription
148050097,2024-08-23T21:08:23.783Z,Experimentalunit317@gmail.com,newsletter,everyone,false
148050097,2024-08-23T21:08:24.649Z,rimbsweiler@yahoo.com,newsletter,everyone,false
148050097,2024-08-23T21:08:25.235Z,dwightlyman@gmail.com,newsletter,everyone,true
148050097,2024-08-23T21:08:25.311Z,beansocolofsky@gmail.com,newsletter,everyone,true
148050097,2024-08-23T21:08:27.566Z,mrnononsense02@gmail.com,newsletter,everyone,true
148050097,2024-08-23T21:08:27.707Z,justinaugustwellington@gmail.com,newsletter,everyone,true
148050097,2024-08-23T21:08:28.096Z,kadirgemici066@gmail.com,newsletter,everyone,true
148050097,2024-08-23T21:08:28.373Z,Twadley@gmail.com,newsletter,everyone,true
148050097,2024-08-23T21:08:28.406Z,briana.j.carroll@gmail.com,newsletter,everyone,true
148050097,2024-08-23T21:08:28.485Z,ianwilmoth@gmail.com,newsletter,everyone,true
148050097,2024-08-23T21:08:28.488Z,raynottwoodbead@gmail.com,newsletter,everyone,true
148050097,2024-08-23T21:08:28.515Z,zutorilla@gmail.com,newsletter,everyone,true
148050097,2024-08-23T21:08:28.518Z,rimbsweiler@gmail.com,newsletter,everyone,true
148050097,2024-08-23T21:08:28.559Z,3d0f86f2-e17f-4f2a-8ca5-154e98f6d68a@deletion-request.substack.com,newsletter,everyone,true
148050097,2024-08-23T21:08:28.561Z,zach.bartell.writer@gmail.com,newsletter,everyone,true
148050097,2024-08-23T21:08:28.617Z,djcart137@gmail.com,newsletter,everyone,true
148050097,2024-08-23T21:08:28.620Z,calebgrasse@gmail.com,newsletter,everyone,true
148050097,2024-08-23T21:08:28.625Z,itzhak.samara@gmail.com,newsletter,everyone,true
148050097,2024-08-23T21:08:28.663Z,shien.getsuto@gmail.com,newsletter,everyone,true
148050097,2024-08-23T21:08:28.663Z,taylormcbee@yahoo.com,newsletter,everyone,true
148050097,2024-08-23T21:08:28.676Z,alminivdmerwe@gmail.com,newsletter,everyone,true
148050097,2024-08-23T21:08:28.724Z,beer64925@gmail.com,newsletter,everyone,true
148050097,2024-08-23T21:08:28.734Z,bky074a@gmail.com,newsletter,everyone,true
148050097,2024-08-23T21:08:28.755Z,tyrickstarksatt@gmail.com,newsletter,everyone,true
148050097,2024-08-23T21:08:28.769Z,kalakaldruzuzu@gmail.com,newsletter,everyone,true
148050097,2024-08-23T21:08:28.779Z,apollohlynch@gmail.com,newsletter,everyone,true
148050097,2024-08-23T21:08:28.847Z,lennoxgravox@gmail.com,newsletter,everyone,true
148050097,2024-08-23T21:08:29.418Z,ahershmc@aol.com,newsletter,everyone,true
148050097,2024-08-23T21:08:30.732Z,daniellemtobias@gmail.com,newsletter,everyone,true
148050097,2024-08-23T21:08:30.980Z,adooleycox@gmail.com,newsletter,everyone,true
148050097,2024-08-23T21:08:31.104Z,ozs2@cornell.edu,newsletter,everyone,true
148050097,2024-08-23T21:08:31.748Z,skyjensen@icloud.com,newsletter,everyone,true
148050097,2024-08-23T21:08:33.809Z,rossllewallyn@proton.me,newsletter,everyone,true
