post_id,timestamp,email,post_type,post_audience,active_subscription
148056965,2024-08-24T20:10:05.704Z,Experimentalunit317@gmail.com,newsletter,everyone,false
148056965,2024-08-24T20:10:08.753Z,rimbsweiler@yahoo.com,newsletter,everyone,false
148056965,2024-08-24T20:10:09.410Z,dwightlyman@gmail.com,newsletter,everyone,true
148056965,2024-08-24T20:10:09.464Z,beansocolofsky@gmail.com,newsletter,everyone,true
148056965,2024-08-24T20:10:10.483Z,justinaugustwellington@gmail.com,newsletter,everyone,true
148056965,2024-08-24T20:10:10.585Z,raynottwoodbead@gmail.com,newsletter,everyone,true
148056965,2024-08-24T20:10:10.591Z,kadirgemici066@gmail.com,newsletter,everyone,true
148056965,2024-08-24T20:10:10.761Z,beer64925@gmail.com,newsletter,everyone,true
148056965,2024-08-24T20:10:10.957Z,mrnononsense02@gmail.com,newsletter,everyone,true
148056965,2024-08-24T20:10:11.047Z,3d0f86f2-e17f-4f2a-8ca5-154e98f6d68a@deletion-request.substack.com,newsletter,everyone,true
148056965,2024-08-24T20:10:11.380Z,kalakaldruzuzu@gmail.com,newsletter,everyone,true
148056965,2024-08-24T20:10:11.555Z,zach.bartell.writer@gmail.com,newsletter,everyone,true
148056965,2024-08-24T20:10:11.911Z,Twadley@gmail.com,newsletter,everyone,true
148056965,2024-08-24T20:10:11.955Z,calebgrasse@gmail.com,newsletter,everyone,true
148056965,2024-08-24T20:10:11.991Z,ianwilmoth@gmail.com,newsletter,everyone,true
148056965,2024-08-24T20:10:11.998Z,omarionburgess45@gmail.com,newsletter,everyone,true
148056965,2024-08-24T20:10:12.158Z,tyrickstarksatt@gmail.com,newsletter,everyone,true
148056965,2024-08-24T20:10:12.282Z,alminivdmerwe@gmail.com,newsletter,everyone,true
148056965,2024-08-24T20:10:12.461Z,zutorilla@gmail.com,newsletter,everyone,true
148056965,2024-08-24T20:10:12.487Z,rimbsweiler@gmail.com,newsletter,everyone,true
148056965,2024-08-24T20:10:12.501Z,ahershmc@aol.com,newsletter,everyone,true
148056965,2024-08-24T20:10:12.502Z,lennoxgravox@gmail.com,newsletter,everyone,true
148056965,2024-08-24T20:10:12.508Z,bky074a@gmail.com,newsletter,everyone,true
148056965,2024-08-24T20:10:12.518Z,itzhak.samara@gmail.com,newsletter,everyone,true
148056965,2024-08-24T20:10:12.581Z,taylormcbee@yahoo.com,newsletter,everyone,true
148056965,2024-08-24T20:10:12.603Z,shien.getsuto@gmail.com,newsletter,everyone,true
148056965,2024-08-24T20:10:12.635Z,apollohlynch@gmail.com,newsletter,everyone,true
148056965,2024-08-24T20:10:12.644Z,briana.j.carroll@gmail.com,newsletter,everyone,true
148056965,2024-08-24T20:10:12.883Z,djcart137@gmail.com,newsletter,everyone,true
148056965,2024-08-24T20:10:13.284Z,adooleycox@gmail.com,newsletter,everyone,true
148056965,2024-08-24T20:10:13.388Z,daniellemtobias@gmail.com,newsletter,everyone,true
148056965,2024-08-24T20:10:13.930Z,ozs2@cornell.edu,newsletter,everyone,true
148056965,2024-08-24T20:10:15.430Z,skyjensen@icloud.com,newsletter,everyone,true
148056965,2024-08-24T20:10:24.412Z,rossllewallyn@proton.me,newsletter,everyone,true
