post_id,timestamp,email,post_type,post_audience,active_subscription
148021513,2025-02-09T20:42:15.923Z,Experimentalunit317@gmail.com,newsletter,everyone,false
148021513,2025-02-09T20:42:16.840Z,rimbsweiler@yahoo.com,newsletter,everyone,false
148021513,2025-02-09T20:42:16.868Z,beansocolofsky@gmail.com,newsletter,everyone,true
148021513,2025-02-09T20:42:16.973Z,justinaugustwellington@gmail.com,newsletter,everyone,true
148021513,2025-02-09T20:42:17.012Z,evangelinepressblog@gmail.com,newsletter,everyone,true
148021513,2025-02-09T20:42:17.018Z,mrnononsense02@gmail.com,newsletter,everyone,true
148021513,2025-02-09T20:42:17.027Z,bky074a@gmail.com,newsletter,everyone,true
148021513,2025-02-09T20:42:17.050Z,nathanhaile11@gmail.com,newsletter,everyone,true
148021513,2025-02-09T20:42:17.162Z,harrisbrian321@gmail.com,newsletter,everyone,true
148021513,2025-02-09T20:42:17.332Z,djcart137@gmail.com,newsletter,everyone,true
148021513,2025-02-09T20:42:17.356Z,dwightlyman@gmail.com,newsletter,everyone,true
148021513,2025-02-09T20:42:17.363Z,3d0f86f2-e17f-4f2a-8ca5-154e98f6d68a@deletion-request.substack.com,newsletter,everyone,true
148021513,2025-02-09T20:42:17.398Z,adooleycox@gmail.com,newsletter,everyone,true
148021513,2025-02-09T20:42:17.441Z,raynottwoodbead@gmail.com,newsletter,everyone,true
148021513,2025-02-09T20:42:17.445Z,beer64925@gmail.com,newsletter,everyone,true
148021513,2025-02-09T20:42:17.606Z,ozs2@cornell.edu,newsletter,everyone,true
148021513,2025-02-09T20:42:17.635Z,kadirgemici066@gmail.com,newsletter,everyone,true
148021513,2025-02-09T20:42:17.745Z,mileswilsondc@gmail.com,newsletter,everyone,true
148021513,2025-02-09T20:42:17.797Z,kalakaldruzuzu@gmail.com,newsletter,everyone,true
148021513,2025-02-09T20:42:17.847Z,semakpa@gmail.com,newsletter,everyone,true
148021513,2025-02-09T20:42:17.913Z,itzhak.samara@gmail.com,newsletter,everyone,true
148021513,2025-02-09T20:42:17.916Z,zach.bartell.writer@gmail.com,newsletter,everyone,true
148021513,2025-02-09T20:42:17.949Z,briana.j.carroll@gmail.com,newsletter,everyone,true
148021513,2025-02-09T20:42:17.958Z,shien.getsuto@gmail.com,newsletter,everyone,true
148021513,2025-02-09T20:42:18.003Z,calebgrasse@gmail.com,newsletter,everyone,true
148021513,2025-02-09T20:42:18.009Z,growlyted@gmail.com,newsletter,everyone,true
148021513,2025-02-09T20:42:18.016Z,jasontrew@gmail.com,newsletter,everyone,true
148021513,2025-02-09T20:42:18.031Z,apollohlynch@gmail.com,newsletter,everyone,true
148021513,2025-02-09T20:42:18.086Z,Twadley@gmail.com,newsletter,everyone,true
148021513,2025-02-09T20:42:18.236Z,lennoxgravox@gmail.com,newsletter,everyone,true
148021513,2025-02-09T20:42:18.294Z,gdg2018mm5@gmail.com,newsletter,everyone,true
148021513,2025-02-09T20:42:18.320Z,zutorilla@gmail.com,newsletter,everyone,true
148021513,2025-02-09T20:42:18.365Z,ianwilmoth@gmail.com,newsletter,everyone,true
148021513,2025-02-09T20:42:18.373Z,rimbsweiler@gmail.com,newsletter,everyone,true
148021513,2025-02-09T20:42:18.385Z,alminivdmerwe@gmail.com,newsletter,everyone,true
148021513,2025-02-09T20:42:18.589Z,virknavkaur@gmail.com,newsletter,everyone,true
148021513,2025-02-09T20:42:18.802Z,ptdaris@uol.com.br,newsletter,everyone,true
148021513,2025-02-09T20:42:18.934Z,theory.nifty438@passinbox.com,newsletter,everyone,true
148021513,2025-02-09T20:42:19.058Z,borealspain@yahoo.co.uk,newsletter,everyone,true
148021513,2025-02-09T20:42:19.146Z,rwlbmitchell@gmail.com,newsletter,everyone,true
148021513,2025-02-09T20:42:19.720Z,ahershmc@aol.com,newsletter,everyone,true
148021513,2025-02-09T20:42:21.719Z,dennis@burns.org,newsletter,everyone,true
148021513,2025-02-09T20:42:25.508Z,skyjensen@icloud.com,newsletter,everyone,true
