post_id,timestamp,email,post_type,post_audience,active_subscription
148104007,2024-08-25T13:51:52.678Z,Experimentalunit317@gmail.com,newsletter,everyone,false
148104007,2024-08-25T13:51:54.977Z,rimbsweiler@yahoo.com,newsletter,everyone,false
148104007,2024-08-25T13:51:55.898Z,dwightlyman@gmail.com,newsletter,everyone,true
148104007,2024-08-25T13:51:55.925Z,beansocolofsky@gmail.com,newsletter,everyone,true
148104007,2024-08-25T13:51:59.820Z,raynottwoodbead@gmail.com,newsletter,everyone,true
148104007,2024-08-25T13:52:00.070Z,beer64925@gmail.com,newsletter,everyone,true
148104007,2024-08-25T13:52:00.134Z,kalakaldruzuzu@gmail.com,newsletter,everyone,true
148104007,2024-08-25T13:52:00.190Z,mrnononsense02@gmail.com,newsletter,everyone,true
148104007,2024-08-25T13:52:00.197Z,justinaugustwellington@gmail.com,newsletter,everyone,true
148104007,2024-08-25T13:52:00.204Z,kadirgemici066@gmail.com,newsletter,everyone,true
148104007,2024-08-25T13:52:00.226Z,zach.bartell.writer@gmail.com,newsletter,everyone,true
148104007,2024-08-25T13:52:00.228Z,3d0f86f2-e17f-4f2a-8ca5-154e98f6d68a@deletion-request.substack.com,newsletter,everyone,true
148104007,2024-08-25T13:52:02.905Z,alminivdmerwe@gmail.com,newsletter,everyone,true
148104007,2024-08-25T13:52:02.974Z,Twadley@gmail.com,newsletter,everyone,true
148104007,2024-08-25T13:52:03.071Z,apollohlynch@gmail.com,newsletter,everyone,true
148104007,2024-08-25T13:52:03.152Z,rimbsweiler@gmail.com,newsletter,everyone,true
148104007,2024-08-25T13:52:03.191Z,omarionburgess45@gmail.com,newsletter,everyone,true
148104007,2024-08-25T13:52:03.200Z,bky074a@gmail.com,newsletter,everyone,true
148104007,2024-08-25T13:52:03.327Z,tyrickstarksatt@gmail.com,newsletter,everyone,true
148104007,2024-08-25T13:52:03.364Z,lennoxgravox@gmail.com,newsletter,everyone,true
148104007,2024-08-25T13:52:03.404Z,briana.j.carroll@gmail.com,newsletter,everyone,true
148104007,2024-08-25T13:52:03.519Z,shien.getsuto@gmail.com,newsletter,everyone,true
148104007,2024-08-25T13:52:03.729Z,calebgrasse@gmail.com,newsletter,everyone,true
148104007,2024-08-25T13:52:03.743Z,ahershmc@aol.com,newsletter,everyone,true
148104007,2024-08-25T13:52:03.762Z,djcart137@gmail.com,newsletter,everyone,true
148104007,2024-08-25T13:52:03.818Z,itzhak.samara@gmail.com,newsletter,everyone,true
148104007,2024-08-25T13:52:03.973Z,zutorilla@gmail.com,newsletter,everyone,true
148104007,2024-08-25T13:52:04.448Z,taylormcbee@yahoo.com,newsletter,everyone,true
148104007,2024-08-25T13:52:04.555Z,ianwilmoth@gmail.com,newsletter,everyone,true
148104007,2024-08-25T13:52:06.147Z,daniellemtobias@gmail.com,newsletter,everyone,true
148104007,2024-08-25T13:52:06.596Z,ozs2@cornell.edu,newsletter,everyone,true
148104007,2024-08-25T13:52:06.603Z,adooleycox@gmail.com,newsletter,everyone,true
148104007,2024-08-25T13:52:08.666Z,skyjensen@icloud.com,newsletter,everyone,true
148104007,2024-08-25T13:52:10.276Z,rossllewallyn@proton.me,newsletter,everyone,true
