post_id,timestamp,email,post_type,post_audience,active_subscription
148289359,2025-02-09T20:40:52.911Z,Experimentalunit317@gmail.com,newsletter,everyone,false
148289359,2025-02-09T20:40:53.817Z,kadirgemici066@gmail.com,newsletter,everyone,true
148289359,2025-02-09T20:40:53.935Z,rimbsweiler@yahoo.com,newsletter,everyone,false
148289359,2025-02-09T20:40:53.995Z,nathanhaile11@gmail.com,newsletter,everyone,true
148289359,2025-02-09T20:40:54.094Z,gdg2018mm5@gmail.com,newsletter,everyone,true
148289359,2025-02-09T20:40:54.133Z,beer64925@gmail.com,newsletter,everyone,true
148289359,2025-02-09T20:40:54.167Z,3d0f86f2-e17f-4f2a-8ca5-154e98f6d68a@deletion-request.substack.com,newsletter,everyone,true
148289359,2025-02-09T20:40:54.255Z,djcart137@gmail.com,newsletter,everyone,true
148289359,2025-02-09T20:40:54.346Z,zach.bartell.writer@gmail.com,newsletter,everyone,true
148289359,2025-02-09T20:40:54.351Z,lennoxgravox@gmail.com,newsletter,everyone,true
148289359,2025-02-09T20:40:54.455Z,harrisbrian321@gmail.com,newsletter,everyone,true
148289359,2025-02-09T20:40:54.488Z,semakpa@gmail.com,newsletter,everyone,true
148289359,2025-02-09T20:40:54.910Z,calebgrasse@gmail.com,newsletter,everyone,true
148289359,2025-02-09T20:40:54.930Z,briana.j.carroll@gmail.com,newsletter,everyone,true
148289359,2025-02-09T20:40:54.950Z,justinaugustwellington@gmail.com,newsletter,everyone,true
148289359,2025-02-09T20:40:54.987Z,zutorilla@gmail.com,newsletter,everyone,true
148289359,2025-02-09T20:40:55.062Z,dwightlyman@gmail.com,newsletter,everyone,true
148289359,2025-02-09T20:40:55.082Z,rwlbmitchell@gmail.com,newsletter,everyone,true
148289359,2025-02-09T20:40:55.109Z,growlyted@gmail.com,newsletter,everyone,true
148289359,2025-02-09T20:40:55.159Z,apollohlynch@gmail.com,newsletter,everyone,true
148289359,2025-02-09T20:40:55.233Z,beansocolofsky@gmail.com,newsletter,everyone,true
148289359,2025-02-09T20:40:55.278Z,mrnononsense02@gmail.com,newsletter,everyone,true
148289359,2025-02-09T20:40:55.309Z,itzhak.samara@gmail.com,newsletter,everyone,true
148289359,2025-02-09T20:40:55.318Z,raynottwoodbead@gmail.com,newsletter,everyone,true
148289359,2025-02-09T20:40:55.451Z,ahershmc@aol.com,newsletter,everyone,true
148289359,2025-02-09T20:40:55.571Z,evangelinepressblog@gmail.com,newsletter,everyone,true
148289359,2025-02-09T20:40:55.658Z,virknavkaur@gmail.com,newsletter,everyone,true
148289359,2025-02-09T20:40:55.690Z,mileswilsondc@gmail.com,newsletter,everyone,true
148289359,2025-02-09T20:40:55.741Z,bky074a@gmail.com,newsletter,everyone,true
148289359,2025-02-09T20:40:55.774Z,adooleycox@gmail.com,newsletter,everyone,true
148289359,2025-02-09T20:40:55.960Z,ptdaris@uol.com.br,newsletter,everyone,true
148289359,2025-02-09T20:40:56.096Z,borealspain@yahoo.co.uk,newsletter,everyone,true
148289359,2025-02-09T20:40:56.176Z,ozs2@cornell.edu,newsletter,everyone,true
148289359,2025-02-09T20:40:56.351Z,kalakaldruzuzu@gmail.com,newsletter,everyone,true
148289359,2025-02-09T20:40:56.419Z,jasontrew@gmail.com,newsletter,everyone,true
148289359,2025-02-09T20:40:56.453Z,shien.getsuto@gmail.com,newsletter,everyone,true
148289359,2025-02-09T20:40:56.462Z,Twadley@gmail.com,newsletter,everyone,true
148289359,2025-02-09T20:40:56.497Z,ianwilmoth@gmail.com,newsletter,everyone,true
148289359,2025-02-09T20:40:56.591Z,alminivdmerwe@gmail.com,newsletter,everyone,true
148289359,2025-02-09T20:40:56.689Z,rimbsweiler@gmail.com,newsletter,everyone,true
148289359,2025-02-09T20:40:56.793Z,theory.nifty438@passinbox.com,newsletter,everyone,true
148289359,2025-02-09T20:40:57.773Z,dennis@burns.org,newsletter,everyone,true
148289359,2025-02-09T20:40:58.260Z,skyjensen@icloud.com,newsletter,everyone,true
