post_id,timestamp,email,post_type,post_audience,active_subscription,country,city,region,device_type,client_os,client_type,user_agent
148289359,2025-02-09T20:41:19.052Z,ianwilmoth@gmail.com,newsletter,everyone,true,US,,,,,,Mozilla/5.0 (Windows NT 5.1; rv:11.0) Gecko Firefox/11.0 (via ggpht.com GoogleImageProxy)
148289359,2025-02-09T20:42:46.272Z,dwightlyman@gmail.com,newsletter,everyone,true,US,,,,,,Mozilla/5.0
148289359,2025-02-09T20:43:14.604Z,ianwilmoth@gmail.com,newsletter,everyone,true,US,,,,,,Mozilla/5.0 (Windows NT 5.1; rv:11.0) Gecko Firefox/11.0 (via ggpht.com GoogleImageProxy)
148289359,2025-02-09T20:52:01.500Z,briana.j.carroll@gmail.com,newsletter,everyone,true,US,,,,,,Mozilla/5.0 (Windows NT 5.1; rv:11.0) Gecko Firefox/11.0 (via ggpht.com GoogleImageProxy)
148289359,2025-02-09T20:53:26.962Z,mileswilsondc@gmail.com,newsletter,everyone,true,US,,,,,,Mozilla/5.0 (Windows NT 5.1; rv:11.0) Gecko Firefox/11.0 (via ggpht.com GoogleImageProxy)
148289359,2025-02-09T20:54:03.249Z,mileswilsondc@gmail.com,newsletter,everyone,true,US,,,,,,Mozilla/5.0
148289359,2025-02-09T20:57:26.463Z,briana.j.carroll@gmail.com,newsletter,everyone,true,US,,,,,,Mozilla/5.0 (Windows NT 5.1; rv:11.0) Gecko Firefox/11.0 (via ggpht.com GoogleImageProxy)
148289359,2025-02-09T21:01:37.954Z,borealspain@yahoo.co.uk,newsletter,everyone,true,US,,,,,,Mozilla/5.0
148289359,2025-02-09T21:02:58.771Z,alminivdmerwe@gmail.com,newsletter,everyone,true,LI,,,,,,Mozilla/5.0
148289359,2025-02-09T21:06:01.505Z,skyjensen@icloud.com,newsletter,everyone,true,US,,,,,,Mozilla/5.0
148289359,2025-02-09T22:17:55.174Z,ptdaris@uol.com.br,newsletter,everyone,true,BR,,,,,,Mozilla/4.0 (compatible; ms-office; MSOffice 16)
148289359,2025-02-10T00:34:40.324Z,dwightlyman@gmail.com,newsletter,everyone,true,US,,,,,,Mozilla/5.0
148289359,2025-02-10T03:30:22.478Z,ianwilmoth@gmail.com,newsletter,everyone,true,US,,,,,,Mozilla/5.0
148289359,2025-02-10T03:58:05.677Z,jasontrew@gmail.com,newsletter,everyone,true,US,,,,,,Mozilla/5.0
148289359,2025-02-10T05:02:59.321Z,skyjensen@icloud.com,newsletter,everyone,true,US,,,,,,Mozilla/5.0
148289359,2025-02-10T08:08:16.428Z,alminivdmerwe@gmail.com,newsletter,everyone,true,LI,,,,,,Mozilla/5.0
148289359,2025-02-10T14:29:30.224Z,rimbsweiler@yahoo.com,newsletter,everyone,false,US,,,,,,Mozilla/5.0
148289359,2025-02-10T15:29:53.297Z,apollohlynch@gmail.com,newsletter,everyone,true,US,,,,,,Mozilla/5.0
148289359,2025-02-10T16:03:05.427Z,harrisbrian321@gmail.com,newsletter,everyone,true,CA,,,,,,Mozilla/5.0
148289359,2025-02-11T03:20:27.239Z,zach.bartell.writer@gmail.com,newsletter,everyone,true,US,,,,,,Mozilla/5.0
148289359,2025-02-26T04:22:27.929Z,nathanhaile11@gmail.com,newsletter,everyone,true,MX,,,,,,Mozilla/5.0
