post_id,timestamp,email,post_type,post_audience,active_subscription
148252886,2025-02-09T20:41:18.515Z,dwightlyman@gmail.com,newsletter,everyone,true
148252886,2025-02-09T20:41:19.059Z,Experimentalunit317@gmail.com,newsletter,everyone,false
148252886,2025-02-09T20:41:19.164Z,djcart137@gmail.com,newsletter,everyone,true
148252886,2025-02-09T20:41:19.208Z,justinaugustwellington@gmail.com,newsletter,everyone,true
148252886,2025-02-09T20:41:19.231Z,zach.bartell.writer@gmail.com,newsletter,everyone,true
148252886,2025-02-09T20:41:19.234Z,kadirgemici066@gmail.com,newsletter,everyone,true
148252886,2025-02-09T20:41:19.269Z,mrnononsense02@gmail.com,newsletter,everyone,true
148252886,2025-02-09T20:41:19.275Z,rimbsweiler@yahoo.com,newsletter,everyone,false
148252886,2025-02-09T20:41:19.306Z,evangelinepressblog@gmail.com,newsletter,everyone,true
148252886,2025-02-09T20:41:19.309Z,beer64925@gmail.com,newsletter,everyone,true
148252886,2025-02-09T20:41:19.400Z,nathanhaile11@gmail.com,newsletter,everyone,true
148252886,2025-02-09T20:41:19.426Z,semakpa@gmail.com,newsletter,everyone,true
148252886,2025-02-09T20:41:19.464Z,harrisbrian321@gmail.com,newsletter,everyone,true
148252886,2025-02-09T20:41:19.469Z,3d0f86f2-e17f-4f2a-8ca5-154e98f6d68a@deletion-request.substack.com,newsletter,everyone,true
148252886,2025-02-09T20:41:19.491Z,mileswilsondc@gmail.com,newsletter,everyone,true
148252886,2025-02-09T20:41:19.553Z,beansocolofsky@gmail.com,newsletter,everyone,true
148252886,2025-02-09T20:41:19.579Z,bky074a@gmail.com,newsletter,everyone,true
148252886,2025-02-09T20:41:19.588Z,gdg2018mm5@gmail.com,newsletter,everyone,true
148252886,2025-02-09T20:41:19.609Z,raynottwoodbead@gmail.com,newsletter,everyone,true
148252886,2025-02-09T20:41:19.787Z,adooleycox@gmail.com,newsletter,everyone,true
148252886,2025-02-09T20:41:19.825Z,lennoxgravox@gmail.com,newsletter,everyone,true
148252886,2025-02-09T20:41:20.001Z,rimbsweiler@gmail.com,newsletter,everyone,true
148252886,2025-02-09T20:41:20.073Z,briana.j.carroll@gmail.com,newsletter,everyone,true
148252886,2025-02-09T20:41:20.085Z,Twadley@gmail.com,newsletter,everyone,true
148252886,2025-02-09T20:41:20.098Z,shien.getsuto@gmail.com,newsletter,everyone,true
148252886,2025-02-09T20:41:20.148Z,apollohlynch@gmail.com,newsletter,everyone,true
148252886,2025-02-09T20:41:20.177Z,jasontrew@gmail.com,newsletter,everyone,true
148252886,2025-02-09T20:41:20.320Z,virknavkaur@gmail.com,newsletter,everyone,true
148252886,2025-02-09T20:41:20.360Z,rwlbmitchell@gmail.com,newsletter,everyone,true
148252886,2025-02-09T20:41:20.503Z,borealspain@yahoo.co.uk,newsletter,everyone,true
148252886,2025-02-09T20:41:20.527Z,kalakaldruzuzu@gmail.com,newsletter,everyone,true
148252886,2025-02-09T20:41:20.654Z,ianwilmoth@gmail.com,newsletter,everyone,true
148252886,2025-02-09T20:41:20.699Z,ozs2@cornell.edu,newsletter,everyone,true
148252886,2025-02-09T20:41:20.737Z,ahershmc@aol.com,newsletter,everyone,true
148252886,2025-02-09T20:41:20.812Z,zutorilla@gmail.com,newsletter,everyone,true
148252886,2025-02-09T20:41:20.860Z,growlyted@gmail.com,newsletter,everyone,true
148252886,2025-02-09T20:41:21.017Z,calebgrasse@gmail.com,newsletter,everyone,true
148252886,2025-02-09T20:41:21.139Z,ptdaris@uol.com.br,newsletter,everyone,true
148252886,2025-02-09T20:41:21.204Z,alminivdmerwe@gmail.com,newsletter,everyone,true
148252886,2025-02-09T20:41:21.424Z,itzhak.samara@gmail.com,newsletter,everyone,true
148252886,2025-02-09T20:41:21.814Z,theory.nifty438@passinbox.com,newsletter,everyone,true
148252886,2025-02-09T20:41:24.236Z,dennis@burns.org,newsletter,everyone,true
148252886,2025-02-09T20:41:24.720Z,skyjensen@icloud.com,newsletter,everyone,true
