post_id,timestamp,email,post_type,post_audience,active_subscription,country,city,region,device_type,client_os,client_type,user_agent
148252886,2025-02-09T20:51:55.693Z,briana.j.carroll@gmail.com,newsletter,everyone,true,US,,,,,,Mozilla/5.0 (Windows NT 5.1; rv:11.0) Gecko Firefox/11.0 (via ggpht.com GoogleImageProxy)
148252886,2025-02-09T20:53:27.535Z,mileswilsondc@gmail.com,newsletter,everyone,true,US,,,,,,Mozilla/5.0 (Windows NT 5.1; rv:11.0) Gecko Firefox/11.0 (via ggpht.com GoogleImageProxy)
148252886,2025-02-09T20:54:03.233Z,mileswilsondc@gmail.com,newsletter,everyone,true,US,,,,,,Mozilla/5.0
148252886,2025-02-09T20:54:28.799Z,briana.j.carroll@gmail.com,newsletter,everyone,true,US,,,,,,Mozilla/5.0 (Windows NT 5.1; rv:11.0) Gecko Firefox/11.0 (via ggpht.com GoogleImageProxy)
148252886,2025-02-09T21:01:37.953Z,borealspain@yahoo.co.uk,newsletter,everyone,true,US,,,,,,Mozilla/5.0
148252886,2025-02-09T21:02:58.813Z,alminivdmerwe@gmail.com,newsletter,everyone,true,LI,,,,,,Mozilla/5.0
148252886,2025-02-09T21:06:01.506Z,skyjensen@icloud.com,newsletter,everyone,true,US,,,,,,Mozilla/5.0
148252886,2025-02-09T21:12:56.943Z,ianwilmoth@gmail.com,newsletter,everyone,true,US,,,,,,Mozilla/5.0
148252886,2025-02-09T22:17:52.760Z,ptdaris@uol.com.br,newsletter,everyone,true,BR,,,,,,Mozilla/4.0 (compatible; ms-office; MSOffice 16)
148252886,2025-02-09T22:18:17.991Z,ptdaris@uol.com.br,newsletter,everyone,true,BR,,,,,,Mozilla/4.0 (compatible; ms-office; MSOffice 16)
148252886,2025-02-10T04:17:00.869Z,jasontrew@gmail.com,newsletter,everyone,true,US,,,,,,Mozilla/5.0
148252886,2025-02-10T05:02:59.322Z,skyjensen@icloud.com,newsletter,everyone,true,US,,,,,,Mozilla/5.0
148252886,2025-02-10T08:08:16.427Z,alminivdmerwe@gmail.com,newsletter,everyone,true,LI,,,,,,Mozilla/5.0
148252886,2025-02-10T12:03:51.581Z,bky074a@gmail.com,newsletter,everyone,true,US,,,,,,Mozilla/5.0 (Windows NT 5.1; rv:11.0) Gecko Firefox/11.0 (via ggpht.com GoogleImageProxy)
148252886,2025-02-10T14:29:30.232Z,rimbsweiler@yahoo.com,newsletter,everyone,false,US,,,,,,Mozilla/5.0
148252886,2025-02-10T16:03:05.418Z,harrisbrian321@gmail.com,newsletter,everyone,true,CA,,,,,,Mozilla/5.0
148252886,2025-02-10T16:47:35.211Z,apollohlynch@gmail.com,newsletter,everyone,true,US,,,,,,Mozilla/5.0
148252886,2025-02-11T03:20:27.238Z,zach.bartell.writer@gmail.com,newsletter,everyone,true,US,,,,,,Mozilla/5.0
148252886,2025-02-12T20:20:29.766Z,rwlbmitchell@gmail.com,newsletter,everyone,true,US,,,,,,Mozilla/5.0 (Windows NT 5.1; rv:11.0) Gecko Firefox/11.0 (via ggpht.com GoogleImageProxy)
148252886,2025-02-26T04:22:27.942Z,nathanhaile11@gmail.com,newsletter,everyone,true,MX,,,,,,Mozilla/5.0
