post_id,timestamp,email,post_type,post_audience,active_subscription
148251405,2024-08-29T04:16:51.083Z,Experimentalunit317@gmail.com,newsletter,everyone,false
148251405,2024-08-29T04:16:52.465Z,rimbsweiler@yahoo.com,newsletter,everyone,false
148251405,2024-08-29T04:16:54.167Z,beansocolofsky@gmail.com,newsletter,everyone,true
148251405,2024-08-29T04:16:54.288Z,dwightlyman@gmail.com,newsletter,everyone,true
148251405,2024-08-29T04:16:56.300Z,raynottwoodbead@gmail.com,newsletter,everyone,true
148251405,2024-08-29T04:16:56.394Z,3d0f86f2-e17f-4f2a-8ca5-154e98f6d68a@deletion-request.substack.com,newsletter,everyone,true
148251405,2024-08-29T04:16:56.457Z,beer64925@gmail.com,newsletter,everyone,true
148251405,2024-08-29T04:16:56.524Z,kalakaldruzuzu@gmail.com,newsletter,everyone,true
148251405,2024-08-29T04:16:56.602Z,zach.bartell.writer@gmail.com,newsletter,everyone,true
148251405,2024-08-29T04:16:56.806Z,kadirgemici066@gmail.com,newsletter,everyone,true
148251405,2024-08-29T04:16:56.914Z,justinaugustwellington@gmail.com,newsletter,everyone,true
148251405,2024-08-29T04:16:56.971Z,mrnononsense02@gmail.com,newsletter,everyone,true
148251405,2024-08-29T04:16:58.331Z,briana.j.carroll@gmail.com,newsletter,everyone,true
148251405,2024-08-29T04:16:58.370Z,Twadley@gmail.com,newsletter,everyone,true
148251405,2024-08-29T04:16:58.769Z,bky074a@gmail.com,newsletter,everyone,true
148251405,2024-08-29T04:16:58.799Z,shien.getsuto@gmail.com,newsletter,everyone,true
148251405,2024-08-29T04:16:58.858Z,apollohlynch@gmail.com,newsletter,everyone,true
148251405,2024-08-29T04:16:58.859Z,lennoxgravox@gmail.com,newsletter,everyone,true
148251405,2024-08-29T04:16:58.883Z,alminivdmerwe@gmail.com,newsletter,everyone,true
148251405,2024-08-29T04:16:59.182Z,tyrickstarksatt@gmail.com,newsletter,everyone,true
148251405,2024-08-29T04:16:59.293Z,omarionburgess45@gmail.com,newsletter,everyone,true
148251405,2024-08-29T04:16:59.337Z,ianwilmoth@gmail.com,newsletter,everyone,true
148251405,2024-08-29T04:16:59.356Z,borealspain@yahoo.co.uk,newsletter,everyone,true
148251405,2024-08-29T04:16:59.359Z,taylormcbee@yahoo.com,newsletter,everyone,true
148251405,2024-08-29T04:16:59.363Z,calebgrasse@gmail.com,newsletter,everyone,true
148251405,2024-08-29T04:16:59.364Z,zutorilla@gmail.com,newsletter,everyone,true
148251405,2024-08-29T04:16:59.432Z,ahershmc@aol.com,newsletter,everyone,true
148251405,2024-08-29T04:16:59.463Z,rimbsweiler@gmail.com,newsletter,everyone,true
148251405,2024-08-29T04:16:59.561Z,djcart137@gmail.com,newsletter,everyone,true
148251405,2024-08-29T04:16:59.567Z,daniellemtobias@gmail.com,newsletter,everyone,true
148251405,2024-08-29T04:16:59.677Z,adooleycox@gmail.com,newsletter,everyone,true
148251405,2024-08-29T04:16:59.707Z,itzhak.samara@gmail.com,newsletter,everyone,true
148251405,2024-08-29T04:17:00.519Z,skyjensen@icloud.com,newsletter,everyone,true
148251405,2024-08-29T04:17:01.765Z,ozs2@cornell.edu,newsletter,everyone,true
148251405,2024-08-29T04:17:03.260Z,rossllewallyn@proton.me,newsletter,everyone,true
