post_id,timestamp,email,post_type,post_audience,active_subscription
148316000,2024-08-31T13:14:15.456Z,Experimentalunit317@gmail.com,newsletter,everyone,false
148316000,2024-08-31T13:14:17.656Z,rimbsweiler@yahoo.com,newsletter,everyone,false
148316000,2024-08-31T13:14:18.145Z,dwightlyman@gmail.com,newsletter,everyone,true
148316000,2024-08-31T13:14:18.438Z,beansocolofsky@gmail.com,newsletter,everyone,true
148316000,2024-08-31T13:14:20.259Z,raynottwoodbead@gmail.com,newsletter,everyone,true
148316000,2024-08-31T13:14:20.281Z,zach.bartell.writer@gmail.com,newsletter,everyone,true
148316000,2024-08-31T13:14:20.307Z,mrnononsense02@gmail.com,newsletter,everyone,true
148316000,2024-08-31T13:14:20.315Z,beer64925@gmail.com,newsletter,everyone,true
148316000,2024-08-31T13:14:20.348Z,3d0f86f2-e17f-4f2a-8ca5-154e98f6d68a@deletion-request.substack.com,newsletter,everyone,true
148316000,2024-08-31T13:14:20.377Z,justinaugustwellington@gmail.com,newsletter,everyone,true
148316000,2024-08-31T13:14:20.466Z,kadirgemici066@gmail.com,newsletter,everyone,true
148316000,2024-08-31T13:14:20.587Z,kalakaldruzuzu@gmail.com,newsletter,everyone,true
148316000,2024-08-31T13:14:21.022Z,calebgrasse@gmail.com,newsletter,everyone,true
148316000,2024-08-31T13:14:21.033Z,rimbsweiler@gmail.com,newsletter,everyone,true
148316000,2024-08-31T13:14:21.082Z,daniellemtobias@gmail.com,newsletter,everyone,true
148316000,2024-08-31T13:14:21.098Z,bky074a@gmail.com,newsletter,everyone,true
148316000,2024-08-31T13:14:21.118Z,briana.j.carroll@gmail.com,newsletter,everyone,true
148316000,2024-08-31T13:14:21.124Z,ianwilmoth@gmail.com,newsletter,everyone,true
148316000,2024-08-31T13:14:21.134Z,djcart137@gmail.com,newsletter,everyone,true
148316000,2024-08-31T13:14:21.180Z,omarionburgess45@gmail.com,newsletter,everyone,true
148316000,2024-08-31T13:14:21.184Z,itzhak.samara@gmail.com,newsletter,everyone,true
148316000,2024-08-31T13:14:21.184Z,apollohlynch@gmail.com,newsletter,everyone,true
148316000,2024-08-31T13:14:21.232Z,adooleycox@gmail.com,newsletter,everyone,true
148316000,2024-08-31T13:14:21.269Z,alminivdmerwe@gmail.com,newsletter,everyone,true
148316000,2024-08-31T13:14:21.285Z,zutorilla@gmail.com,newsletter,everyone,true
148316000,2024-08-31T13:14:21.311Z,tyrickstarksatt@gmail.com,newsletter,everyone,true
148316000,2024-08-31T13:14:21.330Z,shien.getsuto@gmail.com,newsletter,everyone,true
148316000,2024-08-31T13:14:21.375Z,lennoxgravox@gmail.com,newsletter,everyone,true
148316000,2024-08-31T13:14:21.456Z,Twadley@gmail.com,newsletter,everyone,true
148316000,2024-08-31T13:14:21.624Z,borealspain@yahoo.co.uk,newsletter,everyone,true
148316000,2024-08-31T13:14:21.643Z,taylormcbee@yahoo.com,newsletter,everyone,true
148316000,2024-08-31T13:14:21.778Z,ahershmc@aol.com,newsletter,everyone,true
148316000,2024-08-31T13:14:21.953Z,ozs2@cornell.edu,newsletter,everyone,true
148316000,2024-08-31T13:14:24.330Z,rossllewallyn@proton.me,newsletter,everyone,true
148316000,2024-08-31T13:14:47.737Z,skyjensen@icloud.com,newsletter,everyone,true
