post_id,timestamp,email,post_type,post_audience,active_subscription,country,city,region,device_type,client_os,client_type,user_agent
148317528,2025-02-09T20:42:46.272Z,dwightlyman@gmail.com,newsletter,everyone,true,US,,,,,,Mozilla/5.0
148317528,2025-02-09T20:53:27.038Z,mileswilsondc@gmail.com,newsletter,everyone,true,US,,,,,,Mozilla/5.0 (Windows NT 5.1; rv:11.0) Gecko Firefox/11.0 (via ggpht.com GoogleImageProxy)
148317528,2025-02-09T20:54:03.230Z,mileswilsondc@gmail.com,newsletter,everyone,true,US,,,,,,Mozilla/5.0
148317528,2025-02-09T21:01:37.955Z,borealspain@yahoo.co.uk,newsletter,everyone,true,US,,,,,,Mozilla/5.0
148317528,2025-02-09T21:02:58.811Z,alminivdmerwe@gmail.com,newsletter,everyone,true,LI,,,,,,Mozilla/5.0
148317528,2025-02-09T21:06:01.505Z,skyjensen@icloud.com,newsletter,everyone,true,US,,,,,,Mozilla/5.0
148317528,2025-02-09T21:12:56.941Z,ianwilmoth@gmail.com,newsletter,everyone,true,US,,,,,,Mozilla/5.0
148317528,2025-02-09T22:17:58.308Z,ptdaris@uol.com.br,newsletter,everyone,true,BR,,,,,,Mozilla/4.0 (compatible; ms-office; MSOffice 16)
148317528,2025-02-10T00:34:40.321Z,dwightlyman@gmail.com,newsletter,everyone,true,US,,,,,,Mozilla/5.0
148317528,2025-02-10T04:17:00.876Z,jasontrew@gmail.com,newsletter,everyone,true,US,,,,,,Mozilla/5.0
148317528,2025-02-10T05:02:59.321Z,skyjensen@icloud.com,newsletter,everyone,true,US,,,,,,Mozilla/5.0
148317528,2025-02-10T08:08:16.428Z,alminivdmerwe@gmail.com,newsletter,everyone,true,LI,,,,,,Mozilla/5.0
148317528,2025-02-10T12:03:53.942Z,bky074a@gmail.com,newsletter,everyone,true,US,,,,,,Mozilla/5.0 (Windows NT 5.1; rv:11.0) Gecko Firefox/11.0 (via ggpht.com GoogleImageProxy)
148317528,2025-02-10T14:29:30.228Z,rimbsweiler@yahoo.com,newsletter,everyone,false,US,,,,,,Mozilla/5.0
148317528,2025-02-10T15:57:37.894Z,apollohlynch@gmail.com,newsletter,everyone,true,US,,,,,,Mozilla/5.0
148317528,2025-02-10T16:03:05.425Z,harrisbrian321@gmail.com,newsletter,everyone,true,CA,,,,,,Mozilla/5.0
148317528,2025-02-11T03:20:27.235Z,zach.bartell.writer@gmail.com,newsletter,everyone,true,US,,,,,,Mozilla/5.0
148317528,2025-02-12T14:39:40.701Z,briana.j.carroll@gmail.com,newsletter,everyone,true,US,,,,,,Mozilla/5.0 (Windows NT 5.1; rv:11.0) Gecko Firefox/11.0 (via ggpht.com GoogleImageProxy)
148317528,2025-02-14T15:12:44.020Z,briana.j.carroll@gmail.com,newsletter,everyone,true,US,,,,,,Mozilla/5.0 (Windows NT 5.1; rv:11.0) Gecko Firefox/11.0 (via ggpht.com GoogleImageProxy)
148317528,2025-02-14T15:12:44.900Z,briana.j.carroll@gmail.com,newsletter,everyone,true,US,,,,,,Mozilla/5.0 (Windows NT 5.1; rv:11.0) Gecko Firefox/11.0 (via ggpht.com GoogleImageProxy)
148317528,2025-02-19T12:27:13.103Z,skyjensen@icloud.com,newsletter,everyone,true,US,,,,,,"Mozilla/5.0 AppleWebKit/WebKit_version (KHTML, like Gecko)"
148317528,2025-02-26T04:22:27.937Z,nathanhaile11@gmail.com,newsletter,everyone,true,MX,,,,,,Mozilla/5.0
