post_id,timestamp,email,post_type,post_audience,active_subscription
148317528,2025-02-09T20:40:19.959Z,dwightlyman@gmail.com,newsletter,everyone,true
148317528,2025-02-09T20:40:20.012Z,bky074a@gmail.com,newsletter,everyone,true
148317528,2025-02-09T20:40:20.245Z,lennoxgravox@gmail.com,newsletter,everyone,true
148317528,2025-02-09T20:40:20.359Z,Experimentalunit317@gmail.com,newsletter,everyone,false
148317528,2025-02-09T20:40:20.384Z,raynottwoodbead@gmail.com,newsletter,everyone,true
148317528,2025-02-09T20:40:20.427Z,beer64925@gmail.com,newsletter,everyone,true
148317528,2025-02-09T20:40:20.439Z,beansocolofsky@gmail.com,newsletter,everyone,true
148317528,2025-02-09T20:40:20.454Z,mrnononsense02@gmail.com,newsletter,everyone,true
148317528,2025-02-09T20:40:20.703Z,nathanhaile11@gmail.com,newsletter,everyone,true
148317528,2025-02-09T20:40:20.749Z,adooleycox@gmail.com,newsletter,everyone,true
148317528,2025-02-09T20:40:20.763Z,Twadley@gmail.com,newsletter,everyone,true
148317528,2025-02-09T20:40:20.818Z,briana.j.carroll@gmail.com,newsletter,everyone,true
148317528,2025-02-09T20:40:20.849Z,ianwilmoth@gmail.com,newsletter,everyone,true
148317528,2025-02-09T20:40:20.875Z,kalakaldruzuzu@gmail.com,newsletter,everyone,true
148317528,2025-02-09T20:40:20.875Z,rimbsweiler@gmail.com,newsletter,everyone,true
148317528,2025-02-09T20:40:20.889Z,zutorilla@gmail.com,newsletter,everyone,true
148317528,2025-02-09T20:40:20.913Z,evangelinepressblog@gmail.com,newsletter,everyone,true
148317528,2025-02-09T20:40:20.994Z,jasontrew@gmail.com,newsletter,everyone,true
148317528,2025-02-09T20:40:21.090Z,virknavkaur@gmail.com,newsletter,everyone,true
148317528,2025-02-09T20:40:21.123Z,mileswilsondc@gmail.com,newsletter,everyone,true
148317528,2025-02-09T20:40:21.292Z,rimbsweiler@yahoo.com,newsletter,everyone,false
148317528,2025-02-09T20:40:21.340Z,zach.bartell.writer@gmail.com,newsletter,everyone,true
148317528,2025-02-09T20:40:21.403Z,3d0f86f2-e17f-4f2a-8ca5-154e98f6d68a@deletion-request.substack.com,newsletter,everyone,true
148317528,2025-02-09T20:40:21.437Z,harrisbrian321@gmail.com,newsletter,everyone,true
148317528,2025-02-09T20:40:21.487Z,justinaugustwellington@gmail.com,newsletter,everyone,true
148317528,2025-02-09T20:40:21.493Z,kadirgemici066@gmail.com,newsletter,everyone,true
148317528,2025-02-09T20:40:21.538Z,ozs2@cornell.edu,newsletter,everyone,true
148317528,2025-02-09T20:40:21.556Z,djcart137@gmail.com,newsletter,everyone,true
148317528,2025-02-09T20:40:21.568Z,gdg2018mm5@gmail.com,newsletter,everyone,true
148317528,2025-02-09T20:40:21.582Z,semakpa@gmail.com,newsletter,everyone,true
148317528,2025-02-09T20:40:21.700Z,calebgrasse@gmail.com,newsletter,everyone,true
148317528,2025-02-09T20:40:21.824Z,apollohlynch@gmail.com,newsletter,everyone,true
148317528,2025-02-09T20:40:21.860Z,borealspain@yahoo.co.uk,newsletter,everyone,true
148317528,2025-02-09T20:40:21.958Z,alminivdmerwe@gmail.com,newsletter,everyone,true
148317528,2025-02-09T20:40:21.983Z,ahershmc@aol.com,newsletter,everyone,true
148317528,2025-02-09T20:40:21.999Z,shien.getsuto@gmail.com,newsletter,everyone,true
148317528,2025-02-09T20:40:22.000Z,rwlbmitchell@gmail.com,newsletter,everyone,true
148317528,2025-02-09T20:40:22.020Z,itzhak.samara@gmail.com,newsletter,everyone,true
148317528,2025-02-09T20:40:22.062Z,growlyted@gmail.com,newsletter,everyone,true
148317528,2025-02-09T20:40:22.777Z,ptdaris@uol.com.br,newsletter,everyone,true
148317528,2025-02-09T20:40:23.498Z,dennis@burns.org,newsletter,everyone,true
148317528,2025-02-09T20:40:23.559Z,theory.nifty438@passinbox.com,newsletter,everyone,true
148317528,2025-02-09T20:40:28.286Z,skyjensen@icloud.com,newsletter,everyone,true
