post_id,timestamp,email,post_type,post_audience,active_subscription
148362092,2025-02-09T20:39:33.456Z,dwightlyman@gmail.com,newsletter,everyone,true
148362092,2025-02-09T20:39:33.777Z,beansocolofsky@gmail.com,newsletter,everyone,true
148362092,2025-02-09T20:39:34.201Z,Experimentalunit317@gmail.com,newsletter,everyone,false
148362092,2025-02-09T20:39:34.849Z,rimbsweiler@yahoo.com,newsletter,everyone,false
148362092,2025-02-09T20:39:34.936Z,justinaugustwellington@gmail.com,newsletter,everyone,true
148362092,2025-02-09T20:39:34.944Z,kadirgemici066@gmail.com,newsletter,everyone,true
148362092,2025-02-09T20:39:34.988Z,gdg2018mm5@gmail.com,newsletter,everyone,true
148362092,2025-02-09T20:39:34.993Z,nathanhaile11@gmail.com,newsletter,everyone,true
148362092,2025-02-09T20:39:34.997Z,mrnononsense02@gmail.com,newsletter,everyone,true
148362092,2025-02-09T20:39:35.023Z,djcart137@gmail.com,newsletter,everyone,true
148362092,2025-02-09T20:39:35.046Z,kalakaldruzuzu@gmail.com,newsletter,everyone,true
148362092,2025-02-09T20:39:35.046Z,zach.bartell.writer@gmail.com,newsletter,everyone,true
148362092,2025-02-09T20:39:35.120Z,semakpa@gmail.com,newsletter,everyone,true
148362092,2025-02-09T20:39:35.129Z,raynottwoodbead@gmail.com,newsletter,everyone,true
148362092,2025-02-09T20:39:35.132Z,bky074a@gmail.com,newsletter,everyone,true
148362092,2025-02-09T20:39:35.162Z,briana.j.carroll@gmail.com,newsletter,everyone,true
148362092,2025-02-09T20:39:35.165Z,ptdaris@uol.com.br,newsletter,everyone,true
148362092,2025-02-09T20:39:35.166Z,evangelinepressblog@gmail.com,newsletter,everyone,true
148362092,2025-02-09T20:39:35.231Z,3d0f86f2-e17f-4f2a-8ca5-154e98f6d68a@deletion-request.substack.com,newsletter,everyone,true
148362092,2025-02-09T20:39:35.260Z,zutorilla@gmail.com,newsletter,everyone,true
148362092,2025-02-09T20:39:35.270Z,calebgrasse@gmail.com,newsletter,everyone,true
148362092,2025-02-09T20:39:35.357Z,adooleycox@gmail.com,newsletter,everyone,true
148362092,2025-02-09T20:39:35.441Z,growlyted@gmail.com,newsletter,everyone,true
148362092,2025-02-09T20:39:35.530Z,jasontrew@gmail.com,newsletter,everyone,true
148362092,2025-02-09T20:39:35.608Z,rwlbmitchell@gmail.com,newsletter,everyone,true
148362092,2025-02-09T20:39:35.619Z,harrisbrian321@gmail.com,newsletter,everyone,true
148362092,2025-02-09T20:39:35.658Z,lennoxgravox@gmail.com,newsletter,everyone,true
148362092,2025-02-09T20:39:35.685Z,ozs2@cornell.edu,newsletter,everyone,true
148362092,2025-02-09T20:39:35.767Z,Twadley@gmail.com,newsletter,everyone,true
148362092,2025-02-09T20:39:35.786Z,apollohlynch@gmail.com,newsletter,everyone,true
148362092,2025-02-09T20:39:35.894Z,ahershmc@aol.com,newsletter,everyone,true
148362092,2025-02-09T20:39:36.013Z,beer64925@gmail.com,newsletter,everyone,true
148362092,2025-02-09T20:39:36.330Z,mileswilsondc@gmail.com,newsletter,everyone,true
148362092,2025-02-09T20:39:36.497Z,rimbsweiler@gmail.com,newsletter,everyone,true
148362092,2025-02-09T20:39:36.537Z,virknavkaur@gmail.com,newsletter,everyone,true
148362092,2025-02-09T20:39:36.643Z,shien.getsuto@gmail.com,newsletter,everyone,true
148362092,2025-02-09T20:39:36.686Z,itzhak.samara@gmail.com,newsletter,everyone,true
148362092,2025-02-09T20:39:36.786Z,ianwilmoth@gmail.com,newsletter,everyone,true
148362092,2025-02-09T20:39:36.787Z,alminivdmerwe@gmail.com,newsletter,everyone,true
148362092,2025-02-09T20:39:36.960Z,theory.nifty438@passinbox.com,newsletter,everyone,true
148362092,2025-02-09T20:39:37.072Z,borealspain@yahoo.co.uk,newsletter,everyone,true
148362092,2025-02-09T20:39:37.228Z,skyjensen@icloud.com,newsletter,everyone,true
148362092,2025-02-09T20:39:37.875Z,dennis@burns.org,newsletter,everyone,true
