post_id,timestamp,email,post_type,post_audience,active_subscription
148349817,2025-02-09T20:39:52.045Z,Experimentalunit317@gmail.com,newsletter,everyone,false
148349817,2025-02-09T20:39:52.858Z,mrnononsense02@gmail.com,newsletter,everyone,true
148349817,2025-02-09T20:39:52.870Z,dwightlyman@gmail.com,newsletter,everyone,true
148349817,2025-02-09T20:39:52.917Z,justinaugustwellington@gmail.com,newsletter,everyone,true
148349817,2025-02-09T20:39:52.942Z,nathanhaile11@gmail.com,newsletter,everyone,true
148349817,2025-02-09T20:39:52.960Z,evangelinepressblog@gmail.com,newsletter,everyone,true
148349817,2025-02-09T20:39:52.983Z,kadirgemici066@gmail.com,newsletter,everyone,true
148349817,2025-02-09T20:39:53.008Z,lennoxgravox@gmail.com,newsletter,everyone,true
148349817,2025-02-09T20:39:53.067Z,rimbsweiler@yahoo.com,newsletter,everyone,false
148349817,2025-02-09T20:39:53.138Z,3d0f86f2-e17f-4f2a-8ca5-154e98f6d68a@deletion-request.substack.com,newsletter,everyone,true
148349817,2025-02-09T20:39:53.298Z,kalakaldruzuzu@gmail.com,newsletter,everyone,true
148349817,2025-02-09T20:39:53.335Z,raynottwoodbead@gmail.com,newsletter,everyone,true
148349817,2025-02-09T20:39:53.355Z,calebgrasse@gmail.com,newsletter,everyone,true
148349817,2025-02-09T20:39:53.356Z,briana.j.carroll@gmail.com,newsletter,everyone,true
148349817,2025-02-09T20:39:53.360Z,mileswilsondc@gmail.com,newsletter,everyone,true
148349817,2025-02-09T20:39:53.363Z,djcart137@gmail.com,newsletter,everyone,true
148349817,2025-02-09T20:39:53.410Z,beer64925@gmail.com,newsletter,everyone,true
148349817,2025-02-09T20:39:53.410Z,zutorilla@gmail.com,newsletter,everyone,true
148349817,2025-02-09T20:39:53.418Z,ianwilmoth@gmail.com,newsletter,everyone,true
148349817,2025-02-09T20:39:53.436Z,alminivdmerwe@gmail.com,newsletter,everyone,true
148349817,2025-02-09T20:39:53.481Z,zach.bartell.writer@gmail.com,newsletter,everyone,true
148349817,2025-02-09T20:39:53.511Z,rimbsweiler@gmail.com,newsletter,everyone,true
148349817,2025-02-09T20:39:53.539Z,semakpa@gmail.com,newsletter,everyone,true
148349817,2025-02-09T20:39:53.597Z,apollohlynch@gmail.com,newsletter,everyone,true
148349817,2025-02-09T20:39:53.597Z,shien.getsuto@gmail.com,newsletter,everyone,true
148349817,2025-02-09T20:39:53.613Z,itzhak.samara@gmail.com,newsletter,everyone,true
148349817,2025-02-09T20:39:53.661Z,rwlbmitchell@gmail.com,newsletter,everyone,true
148349817,2025-02-09T20:39:53.771Z,virknavkaur@gmail.com,newsletter,everyone,true
148349817,2025-02-09T20:39:53.888Z,adooleycox@gmail.com,newsletter,everyone,true
148349817,2025-02-09T20:39:53.892Z,jasontrew@gmail.com,newsletter,everyone,true
148349817,2025-02-09T20:39:53.962Z,Twadley@gmail.com,newsletter,everyone,true
148349817,2025-02-09T20:39:54.040Z,beansocolofsky@gmail.com,newsletter,everyone,true
148349817,2025-02-09T20:39:54.148Z,ahershmc@aol.com,newsletter,everyone,true
148349817,2025-02-09T20:39:54.235Z,bky074a@gmail.com,newsletter,everyone,true
148349817,2025-02-09T20:39:54.263Z,ozs2@cornell.edu,newsletter,everyone,true
148349817,2025-02-09T20:39:54.353Z,gdg2018mm5@gmail.com,newsletter,everyone,true
148349817,2025-02-09T20:39:54.410Z,borealspain@yahoo.co.uk,newsletter,everyone,true
148349817,2025-02-09T20:39:54.578Z,harrisbrian321@gmail.com,newsletter,everyone,true
148349817,2025-02-09T20:39:54.823Z,ptdaris@uol.com.br,newsletter,everyone,true
148349817,2025-02-09T20:39:54.939Z,growlyted@gmail.com,newsletter,everyone,true
148349817,2025-02-09T20:39:55.002Z,theory.nifty438@passinbox.com,newsletter,everyone,true
148349817,2025-02-09T20:39:56.047Z,dennis@burns.org,newsletter,everyone,true
148349817,2025-02-09T20:40:16.946Z,skyjensen@icloud.com,newsletter,everyone,true
