post_id,timestamp,email,post_type,post_audience,active_subscription,country,city,region,device_type,client_os,client_type,user_agent
148349817,2025-02-09T20:42:46.271Z,dwightlyman@gmail.com,newsletter,everyone,true,US,,,,,,Mozilla/5.0
148349817,2025-02-09T20:53:27.972Z,mileswilsondc@gmail.com,newsletter,everyone,true,US,,,,,,Mozilla/5.0 (Windows NT 5.1; rv:11.0) Gecko Firefox/11.0 (via ggpht.com GoogleImageProxy)
148349817,2025-02-09T20:54:03.236Z,mileswilsondc@gmail.com,newsletter,everyone,true,US,,,,,,Mozilla/5.0
148349817,2025-02-09T21:01:37.955Z,borealspain@yahoo.co.uk,newsletter,everyone,true,US,,,,,,Mozilla/5.0
148349817,2025-02-09T21:02:58.808Z,alminivdmerwe@gmail.com,newsletter,everyone,true,LI,,,,,,Mozilla/5.0
148349817,2025-02-09T21:06:01.504Z,skyjensen@icloud.com,newsletter,everyone,true,US,,,,,,Mozilla/5.0
148349817,2025-02-09T22:18:00.694Z,ptdaris@uol.com.br,newsletter,everyone,true,BR,,,,,,Mozilla/4.0 (compatible; ms-office; MSOffice 16)
148349817,2025-02-09T23:51:34.217Z,dwightlyman@gmail.com,newsletter,everyone,true,US,,,,,,Mozilla/5.0
148349817,2025-02-10T02:22:59.695Z,ahershmc@aol.com,newsletter,everyone,true,US,,,,,,YahooMailProxy; https://help.yahoo.com/kb/yahoo-mail-proxy-SLN28749.html
148349817,2025-02-10T02:51:55.701Z,ianwilmoth@gmail.com,newsletter,everyone,true,US,,,,,,Mozilla/5.0
148349817,2025-02-10T03:58:05.680Z,jasontrew@gmail.com,newsletter,everyone,true,US,,,,,,Mozilla/5.0
148349817,2025-02-10T05:02:59.320Z,skyjensen@icloud.com,newsletter,everyone,true,US,,,,,,Mozilla/5.0
148349817,2025-02-10T08:08:16.429Z,alminivdmerwe@gmail.com,newsletter,everyone,true,LI,,,,,,Mozilla/5.0
148349817,2025-02-10T12:03:53.538Z,bky074a@gmail.com,newsletter,everyone,true,US,,,,,,Mozilla/5.0 (Windows NT 5.1; rv:11.0) Gecko Firefox/11.0 (via ggpht.com GoogleImageProxy)
148349817,2025-02-10T14:29:30.227Z,rimbsweiler@yahoo.com,newsletter,everyone,false,US,,,,,,Mozilla/5.0
148349817,2025-02-10T15:29:53.297Z,apollohlynch@gmail.com,newsletter,everyone,true,US,,,,,,Mozilla/5.0
148349817,2025-02-10T16:03:05.422Z,harrisbrian321@gmail.com,newsletter,everyone,true,CA,,,,,,Mozilla/5.0
148349817,2025-02-11T03:20:27.237Z,zach.bartell.writer@gmail.com,newsletter,everyone,true,US,,,,,,Mozilla/5.0
148349817,2025-02-14T11:52:17.857Z,briana.j.carroll@gmail.com,newsletter,everyone,true,US,,,,,,Mozilla/5.0 (Windows NT 5.1; rv:11.0) Gecko Firefox/11.0 (via ggpht.com GoogleImageProxy)
148349817,2025-02-26T04:22:27.940Z,nathanhaile11@gmail.com,newsletter,everyone,true,MX,,,,,,Mozilla/5.0
