post_id,timestamp,email,post_type,post_audience,active_subscription,country,city,region,device_type,client_os,client_type,user_agent
148631947,2025-02-09T20:53:27.938Z,mileswilsondc@gmail.com,newsletter,everyone,true,US,,,,,,Mozilla/5.0 (Windows NT 5.1; rv:11.0) Gecko Firefox/11.0 (via ggpht.com GoogleImageProxy)
148631947,2025-02-09T20:54:03.236Z,mileswilsondc@gmail.com,newsletter,everyone,true,US,,,,,,Mozilla/5.0
148631947,2025-02-09T20:58:38.609Z,briana.j.carroll@gmail.com,newsletter,everyone,true,US,,,,,,Mozilla/5.0 (Windows NT 5.1; rv:11.0) Gecko Firefox/11.0 (via ggpht.com GoogleImageProxy)
148631947,2025-02-09T21:01:37.957Z,borealspain@yahoo.co.uk,newsletter,everyone,true,US,,,,,,Mozilla/5.0
148631947,2025-02-09T21:02:58.810Z,alminivdmerwe@gmail.com,newsletter,everyone,true,LI,,,,,,Mozilla/5.0
148631947,2025-02-09T21:06:01.503Z,skyjensen@icloud.com,newsletter,everyone,true,US,,,,,,Mozilla/5.0
148631947,2025-02-09T23:25:03.598Z,Experimentalunit317@gmail.com,newsletter,everyone,false,US,,,,,,Mozilla/5.0 (Windows NT 5.1; rv:11.0) Gecko Firefox/11.0 (via ggpht.com GoogleImageProxy)
148631947,2025-02-10T02:51:55.701Z,ianwilmoth@gmail.com,newsletter,everyone,true,US,,,,,,Mozilla/5.0
148631947,2025-02-10T04:17:00.863Z,jasontrew@gmail.com,newsletter,everyone,true,US,,,,,,Mozilla/5.0
148631947,2025-02-10T05:02:59.319Z,skyjensen@icloud.com,newsletter,everyone,true,US,,,,,,Mozilla/5.0
148631947,2025-02-10T08:08:16.430Z,alminivdmerwe@gmail.com,newsletter,everyone,true,LI,,,,,,Mozilla/5.0
148631947,2025-02-10T14:29:30.225Z,rimbsweiler@yahoo.com,newsletter,everyone,false,US,,,,,,Mozilla/5.0
148631947,2025-02-10T15:57:37.898Z,apollohlynch@gmail.com,newsletter,everyone,true,US,,,,,,Mozilla/5.0
148631947,2025-02-10T16:03:05.419Z,harrisbrian321@gmail.com,newsletter,everyone,true,CA,,,,,,Mozilla/5.0
148631947,2025-02-11T03:20:27.238Z,zach.bartell.writer@gmail.com,newsletter,everyone,true,US,,,,,,Mozilla/5.0
148631947,2025-02-26T04:22:27.940Z,nathanhaile11@gmail.com,newsletter,everyone,true,MX,,,,,,Mozilla/5.0
