post_id,timestamp,email,post_type,post_audience,active_subscription
148631947,2025-02-09T20:39:04.029Z,Experimentalunit317@gmail.com,newsletter,everyone,false
148631947,2025-02-09T20:39:04.153Z,dwightlyman@gmail.com,newsletter,everyone,true
148631947,2025-02-09T20:39:04.624Z,beansocolofsky@gmail.com,newsletter,everyone,true
148631947,2025-02-09T20:39:05.169Z,nathanhaile11@gmail.com,newsletter,everyone,true
148631947,2025-02-09T20:39:05.185Z,kalakaldruzuzu@gmail.com,newsletter,everyone,true
148631947,2025-02-09T20:39:05.187Z,gdg2018mm5@gmail.com,newsletter,everyone,true
148631947,2025-02-09T20:39:05.199Z,djcart137@gmail.com,newsletter,everyone,true
148631947,2025-02-09T20:39:05.201Z,raynottwoodbead@gmail.com,newsletter,everyone,true
148631947,2025-02-09T20:39:05.233Z,zach.bartell.writer@gmail.com,newsletter,everyone,true
148631947,2025-02-09T20:39:05.259Z,beer64925@gmail.com,newsletter,everyone,true
148631947,2025-02-09T20:39:05.308Z,mrnononsense02@gmail.com,newsletter,everyone,true
148631947,2025-02-09T20:39:05.331Z,rimbsweiler@yahoo.com,newsletter,everyone,false
148631947,2025-02-09T20:39:05.366Z,kadirgemici066@gmail.com,newsletter,everyone,true
148631947,2025-02-09T20:39:05.651Z,zutorilla@gmail.com,newsletter,everyone,true
148631947,2025-02-09T20:39:05.655Z,ianwilmoth@gmail.com,newsletter,everyone,true
148631947,2025-02-09T20:39:05.678Z,briana.j.carroll@gmail.com,newsletter,everyone,true
148631947,2025-02-09T20:39:05.773Z,harrisbrian321@gmail.com,newsletter,everyone,true
148631947,2025-02-09T20:39:05.779Z,mileswilsondc@gmail.com,newsletter,everyone,true
148631947,2025-02-09T20:39:05.786Z,lennoxgravox@gmail.com,newsletter,everyone,true
148631947,2025-02-09T20:39:05.806Z,jasontrew@gmail.com,newsletter,everyone,true
148631947,2025-02-09T20:39:05.860Z,growlyted@gmail.com,newsletter,everyone,true
148631947,2025-02-09T20:39:05.914Z,justinaugustwellington@gmail.com,newsletter,everyone,true
148631947,2025-02-09T20:39:05.925Z,3d0f86f2-e17f-4f2a-8ca5-154e98f6d68a@deletion-request.substack.com,newsletter,everyone,true
148631947,2025-02-09T20:39:05.934Z,ptdaris@uol.com.br,newsletter,everyone,true
148631947,2025-02-09T20:39:05.950Z,virknavkaur@gmail.com,newsletter,everyone,true
148631947,2025-02-09T20:39:06.013Z,evangelinepressblog@gmail.com,newsletter,everyone,true
148631947,2025-02-09T20:39:06.026Z,semakpa@gmail.com,newsletter,everyone,true
148631947,2025-02-09T20:39:06.297Z,apollohlynch@gmail.com,newsletter,everyone,true
148631947,2025-02-09T20:39:06.346Z,adooleycox@gmail.com,newsletter,everyone,true
148631947,2025-02-09T20:39:06.391Z,alminivdmerwe@gmail.com,newsletter,everyone,true
148631947,2025-02-09T20:39:06.398Z,ahershmc@aol.com,newsletter,everyone,true
148631947,2025-02-09T20:39:06.402Z,bky074a@gmail.com,newsletter,everyone,true
148631947,2025-02-09T20:39:06.417Z,shien.getsuto@gmail.com,newsletter,everyone,true
148631947,2025-02-09T20:39:06.439Z,rwlbmitchell@gmail.com,newsletter,everyone,true
148631947,2025-02-09T20:39:06.769Z,itzhak.samara@gmail.com,newsletter,everyone,true
148631947,2025-02-09T20:39:06.802Z,rimbsweiler@gmail.com,newsletter,everyone,true
148631947,2025-02-09T20:39:06.878Z,ozs2@cornell.edu,newsletter,everyone,true
148631947,2025-02-09T20:39:06.911Z,Twadley@gmail.com,newsletter,everyone,true
148631947,2025-02-09T20:39:07.003Z,calebgrasse@gmail.com,newsletter,everyone,true
148631947,2025-02-09T20:39:07.423Z,borealspain@yahoo.co.uk,newsletter,everyone,true
148631947,2025-02-09T20:39:08.290Z,dennis@burns.org,newsletter,everyone,true
148631947,2025-02-09T20:39:08.321Z,theory.nifty438@passinbox.com,newsletter,everyone,true
148631947,2025-02-09T20:39:08.421Z,skyjensen@icloud.com,newsletter,everyone,true
