post_id,timestamp,email,post_type,post_audience,active_subscription,country,city,region,device_type,client_os,client_type,user_agent
148748891,2025-02-09T20:41:37.487Z,ianwilmoth@gmail.com,newsletter,everyone,true,US,,,,,,Mozilla/5.0 (Windows NT 5.1; rv:11.0) Gecko Firefox/11.0 (via ggpht.com GoogleImageProxy)
148748891,2025-02-09T20:42:07.509Z,ianwilmoth@gmail.com,newsletter,everyone,true,US,,,,,,Mozilla/5.0 (Windows NT 5.1; rv:11.0) Gecko Firefox/11.0 (via ggpht.com GoogleImageProxy)
148748891,2025-02-09T20:42:14.486Z,ianwilmoth@gmail.com,newsletter,everyone,true,US,,,,,,Mozilla/5.0 (Windows NT 5.1; rv:11.0) Gecko Firefox/11.0 (via ggpht.com GoogleImageProxy)
148748891,2025-02-09T20:53:27.927Z,mileswilsondc@gmail.com,newsletter,everyone,true,US,,,,,,Mozilla/5.0 (Windows NT 5.1; rv:11.0) Gecko Firefox/11.0 (via ggpht.com GoogleImageProxy)
148748891,2025-02-09T20:54:03.246Z,mileswilsondc@gmail.com,newsletter,everyone,true,US,,,,,,Mozilla/5.0
148748891,2025-02-09T21:01:37.957Z,borealspain@yahoo.co.uk,newsletter,everyone,true,US,,,,,,Mozilla/5.0
148748891,2025-02-09T21:02:58.809Z,alminivdmerwe@gmail.com,newsletter,everyone,true,LI,,,,,,Mozilla/5.0
148748891,2025-02-09T21:06:01.502Z,skyjensen@icloud.com,newsletter,everyone,true,US,,,,,,Mozilla/5.0
148748891,2025-02-09T21:12:56.940Z,ianwilmoth@gmail.com,newsletter,everyone,true,US,,,,,,Mozilla/5.0
148748891,2025-02-09T21:34:09.586Z,dwightlyman@gmail.com,newsletter,everyone,true,US,,,,,,Mozilla/5.0
148748891,2025-02-09T22:18:10.172Z,ptdaris@uol.com.br,newsletter,everyone,true,BR,,,,,,Mozilla/4.0 (compatible; ms-office; MSOffice 16)
148748891,2025-02-09T23:51:34.216Z,dwightlyman@gmail.com,newsletter,everyone,true,US,,,,,,Mozilla/5.0
148748891,2025-02-10T04:17:00.903Z,jasontrew@gmail.com,newsletter,everyone,true,US,,,,,,Mozilla/5.0
148748891,2025-02-10T05:02:59.319Z,skyjensen@icloud.com,newsletter,everyone,true,US,,,,,,Mozilla/5.0
148748891,2025-02-10T08:08:16.430Z,alminivdmerwe@gmail.com,newsletter,everyone,true,LI,,,,,,Mozilla/5.0
148748891,2025-02-10T12:03:50.610Z,bky074a@gmail.com,newsletter,everyone,true,US,,,,,,Mozilla/5.0 (Windows NT 5.1; rv:11.0) Gecko Firefox/11.0 (via ggpht.com GoogleImageProxy)
148748891,2025-02-10T14:29:30.226Z,rimbsweiler@yahoo.com,newsletter,everyone,false,US,,,,,,Mozilla/5.0
148748891,2025-02-10T15:29:53.290Z,apollohlynch@gmail.com,newsletter,everyone,true,US,,,,,,Mozilla/5.0
148748891,2025-02-10T16:03:05.424Z,harrisbrian321@gmail.com,newsletter,everyone,true,CA,,,,,,Mozilla/5.0
148748891,2025-02-11T03:20:27.229Z,zach.bartell.writer@gmail.com,newsletter,everyone,true,US,,,,,,Mozilla/5.0
148748891,2025-02-11T20:04:20.703Z,briana.j.carroll@gmail.com,newsletter,everyone,true,US,,,,,,Mozilla/5.0 (Windows NT 5.1; rv:11.0) Gecko Firefox/11.0 (via ggpht.com GoogleImageProxy)
148748891,2025-02-11T20:04:21.494Z,briana.j.carroll@gmail.com,newsletter,everyone,true,US,,,,,,Mozilla/5.0 (Windows NT 5.1; rv:11.0) Gecko Firefox/11.0 (via ggpht.com GoogleImageProxy)
148748891,2025-02-26T04:22:27.936Z,nathanhaile11@gmail.com,newsletter,everyone,true,MX,,,,,,Mozilla/5.0
