post_id,timestamp,email,post_type,post_audience,active_subscription
148748891,2025-02-09T20:38:43.412Z,Experimentalunit317@gmail.com,newsletter,everyone,false
148748891,2025-02-09T20:38:44.169Z,dwightlyman@gmail.com,newsletter,everyone,true
148748891,2025-02-09T20:38:44.340Z,beansocolofsky@gmail.com,newsletter,everyone,true
148748891,2025-02-09T20:38:44.727Z,beer64925@gmail.com,newsletter,everyone,true
148748891,2025-02-09T20:38:44.741Z,justinaugustwellington@gmail.com,newsletter,everyone,true
148748891,2025-02-09T20:38:44.846Z,raynottwoodbead@gmail.com,newsletter,everyone,true
148748891,2025-02-09T20:38:44.865Z,djcart137@gmail.com,newsletter,everyone,true
148748891,2025-02-09T20:38:44.902Z,kalakaldruzuzu@gmail.com,newsletter,everyone,true
148748891,2025-02-09T20:38:44.993Z,zach.bartell.writer@gmail.com,newsletter,everyone,true
148748891,2025-02-09T20:38:45.000Z,evangelinepressblog@gmail.com,newsletter,everyone,true
148748891,2025-02-09T20:38:45.015Z,mrnononsense02@gmail.com,newsletter,everyone,true
148748891,2025-02-09T20:38:45.043Z,lennoxgravox@gmail.com,newsletter,everyone,true
148748891,2025-02-09T20:38:45.047Z,3d0f86f2-e17f-4f2a-8ca5-154e98f6d68a@deletion-request.substack.com,newsletter,everyone,true
148748891,2025-02-09T20:38:45.105Z,calebgrasse@gmail.com,newsletter,everyone,true
148748891,2025-02-09T20:38:45.128Z,zutorilla@gmail.com,newsletter,everyone,true
148748891,2025-02-09T20:38:45.174Z,apollohlynch@gmail.com,newsletter,everyone,true
148748891,2025-02-09T20:38:45.193Z,jasontrew@gmail.com,newsletter,everyone,true
148748891,2025-02-09T20:38:45.195Z,alminivdmerwe@gmail.com,newsletter,everyone,true
148748891,2025-02-09T20:38:45.205Z,itzhak.samara@gmail.com,newsletter,everyone,true
148748891,2025-02-09T20:38:45.205Z,harrisbrian321@gmail.com,newsletter,everyone,true
148748891,2025-02-09T20:38:45.227Z,rimbsweiler@yahoo.com,newsletter,everyone,false
148748891,2025-02-09T20:38:45.247Z,rwlbmitchell@gmail.com,newsletter,everyone,true
148748891,2025-02-09T20:38:45.267Z,growlyted@gmail.com,newsletter,everyone,true
148748891,2025-02-09T20:38:45.277Z,mileswilsondc@gmail.com,newsletter,everyone,true
148748891,2025-02-09T20:38:45.283Z,ianwilmoth@gmail.com,newsletter,everyone,true
148748891,2025-02-09T20:38:45.284Z,briana.j.carroll@gmail.com,newsletter,everyone,true
148748891,2025-02-09T20:38:45.348Z,semakpa@gmail.com,newsletter,everyone,true
148748891,2025-02-09T20:38:45.349Z,bky074a@gmail.com,newsletter,everyone,true
148748891,2025-02-09T20:38:45.357Z,shien.getsuto@gmail.com,newsletter,everyone,true
148748891,2025-02-09T20:38:45.369Z,Twadley@gmail.com,newsletter,everyone,true
148748891,2025-02-09T20:38:45.402Z,nathanhaile11@gmail.com,newsletter,everyone,true
148748891,2025-02-09T20:38:45.610Z,gdg2018mm5@gmail.com,newsletter,everyone,true
148748891,2025-02-09T20:38:45.662Z,kadirgemici066@gmail.com,newsletter,everyone,true
148748891,2025-02-09T20:38:45.664Z,ahershmc@aol.com,newsletter,everyone,true
148748891,2025-02-09T20:38:45.844Z,rimbsweiler@gmail.com,newsletter,everyone,true
148748891,2025-02-09T20:38:45.900Z,adooleycox@gmail.com,newsletter,everyone,true
148748891,2025-02-09T20:38:46.033Z,ozs2@cornell.edu,newsletter,everyone,true
148748891,2025-02-09T20:38:46.054Z,virknavkaur@gmail.com,newsletter,everyone,true
148748891,2025-02-09T20:38:46.208Z,ptdaris@uol.com.br,newsletter,everyone,true
148748891,2025-02-09T20:38:46.242Z,borealspain@yahoo.co.uk,newsletter,everyone,true
148748891,2025-02-09T20:38:46.332Z,theory.nifty438@passinbox.com,newsletter,everyone,true
148748891,2025-02-09T20:38:49.153Z,skyjensen@icloud.com,newsletter,everyone,true
148748891,2025-02-09T20:38:49.538Z,dennis@burns.org,newsletter,everyone,true
