post_id,timestamp,email,post_type,post_audience,active_subscription
148799551,2025-02-09T20:38:09.755Z,Experimentalunit317@gmail.com,newsletter,everyone,false
148799551,2025-02-09T20:38:10.391Z,dwightlyman@gmail.com,newsletter,everyone,true
148799551,2025-02-09T20:38:10.759Z,djcart137@gmail.com,newsletter,everyone,true
148799551,2025-02-09T20:38:10.763Z,kalakaldruzuzu@gmail.com,newsletter,everyone,true
148799551,2025-02-09T20:38:10.808Z,raynottwoodbead@gmail.com,newsletter,everyone,true
148799551,2025-02-09T20:38:10.826Z,lennoxgravox@gmail.com,newsletter,everyone,true
148799551,2025-02-09T20:38:10.856Z,3d0f86f2-e17f-4f2a-8ca5-154e98f6d68a@deletion-request.substack.com,newsletter,everyone,true
148799551,2025-02-09T20:38:10.883Z,beer64925@gmail.com,newsletter,everyone,true
148799551,2025-02-09T20:38:10.939Z,evangelinepressblog@gmail.com,newsletter,everyone,true
148799551,2025-02-09T20:38:10.963Z,nathanhaile11@gmail.com,newsletter,everyone,true
148799551,2025-02-09T20:38:11.007Z,justinaugustwellington@gmail.com,newsletter,everyone,true
148799551,2025-02-09T20:38:11.033Z,zach.bartell.writer@gmail.com,newsletter,everyone,true
148799551,2025-02-09T20:38:11.153Z,ozs2@cornell.edu,newsletter,everyone,true
148799551,2025-02-09T20:38:11.252Z,beansocolofsky@gmail.com,newsletter,everyone,true
148799551,2025-02-09T20:38:11.305Z,gdg2018mm5@gmail.com,newsletter,everyone,true
148799551,2025-02-09T20:38:11.363Z,bky074a@gmail.com,newsletter,everyone,true
148799551,2025-02-09T20:38:11.370Z,adooleycox@gmail.com,newsletter,everyone,true
148799551,2025-02-09T20:38:11.419Z,mileswilsondc@gmail.com,newsletter,everyone,true
148799551,2025-02-09T20:38:11.520Z,kadirgemici066@gmail.com,newsletter,everyone,true
148799551,2025-02-09T20:38:11.559Z,mrnononsense02@gmail.com,newsletter,everyone,true
148799551,2025-02-09T20:38:11.854Z,rimbsweiler@yahoo.com,newsletter,everyone,false
148799551,2025-02-09T20:38:11.927Z,semakpa@gmail.com,newsletter,everyone,true
148799551,2025-02-09T20:38:11.986Z,Twadley@gmail.com,newsletter,everyone,true
148799551,2025-02-09T20:38:11.999Z,itzhak.samara@gmail.com,newsletter,everyone,true
148799551,2025-02-09T20:38:12.044Z,briana.j.carroll@gmail.com,newsletter,everyone,true
148799551,2025-02-09T20:38:12.120Z,calebgrasse@gmail.com,newsletter,everyone,true
148799551,2025-02-09T20:38:12.121Z,apollohlynch@gmail.com,newsletter,everyone,true
148799551,2025-02-09T20:38:12.122Z,growlyted@gmail.com,newsletter,everyone,true
148799551,2025-02-09T20:38:12.143Z,rwlbmitchell@gmail.com,newsletter,everyone,true
148799551,2025-02-09T20:38:12.192Z,ianwilmoth@gmail.com,newsletter,everyone,true
148799551,2025-02-09T20:38:12.243Z,virknavkaur@gmail.com,newsletter,everyone,true
148799551,2025-02-09T20:38:12.349Z,ptdaris@uol.com.br,newsletter,everyone,true
148799551,2025-02-09T20:38:12.389Z,shien.getsuto@gmail.com,newsletter,everyone,true
148799551,2025-02-09T20:38:12.420Z,ahershmc@aol.com,newsletter,everyone,true
148799551,2025-02-09T20:38:12.465Z,rimbsweiler@gmail.com,newsletter,everyone,true
148799551,2025-02-09T20:38:12.617Z,borealspain@yahoo.co.uk,newsletter,everyone,true
148799551,2025-02-09T20:38:12.660Z,harrisbrian321@gmail.com,newsletter,everyone,true
148799551,2025-02-09T20:38:12.710Z,jasontrew@gmail.com,newsletter,everyone,true
148799551,2025-02-09T20:38:12.889Z,zutorilla@gmail.com,newsletter,everyone,true
148799551,2025-02-09T20:38:13.178Z,theory.nifty438@passinbox.com,newsletter,everyone,true
148799551,2025-02-09T20:38:13.221Z,alminivdmerwe@gmail.com,newsletter,everyone,true
148799551,2025-02-09T20:38:16.249Z,dennis@burns.org,newsletter,everyone,true
148799551,2025-02-09T20:38:19.594Z,skyjensen@icloud.com,newsletter,everyone,true
