post_id,timestamp,email,post_type,post_audience,active_subscription
148874586,2025-02-09T20:36:42.019Z,Experimentalunit317@gmail.com,newsletter,everyone,false
148874586,2025-02-09T20:36:42.922Z,dwightlyman@gmail.com,newsletter,everyone,true
148874586,2025-02-09T20:36:43.000Z,beansocolofsky@gmail.com,newsletter,everyone,true
148874586,2025-02-09T20:36:43.402Z,rimbsweiler@yahoo.com,newsletter,everyone,false
148874586,2025-02-09T20:36:43.684Z,beer64925@gmail.com,newsletter,everyone,true
148874586,2025-02-09T20:36:43.722Z,djcart137@gmail.com,newsletter,everyone,true
148874586,2025-02-09T20:36:43.855Z,3d0f86f2-e17f-4f2a-8ca5-154e98f6d68a@deletion-request.substack.com,newsletter,everyone,true
148874586,2025-02-09T20:36:44.035Z,mileswilsondc@gmail.com,newsletter,everyone,true
148874586,2025-02-09T20:36:44.059Z,bky074a@gmail.com,newsletter,everyone,true
148874586,2025-02-09T20:36:44.072Z,raynottwoodbead@gmail.com,newsletter,everyone,true
148874586,2025-02-09T20:36:44.106Z,semakpa@gmail.com,newsletter,everyone,true
148874586,2025-02-09T20:36:44.149Z,zach.bartell.writer@gmail.com,newsletter,everyone,true
148874586,2025-02-09T20:36:44.449Z,Twadley@gmail.com,newsletter,everyone,true
148874586,2025-02-09T20:36:44.543Z,rimbsweiler@gmail.com,newsletter,everyone,true
148874586,2025-02-09T20:36:44.578Z,zutorilla@gmail.com,newsletter,everyone,true
148874586,2025-02-09T20:36:44.584Z,briana.j.carroll@gmail.com,newsletter,everyone,true
148874586,2025-02-09T20:36:44.605Z,ianwilmoth@gmail.com,newsletter,everyone,true
148874586,2025-02-09T20:36:44.634Z,itzhak.samara@gmail.com,newsletter,everyone,true
148874586,2025-02-09T20:36:44.675Z,apollohlynch@gmail.com,newsletter,everyone,true
148874586,2025-02-09T20:36:44.701Z,virknavkaur@gmail.com,newsletter,everyone,true
148874586,2025-02-09T20:36:44.705Z,calebgrasse@gmail.com,newsletter,everyone,true
148874586,2025-02-09T20:36:44.710Z,alminivdmerwe@gmail.com,newsletter,everyone,true
148874586,2025-02-09T20:36:44.729Z,rwlbmitchell@gmail.com,newsletter,everyone,true
148874586,2025-02-09T20:36:44.761Z,harrisbrian321@gmail.com,newsletter,everyone,true
148874586,2025-02-09T20:36:44.762Z,ptdaris@uol.com.br,newsletter,everyone,true
148874586,2025-02-09T20:36:44.772Z,jasontrew@gmail.com,newsletter,everyone,true
148874586,2025-02-09T20:36:44.845Z,growlyted@gmail.com,newsletter,everyone,true
148874586,2025-02-09T20:36:45.014Z,borealspain@yahoo.co.uk,newsletter,everyone,true
148874586,2025-02-09T20:36:45.057Z,kalakaldruzuzu@gmail.com,newsletter,everyone,true
148874586,2025-02-09T20:36:45.189Z,ahershmc@aol.com,newsletter,everyone,true
148874586,2025-02-09T20:36:45.628Z,mrnononsense02@gmail.com,newsletter,everyone,true
148874586,2025-02-09T20:36:45.634Z,kadirgemici066@gmail.com,newsletter,everyone,true
148874586,2025-02-09T20:36:45.669Z,justinaugustwellington@gmail.com,newsletter,everyone,true
148874586,2025-02-09T20:36:45.716Z,ozs2@cornell.edu,newsletter,everyone,true
148874586,2025-02-09T20:36:45.739Z,evangelinepressblog@gmail.com,newsletter,everyone,true
148874586,2025-02-09T20:36:45.846Z,gdg2018mm5@gmail.com,newsletter,everyone,true
148874586,2025-02-09T20:36:45.890Z,shien.getsuto@gmail.com,newsletter,everyone,true
148874586,2025-02-09T20:36:46.003Z,nathanhaile11@gmail.com,newsletter,everyone,true
148874586,2025-02-09T20:36:46.010Z,adooleycox@gmail.com,newsletter,everyone,true
148874586,2025-02-09T20:36:46.292Z,lennoxgravox@gmail.com,newsletter,everyone,true
148874586,2025-02-09T20:36:47.125Z,skyjensen@icloud.com,newsletter,everyone,true
148874586,2025-02-09T20:36:48.753Z,dennis@burns.org,newsletter,everyone,true
148874586,2025-02-09T20:36:48.864Z,theory.nifty438@passinbox.com,newsletter,everyone,true
