post_id,timestamp,email,post_type,post_audience,active_subscription,country,city,region,device_type,client_os,client_type,user_agent
148893716,2024-09-14T17:31:17.397Z,ozs2@cornell.edu,podcast,everyone,true,US,,,,,,"Mozilla/5.0 (Windows NT 10.0; Win64; x64) AppleWebKit/537.36 (KHTML, like Gecko) Chrome/109.0.0.0 Safari/537.36"
148893716,2024-09-14T17:31:50.875Z,beer64925@gmail.com,podcast,everyone,true,US,,,,,,Mozilla/5.0 (Windows NT 5.1; rv:11.0) Gecko Firefox/11.0 (via ggpht.com GoogleImageProxy)
148893716,2024-09-14T17:43:38.081Z,beansocolofsky@gmail.com,podcast,everyone,true,US,,,,,,Mozilla/5.0 (Windows NT 5.1; rv:11.0) Gecko Firefox/11.0 (via ggpht.com GoogleImageProxy)
148893716,2024-09-14T18:01:40.409Z,beansocolofsky@gmail.com,podcast,everyone,true,US,,,,,,Mozilla/5.0 (Windows NT 5.1; rv:11.0) Gecko Firefox/11.0 (via ggpht.com GoogleImageProxy)
148893716,2024-09-14T18:15:44.972Z,skyjensen@icloud.com,podcast,everyone,true,US,,,,,,Mozilla/5.0
148893716,2024-09-14T18:56:36.762Z,nathanhaile11@gmail.com,podcast,everyone,true,US,,,,,,Mozilla/5.0 (Windows NT 5.1; rv:11.0) Gecko Firefox/11.0 (via ggpht.com GoogleImageProxy)
148893716,2024-09-14T18:57:46.842Z,nathanhaile11@gmail.com,podcast,everyone,true,US,,,,,,Mozilla/5.0 (Windows NT 5.1; rv:11.0) Gecko Firefox/11.0 (via ggpht.com GoogleImageProxy)
148893716,2024-09-14T19:29:24.704Z,briana.j.carroll@gmail.com,podcast,everyone,true,US,,,,,,Mozilla/5.0 (Windows NT 5.1; rv:11.0) Gecko Firefox/11.0 (via ggpht.com GoogleImageProxy)
148893716,2024-09-14T21:19:10.269Z,skyjensen@icloud.com,podcast,everyone,true,US,,,,,,Mozilla/5.0
148893716,2024-09-14T21:44:20.386Z,dennis@burns.org,podcast,everyone,true,US,,,,,,"Mozilla/5.0 (Linux; Android 14; moto g 5G - 2023 Build/U1TPNS34.26-78-3-7; wv) AppleWebKit/537.36 (KHTML, like Gecko) Version/4.0 Chrome/128.0.6613.127 Mobile Safari/537.36"
148893716,2024-09-14T22:07:50.501Z,borealspain@yahoo.co.uk,podcast,everyone,true,US,,,,,,Mozilla/5.0
148893716,2024-09-14T22:14:39.836Z,rimbsweiler@yahoo.com,podcast,everyone,false,US,,,,,,Mozilla/5.0
148893716,2024-09-14T22:37:25.922Z,dennis@burns.org,podcast,everyone,true,US,,,,,,Mozilla/4.0 (compatible; ms-office; MSOffice 16)
148893716,2024-09-15T02:25:46.221Z,ianwilmoth@gmail.com,podcast,everyone,true,US,,,,,,Mozilla/5.0
148893716,2024-09-15T03:15:08.225Z,lennoxgravox@gmail.com,podcast,everyone,true,US,,,,,,Mozilla/5.0 (Windows NT 5.1; rv:11.0) Gecko Firefox/11.0 (via ggpht.com GoogleImageProxy)
148893716,2024-09-15T03:52:52.786Z,nathanhaile11@gmail.com,podcast,everyone,true,US,,,,,,Mozilla/5.0
148893716,2024-09-15T04:24:13.749Z,dwightlyman@gmail.com,podcast,everyone,true,US,,,,,,Mozilla/5.0
148893716,2024-09-15T16:25:29.646Z,zach.bartell.writer@gmail.com,podcast,everyone,true,US,,,,,,Mozilla/5.0
148893716,2024-09-16T12:04:48.032Z,alminivdmerwe@gmail.com,podcast,everyone,true,LI,,,,,,Mozilla/5.0
148893716,2024-09-17T04:15:57.096Z,dwightlyman@gmail.com,podcast,everyone,true,US,,,,,,Mozilla/5.0
148893716,2024-09-18T15:01:47.652Z,rimbsweiler@yahoo.com,podcast,everyone,false,US,,,,,,Mozilla/5.0
148893716,2024-09-19T07:27:30.847Z,nathanhaile11@gmail.com,podcast,everyone,true,US,,,,,,Mozilla/5.0
148893716,2024-09-19T15:55:13.725Z,tyrickstarksatt@gmail.com,podcast,everyone,true,US,,,,,,Mozilla/5.0 (Windows NT 5.1; rv:11.0) Gecko Firefox/11.0 (via ggpht.com GoogleImageProxy)
148893716,2024-09-23T12:52:38.685Z,nathanhaile11@gmail.com,podcast,everyone,true,US,,,,,,Mozilla/5.0
148893716,2024-09-24T20:10:49.504Z,alminivdmerwe@gmail.com,podcast,everyone,true,LI,,,,,,Mozilla/5.0
148893716,2024-09-24T23:49:44.074Z,nathanhaile11@gmail.com,podcast,everyone,true,US,,,,,,Mozilla/5.0 (Windows NT 5.1; rv:11.0) Gecko Firefox/11.0 (via ggpht.com GoogleImageProxy)
148893716,2024-09-25T07:18:20.906Z,nathanhaile11@gmail.com,podcast,everyone,true,US,,,,,,Mozilla/5.0
148893716,2024-09-26T07:08:06.698Z,nathanhaile11@gmail.com,podcast,everyone,true,US,,,,,,Mozilla/5.0
148893716,2024-09-27T08:14:18.894Z,nathanhaile11@gmail.com,podcast,everyone,true,US,,,,,,Mozilla/5.0
148893716,2024-10-01T07:13:24.080Z,nathanhaile11@gmail.com,podcast,everyone,true,US,,,,,,Mozilla/5.0
148893716,2024-10-03T07:54:12.195Z,nathanhaile11@gmail.com,podcast,everyone,true,US,,,,,,Mozilla/5.0
148893716,2024-10-07T06:35:19.139Z,nathanhaile11@gmail.com,podcast,everyone,true,US,,,,,,Mozilla/5.0
148893716,2024-10-11T10:30:17.949Z,nathanhaile11@gmail.com,podcast,everyone,true,US,,,,,,Mozilla/5.0
