post_id,timestamp,email,post_type,post_audience,active_subscription
148874754,2025-02-09T20:37:48.965Z,beansocolofsky@gmail.com,newsletter,everyone,true
148874754,2025-02-09T20:37:49.114Z,kalakaldruzuzu@gmail.com,newsletter,everyone,true
148874754,2025-02-09T20:37:49.185Z,djcart137@gmail.com,newsletter,everyone,true
148874754,2025-02-09T20:37:49.231Z,beer64925@gmail.com,newsletter,everyone,true
148874754,2025-02-09T20:37:49.298Z,zach.bartell.writer@gmail.com,newsletter,everyone,true
148874754,2025-02-09T20:37:49.408Z,Experimentalunit317@gmail.com,newsletter,everyone,false
148874754,2025-02-09T20:37:49.477Z,mrnononsense02@gmail.com,newsletter,everyone,true
148874754,2025-02-09T20:37:49.490Z,kadirgemici066@gmail.com,newsletter,everyone,true
148874754,2025-02-09T20:37:49.491Z,lennoxgravox@gmail.com,newsletter,everyone,true
148874754,2025-02-09T20:37:49.497Z,raynottwoodbead@gmail.com,newsletter,everyone,true
148874754,2025-02-09T20:37:49.596Z,gdg2018mm5@gmail.com,newsletter,everyone,true
148874754,2025-02-09T20:37:49.896Z,3d0f86f2-e17f-4f2a-8ca5-154e98f6d68a@deletion-request.substack.com,newsletter,everyone,true
148874754,2025-02-09T20:37:49.937Z,nathanhaile11@gmail.com,newsletter,everyone,true
148874754,2025-02-09T20:37:50.002Z,evangelinepressblog@gmail.com,newsletter,everyone,true
148874754,2025-02-09T20:37:50.094Z,justinaugustwellington@gmail.com,newsletter,everyone,true
148874754,2025-02-09T20:37:50.298Z,dwightlyman@gmail.com,newsletter,everyone,true
148874754,2025-02-09T20:37:50.516Z,ptdaris@uol.com.br,newsletter,everyone,true
148874754,2025-02-09T20:37:50.565Z,Twadley@gmail.com,newsletter,everyone,true
148874754,2025-02-09T20:37:50.626Z,rimbsweiler@gmail.com,newsletter,everyone,true
148874754,2025-02-09T20:37:50.685Z,ianwilmoth@gmail.com,newsletter,everyone,true
148874754,2025-02-09T20:37:50.686Z,adooleycox@gmail.com,newsletter,everyone,true
148874754,2025-02-09T20:37:50.725Z,calebgrasse@gmail.com,newsletter,everyone,true
148874754,2025-02-09T20:37:50.754Z,zutorilla@gmail.com,newsletter,everyone,true
148874754,2025-02-09T20:37:50.794Z,jasontrew@gmail.com,newsletter,everyone,true
148874754,2025-02-09T20:37:50.804Z,rimbsweiler@yahoo.com,newsletter,everyone,false
148874754,2025-02-09T20:37:50.812Z,growlyted@gmail.com,newsletter,everyone,true
148874754,2025-02-09T20:37:50.812Z,ozs2@cornell.edu,newsletter,everyone,true
148874754,2025-02-09T20:37:50.816Z,itzhak.samara@gmail.com,newsletter,everyone,true
148874754,2025-02-09T20:37:51.018Z,shien.getsuto@gmail.com,newsletter,everyone,true
148874754,2025-02-09T20:37:51.273Z,briana.j.carroll@gmail.com,newsletter,everyone,true
148874754,2025-02-09T20:37:51.351Z,apollohlynch@gmail.com,newsletter,everyone,true
148874754,2025-02-09T20:37:51.361Z,alminivdmerwe@gmail.com,newsletter,everyone,true
148874754,2025-02-09T20:37:51.556Z,virknavkaur@gmail.com,newsletter,everyone,true
148874754,2025-02-09T20:37:51.854Z,semakpa@gmail.com,newsletter,everyone,true
148874754,2025-02-09T20:37:51.893Z,mileswilsondc@gmail.com,newsletter,everyone,true
148874754,2025-02-09T20:37:52.190Z,rwlbmitchell@gmail.com,newsletter,everyone,true
148874754,2025-02-09T20:37:52.288Z,theory.nifty438@passinbox.com,newsletter,everyone,true
148874754,2025-02-09T20:37:52.409Z,ahershmc@aol.com,newsletter,everyone,true
148874754,2025-02-09T20:37:52.412Z,bky074a@gmail.com,newsletter,everyone,true
148874754,2025-02-09T20:37:52.442Z,borealspain@yahoo.co.uk,newsletter,everyone,true
148874754,2025-02-09T20:37:52.526Z,harrisbrian321@gmail.com,newsletter,everyone,true
148874754,2025-02-09T20:37:53.350Z,dennis@burns.org,newsletter,everyone,true
148874754,2025-02-09T20:37:54.642Z,skyjensen@icloud.com,newsletter,everyone,true
