post_id,timestamp,email,post_type,post_audience,active_subscription
148893716,2024-09-14T17:30:48.692Z,Experimentalunit317@gmail.com,podcast,everyone,false
148893716,2024-09-14T17:30:49.431Z,dwightlyman@gmail.com,podcast,everyone,true
148893716,2024-09-14T17:30:49.567Z,beansocolofsky@gmail.com,podcast,everyone,true
148893716,2024-09-14T17:30:49.880Z,rimbsweiler@yahoo.com,podcast,everyone,false
148893716,2024-09-14T17:30:50.170Z,mrnononsense02@gmail.com,podcast,everyone,true
148893716,2024-09-14T17:30:50.388Z,3d0f86f2-e17f-4f2a-8ca5-154e98f6d68a@deletion-request.substack.com,podcast,everyone,true
148893716,2024-09-14T17:30:50.405Z,zach.bartell.writer@gmail.com,podcast,everyone,true
148893716,2024-09-14T17:30:50.433Z,kalakaldruzuzu@gmail.com,podcast,everyone,true
148893716,2024-09-14T17:30:50.455Z,nathanhaile11@gmail.com,podcast,everyone,true
148893716,2024-09-14T17:30:50.456Z,kadirgemici066@gmail.com,podcast,everyone,true
148893716,2024-09-14T17:30:50.552Z,justinaugustwellington@gmail.com,podcast,everyone,true
148893716,2024-09-14T17:30:50.574Z,beer64925@gmail.com,podcast,everyone,true
148893716,2024-09-14T17:30:50.646Z,raynottwoodbead@gmail.com,podcast,everyone,true
148893716,2024-09-14T17:30:50.912Z,gdg2018mm5@gmail.com,podcast,everyone,true
148893716,2024-09-14T17:30:51.153Z,apollohlynch@gmail.com,podcast,everyone,true
148893716,2024-09-14T17:30:51.217Z,alminivdmerwe@gmail.com,podcast,everyone,true
148893716,2024-09-14T17:30:51.224Z,djcart137@gmail.com,podcast,everyone,true
148893716,2024-09-14T17:30:51.227Z,shien.getsuto@gmail.com,podcast,everyone,true
148893716,2024-09-14T17:30:51.232Z,zutorilla@gmail.com,podcast,everyone,true
148893716,2024-09-14T17:30:51.251Z,omarionburgess45@gmail.com,podcast,everyone,true
148893716,2024-09-14T17:30:51.258Z,calebgrasse@gmail.com,podcast,everyone,true
148893716,2024-09-14T17:30:51.276Z,rimbsweiler@gmail.com,podcast,everyone,true
148893716,2024-09-14T17:30:51.276Z,Twadley@gmail.com,podcast,everyone,true
148893716,2024-09-14T17:30:51.287Z,itzhak.samara@gmail.com,podcast,everyone,true
148893716,2024-09-14T17:30:51.314Z,bky074a@gmail.com,podcast,everyone,true
148893716,2024-09-14T17:30:51.333Z,ianwilmoth@gmail.com,podcast,everyone,true
148893716,2024-09-14T17:30:51.336Z,briana.j.carroll@gmail.com,podcast,everyone,true
148893716,2024-09-14T17:30:51.363Z,tyrickstarksatt@gmail.com,podcast,everyone,true
148893716,2024-09-14T17:30:51.584Z,lennoxgravox@gmail.com,podcast,everyone,true
148893716,2024-09-14T17:30:51.880Z,ozs2@cornell.edu,podcast,everyone,true
148893716,2024-09-14T17:30:51.975Z,borealspain@yahoo.co.uk,podcast,everyone,true
148893716,2024-09-14T17:30:52.017Z,daniellemtobias@gmail.com,podcast,everyone,true
148893716,2024-09-14T17:30:52.192Z,adooleycox@gmail.com,podcast,everyone,true
148893716,2024-09-14T17:30:52.923Z,ahershmc@aol.com,podcast,everyone,true
148893716,2024-09-14T17:30:53.779Z,dennis@burns.org,podcast,everyone,true
148893716,2024-09-14T17:30:56.643Z,skyjensen@icloud.com,podcast,everyone,true
