post_id,timestamp,email,post_type,post_audience,active_subscription
148873566,2025-02-09T20:37:18.520Z,nathanhaile11@gmail.com,newsletter,everyone,true
148873566,2025-02-09T20:37:18.579Z,mrnononsense02@gmail.com,newsletter,everyone,true
148873566,2025-02-09T20:37:18.622Z,raynottwoodbead@gmail.com,newsletter,everyone,true
148873566,2025-02-09T20:37:18.661Z,kadirgemici066@gmail.com,newsletter,everyone,true
148873566,2025-02-09T20:37:18.670Z,lennoxgravox@gmail.com,newsletter,everyone,true
148873566,2025-02-09T20:37:18.690Z,kalakaldruzuzu@gmail.com,newsletter,everyone,true
148873566,2025-02-09T20:37:18.699Z,Experimentalunit317@gmail.com,newsletter,everyone,false
148873566,2025-02-09T20:37:18.777Z,beer64925@gmail.com,newsletter,everyone,true
148873566,2025-02-09T20:37:18.809Z,3d0f86f2-e17f-4f2a-8ca5-154e98f6d68a@deletion-request.substack.com,newsletter,everyone,true
148873566,2025-02-09T20:37:18.845Z,djcart137@gmail.com,newsletter,everyone,true
148873566,2025-02-09T20:37:18.915Z,dwightlyman@gmail.com,newsletter,everyone,true
148873566,2025-02-09T20:37:18.943Z,beansocolofsky@gmail.com,newsletter,everyone,true
148873566,2025-02-09T20:37:19.233Z,calebgrasse@gmail.com,newsletter,everyone,true
148873566,2025-02-09T20:37:19.241Z,mileswilsondc@gmail.com,newsletter,everyone,true
148873566,2025-02-09T20:37:19.257Z,shien.getsuto@gmail.com,newsletter,everyone,true
148873566,2025-02-09T20:37:19.295Z,zutorilla@gmail.com,newsletter,everyone,true
148873566,2025-02-09T20:37:19.297Z,jasontrew@gmail.com,newsletter,everyone,true
148873566,2025-02-09T20:37:19.303Z,justinaugustwellington@gmail.com,newsletter,everyone,true
148873566,2025-02-09T20:37:19.305Z,briana.j.carroll@gmail.com,newsletter,everyone,true
148873566,2025-02-09T20:37:19.308Z,Twadley@gmail.com,newsletter,everyone,true
148873566,2025-02-09T20:37:19.327Z,itzhak.samara@gmail.com,newsletter,everyone,true
148873566,2025-02-09T20:37:19.337Z,harrisbrian321@gmail.com,newsletter,everyone,true
148873566,2025-02-09T20:37:19.342Z,semakpa@gmail.com,newsletter,everyone,true
148873566,2025-02-09T20:37:19.380Z,rimbsweiler@gmail.com,newsletter,everyone,true
148873566,2025-02-09T20:37:19.461Z,virknavkaur@gmail.com,newsletter,everyone,true
148873566,2025-02-09T20:37:19.526Z,rimbsweiler@yahoo.com,newsletter,everyone,false
148873566,2025-02-09T20:37:19.539Z,zach.bartell.writer@gmail.com,newsletter,everyone,true
148873566,2025-02-09T20:37:19.576Z,evangelinepressblog@gmail.com,newsletter,everyone,true
148873566,2025-02-09T20:37:19.826Z,bky074a@gmail.com,newsletter,everyone,true
148873566,2025-02-09T20:37:19.865Z,ahershmc@aol.com,newsletter,everyone,true
148873566,2025-02-09T20:37:19.868Z,rwlbmitchell@gmail.com,newsletter,everyone,true
148873566,2025-02-09T20:37:19.987Z,gdg2018mm5@gmail.com,newsletter,everyone,true
148873566,2025-02-09T20:37:20.006Z,apollohlynch@gmail.com,newsletter,everyone,true
148873566,2025-02-09T20:37:20.090Z,ozs2@cornell.edu,newsletter,everyone,true
148873566,2025-02-09T20:37:20.111Z,ianwilmoth@gmail.com,newsletter,everyone,true
148873566,2025-02-09T20:37:20.118Z,adooleycox@gmail.com,newsletter,everyone,true
148873566,2025-02-09T20:37:20.257Z,growlyted@gmail.com,newsletter,everyone,true
148873566,2025-02-09T20:37:20.727Z,alminivdmerwe@gmail.com,newsletter,everyone,true
148873566,2025-02-09T20:37:20.769Z,borealspain@yahoo.co.uk,newsletter,everyone,true
148873566,2025-02-09T20:37:21.043Z,theory.nifty438@passinbox.com,newsletter,everyone,true
148873566,2025-02-09T20:37:21.218Z,ptdaris@uol.com.br,newsletter,everyone,true
148873566,2025-02-09T20:37:22.403Z,dennis@burns.org,newsletter,everyone,true
148873566,2025-02-09T20:37:24.498Z,skyjensen@icloud.com,newsletter,everyone,true
