post_id,timestamp,email,post_type,post_audience,active_subscription,country,city,region,device_type,client_os,client_type,user_agent
148873566,2025-02-09T20:42:23.536Z,lennoxgravox@gmail.com,newsletter,everyone,true,US,,,,,,Mozilla/5.0 (Windows NT 5.1; rv:11.0) Gecko Firefox/11.0 (via ggpht.com GoogleImageProxy)
148873566,2025-02-09T20:53:27.842Z,mileswilsondc@gmail.com,newsletter,everyone,true,US,,,,,,Mozilla/5.0 (Windows NT 5.1; rv:11.0) Gecko Firefox/11.0 (via ggpht.com GoogleImageProxy)
148873566,2025-02-09T20:54:03.248Z,mileswilsondc@gmail.com,newsletter,everyone,true,US,,,,,,Mozilla/5.0
148873566,2025-02-09T20:58:07.514Z,briana.j.carroll@gmail.com,newsletter,everyone,true,US,,,,,,Mozilla/5.0 (Windows NT 5.1; rv:11.0) Gecko Firefox/11.0 (via ggpht.com GoogleImageProxy)
148873566,2025-02-09T20:58:27.928Z,harrisbrian321@gmail.com,newsletter,everyone,true,US,,,,,,Mozilla/5.0 (Windows NT 5.1; rv:11.0) Gecko Firefox/11.0 (via ggpht.com GoogleImageProxy)
148873566,2025-02-09T21:01:37.959Z,borealspain@yahoo.co.uk,newsletter,everyone,true,US,,,,,,Mozilla/5.0
148873566,2025-02-09T21:02:58.812Z,alminivdmerwe@gmail.com,newsletter,everyone,true,LI,,,,,,Mozilla/5.0
148873566,2025-02-09T21:06:01.501Z,skyjensen@icloud.com,newsletter,everyone,true,US,,,,,,Mozilla/5.0
148873566,2025-02-10T02:51:55.703Z,ianwilmoth@gmail.com,newsletter,everyone,true,US,,,,,,Mozilla/5.0
148873566,2025-02-10T04:17:00.869Z,jasontrew@gmail.com,newsletter,everyone,true,US,,,,,,Mozilla/5.0
148873566,2025-02-10T05:02:59.318Z,skyjensen@icloud.com,newsletter,everyone,true,US,,,,,,Mozilla/5.0
148873566,2025-02-10T08:08:16.432Z,alminivdmerwe@gmail.com,newsletter,everyone,true,LI,,,,,,Mozilla/5.0
148873566,2025-02-10T14:29:30.230Z,rimbsweiler@yahoo.com,newsletter,everyone,false,US,,,,,,Mozilla/5.0
148873566,2025-02-10T15:57:37.900Z,apollohlynch@gmail.com,newsletter,everyone,true,US,,,,,,Mozilla/5.0
148873566,2025-02-11T11:50:23.332Z,harrisbrian321@gmail.com,newsletter,everyone,true,CA,,,,,,Mozilla/5.0
148873566,2025-02-26T04:22:27.944Z,nathanhaile11@gmail.com,newsletter,everyone,true,MX,,,,,,Mozilla/5.0
