post_id,timestamp,email,post_type,post_audience,active_subscription,country,city,region,device_type,client_os,client_type,user_agent
148938932,2025-02-09T20:42:46.269Z,dwightlyman@gmail.com,newsletter,everyone,true,US,,,,,,Mozilla/5.0
148938932,2025-02-09T20:53:27.620Z,mileswilsondc@gmail.com,newsletter,everyone,true,US,,,,,,Mozilla/5.0 (Windows NT 5.1; rv:11.0) Gecko Firefox/11.0 (via ggpht.com GoogleImageProxy)
148938932,2025-02-09T20:54:03.250Z,mileswilsondc@gmail.com,newsletter,everyone,true,US,,,,,,Mozilla/5.0
148938932,2025-02-09T20:58:02.689Z,briana.j.carroll@gmail.com,newsletter,everyone,true,US,,,,,,Mozilla/5.0 (Windows NT 5.1; rv:11.0) Gecko Firefox/11.0 (via ggpht.com GoogleImageProxy)
148938932,2025-02-09T20:58:27.803Z,harrisbrian321@gmail.com,newsletter,everyone,true,US,,,,,,Mozilla/5.0 (Windows NT 5.1; rv:11.0) Gecko Firefox/11.0 (via ggpht.com GoogleImageProxy)
148938932,2025-02-09T21:01:37.960Z,borealspain@yahoo.co.uk,newsletter,everyone,true,US,,,,,,Mozilla/5.0
148938932,2025-02-09T21:02:58.773Z,alminivdmerwe@gmail.com,newsletter,everyone,true,LI,,,,,,Mozilla/5.0
148938932,2025-02-09T21:06:01.500Z,skyjensen@icloud.com,newsletter,everyone,true,US,,,,,,Mozilla/5.0
148938932,2025-02-09T23:25:04.421Z,Experimentalunit317@gmail.com,newsletter,everyone,false,US,,,,,,Mozilla/5.0 (Windows NT 5.1; rv:11.0) Gecko Firefox/11.0 (via ggpht.com GoogleImageProxy)
148938932,2025-02-10T00:34:40.324Z,dwightlyman@gmail.com,newsletter,everyone,true,US,,,,,,Mozilla/5.0
148938932,2025-02-10T03:30:22.482Z,ianwilmoth@gmail.com,newsletter,everyone,true,US,,,,,,Mozilla/5.0
148938932,2025-02-10T04:41:28.820Z,jasontrew@gmail.com,newsletter,everyone,true,US,,,,,,Mozilla/5.0
148938932,2025-02-10T05:02:59.318Z,skyjensen@icloud.com,newsletter,everyone,true,US,,,,,,Mozilla/5.0
148938932,2025-02-10T08:08:16.432Z,alminivdmerwe@gmail.com,newsletter,everyone,true,LI,,,,,,Mozilla/5.0
148938932,2025-02-10T14:29:30.231Z,rimbsweiler@yahoo.com,newsletter,everyone,false,US,,,,,,Mozilla/5.0
148938932,2025-02-10T16:03:05.427Z,harrisbrian321@gmail.com,newsletter,everyone,true,CA,,,,,,Mozilla/5.0
148938932,2025-02-10T16:47:35.213Z,apollohlynch@gmail.com,newsletter,everyone,true,US,,,,,,Mozilla/5.0
148938932,2025-02-26T04:22:27.941Z,nathanhaile11@gmail.com,newsletter,everyone,true,MX,,,,,,Mozilla/5.0
