post_id,timestamp,email,post_type,post_audience,active_subscription
148938932,2025-02-09T20:36:52.063Z,dwightlyman@gmail.com,newsletter,everyone,true
148938932,2025-02-09T20:36:52.465Z,Experimentalunit317@gmail.com,newsletter,everyone,false
148938932,2025-02-09T20:36:52.678Z,rimbsweiler@yahoo.com,newsletter,everyone,false
148938932,2025-02-09T20:36:52.782Z,kadirgemici066@gmail.com,newsletter,everyone,true
148938932,2025-02-09T20:36:52.821Z,justinaugustwellington@gmail.com,newsletter,everyone,true
148938932,2025-02-09T20:36:52.871Z,gdg2018mm5@gmail.com,newsletter,everyone,true
148938932,2025-02-09T20:36:52.887Z,beansocolofsky@gmail.com,newsletter,everyone,true
148938932,2025-02-09T20:36:52.895Z,mrnononsense02@gmail.com,newsletter,everyone,true
148938932,2025-02-09T20:36:52.934Z,3d0f86f2-e17f-4f2a-8ca5-154e98f6d68a@deletion-request.substack.com,newsletter,everyone,true
148938932,2025-02-09T20:36:52.961Z,bky074a@gmail.com,newsletter,everyone,true
148938932,2025-02-09T20:36:52.994Z,mileswilsondc@gmail.com,newsletter,everyone,true
148938932,2025-02-09T20:36:52.997Z,zach.bartell.writer@gmail.com,newsletter,everyone,true
148938932,2025-02-09T20:36:53.011Z,beer64925@gmail.com,newsletter,everyone,true
148938932,2025-02-09T20:36:53.019Z,nathanhaile11@gmail.com,newsletter,everyone,true
148938932,2025-02-09T20:36:53.041Z,semakpa@gmail.com,newsletter,everyone,true
148938932,2025-02-09T20:36:53.073Z,djcart137@gmail.com,newsletter,everyone,true
148938932,2025-02-09T20:36:53.142Z,briana.j.carroll@gmail.com,newsletter,everyone,true
148938932,2025-02-09T20:36:53.158Z,Twadley@gmail.com,newsletter,everyone,true
148938932,2025-02-09T20:36:53.167Z,calebgrasse@gmail.com,newsletter,everyone,true
148938932,2025-02-09T20:36:53.255Z,apollohlynch@gmail.com,newsletter,everyone,true
148938932,2025-02-09T20:36:53.255Z,alminivdmerwe@gmail.com,newsletter,everyone,true
148938932,2025-02-09T20:36:53.261Z,zutorilla@gmail.com,newsletter,everyone,true
148938932,2025-02-09T20:36:53.290Z,adooleycox@gmail.com,newsletter,everyone,true
148938932,2025-02-09T20:36:53.292Z,ianwilmoth@gmail.com,newsletter,everyone,true
148938932,2025-02-09T20:36:53.337Z,jasontrew@gmail.com,newsletter,everyone,true
148938932,2025-02-09T20:36:53.344Z,growlyted@gmail.com,newsletter,everyone,true
148938932,2025-02-09T20:36:53.366Z,rwlbmitchell@gmail.com,newsletter,everyone,true
148938932,2025-02-09T20:36:53.420Z,raynottwoodbead@gmail.com,newsletter,everyone,true
148938932,2025-02-09T20:36:53.476Z,virknavkaur@gmail.com,newsletter,everyone,true
148938932,2025-02-09T20:36:53.853Z,harrisbrian321@gmail.com,newsletter,everyone,true
148938932,2025-02-09T20:36:53.873Z,borealspain@yahoo.co.uk,newsletter,everyone,true
148938932,2025-02-09T20:36:54.032Z,shien.getsuto@gmail.com,newsletter,everyone,true
148938932,2025-02-09T20:36:54.117Z,ozs2@cornell.edu,newsletter,everyone,true
148938932,2025-02-09T20:36:54.128Z,rimbsweiler@gmail.com,newsletter,everyone,true
148938932,2025-02-09T20:36:54.230Z,lennoxgravox@gmail.com,newsletter,everyone,true
148938932,2025-02-09T20:36:54.259Z,kalakaldruzuzu@gmail.com,newsletter,everyone,true
148938932,2025-02-09T20:36:54.269Z,evangelinepressblog@gmail.com,newsletter,everyone,true
148938932,2025-02-09T20:36:54.325Z,itzhak.samara@gmail.com,newsletter,everyone,true
148938932,2025-02-09T20:36:54.328Z,ptdaris@uol.com.br,newsletter,everyone,true
148938932,2025-02-09T20:36:55.769Z,theory.nifty438@passinbox.com,newsletter,everyone,true
148938932,2025-02-09T20:36:55.956Z,dennis@burns.org,newsletter,everyone,true
148938932,2025-02-09T20:36:57.262Z,ahershmc@aol.com,newsletter,everyone,true
148938932,2025-02-09T20:36:57.615Z,skyjensen@icloud.com,newsletter,everyone,true
