post_id,timestamp,email,post_type,post_audience,active_subscription,country,city,region,device_type,client_os,client_type,user_agent
149096676,2024-09-19T12:20:26.011Z,nathanhaile11@gmail.com,podcast,everyone,true,US,,,,,,Mozilla/5.0
149096676,2024-09-19T12:26:29.763Z,dwightlyman@gmail.com,podcast,everyone,true,US,,,,,,Mozilla/5.0
149096676,2024-09-19T12:27:27.257Z,ianwilmoth@gmail.com,podcast,everyone,true,US,,,,,,Mozilla/5.0
149096676,2024-09-19T12:35:16.678Z,alminivdmerwe@gmail.com,podcast,everyone,true,LI,,,,,,Mozilla/5.0
149096676,2024-09-19T12:40:18.815Z,briana.j.carroll@gmail.com,podcast,everyone,true,US,,,,,,Mozilla/5.0 (Windows NT 5.1; rv:11.0) Gecko Firefox/11.0 (via ggpht.com GoogleImageProxy)
149096676,2024-09-19T12:57:25.775Z,rimbsweiler@yahoo.com,podcast,everyone,false,US,,,,,,Mozilla/5.0
149096676,2024-09-19T13:37:59.759Z,zach.bartell.writer@gmail.com,podcast,everyone,true,US,,,,,,Mozilla/5.0
149096676,2024-09-19T13:56:16.339Z,dennis@burns.org,podcast,everyone,true,US,,,,,,Mozilla/4.0 (compatible; ms-office; MSOffice 16)
149096676,2024-09-19T13:56:16.341Z,dennis@burns.org,podcast,everyone,true,US,,,,,,Mozilla/4.0 (compatible; ms-office; MSOffice 16)
149096676,2024-09-19T14:01:32.118Z,briana.j.carroll@gmail.com,podcast,everyone,true,US,,,,,,Mozilla/5.0 (Windows NT 5.1; rv:11.0) Gecko Firefox/11.0 (via ggpht.com GoogleImageProxy)
149096676,2024-09-19T14:46:40.821Z,dwightlyman@gmail.com,podcast,everyone,true,US,,,,,,Mozilla/5.0
149096676,2024-09-19T15:25:25.935Z,nathanhaile11@gmail.com,podcast,everyone,true,US,,,,,,Mozilla/5.0 (Windows NT 5.1; rv:11.0) Gecko Firefox/11.0 (via ggpht.com GoogleImageProxy)
149096676,2024-09-19T15:27:54.567Z,dennis@burns.org,podcast,everyone,true,US,,,,,,Mozilla/4.0 (compatible; ms-office; MSOffice 16)
149096676,2024-09-19T15:27:54.621Z,dennis@burns.org,podcast,everyone,true,US,,,,,,Mozilla/4.0 (compatible; ms-office; MSOffice 16)
149096676,2024-09-19T15:55:14.374Z,tyrickstarksatt@gmail.com,podcast,everyone,true,US,,,,,,Mozilla/5.0 (Windows NT 5.1; rv:11.0) Gecko Firefox/11.0 (via ggpht.com GoogleImageProxy)
149096676,2024-09-19T17:21:30.714Z,skyjensen@icloud.com,podcast,everyone,true,US,,,,,,Mozilla/5.0
149096676,2024-09-19T21:28:50.559Z,3d0f86f2-e17f-4f2a-8ca5-154e98f6d68a@deletion-request.substack.com,podcast,everyone,true,US,,,,,,Mozilla/5.0 (Windows NT 5.1; rv:11.0) Gecko Firefox/11.0 (via ggpht.com GoogleImageProxy)
149096676,2024-09-19T22:08:15.720Z,skyjensen@icloud.com,podcast,everyone,true,US,,,,,,Mozilla/5.0
149096676,2024-09-20T06:44:08.293Z,lennoxgravox@gmail.com,podcast,everyone,true,US,,,,,,Mozilla/5.0 (Windows NT 5.1; rv:11.0) Gecko Firefox/11.0 (via ggpht.com GoogleImageProxy)
149096676,2024-09-20T12:23:25.990Z,Experimentalunit317@gmail.com,podcast,everyone,false,US,,,,,,Mozilla/5.0 (Windows NT 5.1; rv:11.0) Gecko Firefox/11.0 (via ggpht.com GoogleImageProxy)
149096676,2024-09-21T04:26:07.624Z,lennoxgravox@gmail.com,podcast,everyone,true,US,,,,,,Mozilla/5.0 (Windows NT 5.1; rv:11.0) Gecko Firefox/11.0 (via ggpht.com GoogleImageProxy)
149096676,2024-09-21T18:57:03.263Z,borealspain@yahoo.co.uk,podcast,everyone,true,US,,,,,,Mozilla/5.0
149096676,2024-09-24T20:04:35.297Z,alminivdmerwe@gmail.com,podcast,everyone,true,LI,,,,,,Mozilla/5.0
149096676,2024-09-25T06:20:24.327Z,nathanhaile11@gmail.com,podcast,everyone,true,US,,,,,,Mozilla/5.0
149096676,2024-09-27T08:04:25.417Z,nathanhaile11@gmail.com,podcast,everyone,true,US,,,,,,Mozilla/5.0
149096676,2024-10-01T07:03:15.450Z,nathanhaile11@gmail.com,podcast,everyone,true,US,,,,,,Mozilla/5.0
149096676,2024-10-03T07:09:59.727Z,nathanhaile11@gmail.com,podcast,everyone,true,US,,,,,,Mozilla/5.0
149096676,2024-10-06T08:44:06.342Z,nathanhaile11@gmail.com,podcast,everyone,true,US,,,,,,Mozilla/5.0
149096676,2024-10-10T11:50:58.976Z,nathanhaile11@gmail.com,podcast,everyone,true,US,,,,,,Mozilla/5.0
149096676,2024-10-11T09:47:49.407Z,nathanhaile11@gmail.com,podcast,everyone,true,US,,,,,,Mozilla/5.0
