post_id,timestamp,email,post_type,post_audience,active_subscription,country,city,region,device_type,client_os,client_type,user_agent
149099400,2024-09-19T13:24:38.872Z,briana.j.carroll@gmail.com,podcast,everyone,true,US,,,,,,Mozilla/5.0 (Windows NT 5.1; rv:11.0) Gecko Firefox/11.0 (via ggpht.com GoogleImageProxy)
149099400,2024-09-19T14:03:41.260Z,briana.j.carroll@gmail.com,podcast,everyone,true,US,,,,,,Mozilla/5.0 (Windows NT 5.1; rv:11.0) Gecko Firefox/11.0 (via ggpht.com GoogleImageProxy)
149099400,2024-09-19T14:46:40.822Z,dwightlyman@gmail.com,podcast,everyone,true,US,,,,,,Mozilla/5.0
149099400,2024-09-19T15:13:24.538Z,rimbsweiler@yahoo.com,podcast,everyone,false,US,,,,,,YahooMailProxy; https://help.yahoo.com/kb/yahoo-mail-proxy-SLN28749.html
149099400,2024-09-19T15:25:25.929Z,nathanhaile11@gmail.com,podcast,everyone,true,US,,,,,,Mozilla/5.0 (Windows NT 5.1; rv:11.0) Gecko Firefox/11.0 (via ggpht.com GoogleImageProxy)
149099400,2024-09-19T15:46:57.973Z,dennis@burns.org,podcast,everyone,true,US,,,,,,Mozilla/4.0 (compatible; ms-office; MSOffice 16)
149099400,2024-09-19T15:46:58.026Z,dennis@burns.org,podcast,everyone,true,US,,,,,,Mozilla/4.0 (compatible; ms-office; MSOffice 16)
149099400,2024-09-19T15:55:14.727Z,tyrickstarksatt@gmail.com,podcast,everyone,true,US,,,,,,Mozilla/5.0 (Windows NT 5.1; rv:11.0) Gecko Firefox/11.0 (via ggpht.com GoogleImageProxy)
149099400,2024-09-19T16:19:26.355Z,Experimentalunit317@gmail.com,podcast,everyone,false,US,,,,,,Mozilla/5.0 (Windows NT 5.1; rv:11.0) Gecko Firefox/11.0 (via ggpht.com GoogleImageProxy)
149099400,2024-09-19T17:21:30.715Z,skyjensen@icloud.com,podcast,everyone,true,US,,,,,,Mozilla/5.0
149099400,2024-09-19T19:30:56.770Z,lennoxgravox@gmail.com,podcast,everyone,true,US,,,,,,Mozilla/5.0 (Windows NT 5.1; rv:11.0) Gecko Firefox/11.0 (via ggpht.com GoogleImageProxy)
149099400,2024-09-19T20:13:57.862Z,nathanhaile11@gmail.com,podcast,everyone,true,US,,,,,,Mozilla/5.0
149099400,2024-09-19T20:19:04.649Z,zach.bartell.writer@gmail.com,podcast,everyone,true,US,,,,,,Mozilla/5.0
149099400,2024-09-19T21:28:51.866Z,3d0f86f2-e17f-4f2a-8ca5-154e98f6d68a@deletion-request.substack.com,podcast,everyone,true,US,,,,,,Mozilla/5.0 (Windows NT 5.1; rv:11.0) Gecko Firefox/11.0 (via ggpht.com GoogleImageProxy)
149099400,2024-09-19T22:08:15.721Z,skyjensen@icloud.com,podcast,everyone,true,US,,,,,,Mozilla/5.0
149099400,2024-09-20T01:34:19.854Z,lennoxgravox@gmail.com,podcast,everyone,true,US,,,,,,Mozilla/5.0 (Windows NT 5.1; rv:11.0) Gecko Firefox/11.0 (via ggpht.com GoogleImageProxy)
149099400,2024-09-20T02:11:02.875Z,rimbsweiler@yahoo.com,podcast,everyone,false,US,,,,,,Mozilla/5.0
149099400,2024-09-20T03:28:09.706Z,ianwilmoth@gmail.com,podcast,everyone,true,US,,,,,,Mozilla/5.0
149099400,2024-09-20T06:44:08.304Z,lennoxgravox@gmail.com,podcast,everyone,true,US,,,,,,Mozilla/5.0 (Windows NT 5.1; rv:11.0) Gecko Firefox/11.0 (via ggpht.com GoogleImageProxy)
149099400,2024-09-20T08:49:41.806Z,dwightlyman@gmail.com,podcast,everyone,true,US,,,,,,Mozilla/5.0
149099400,2024-09-20T12:01:27.612Z,alminivdmerwe@gmail.com,podcast,everyone,true,LI,,,,,,Mozilla/5.0
149099400,2024-09-20T12:23:23.814Z,Experimentalunit317@gmail.com,podcast,everyone,false,US,,,,,,Mozilla/5.0 (Windows NT 5.1; rv:11.0) Gecko Firefox/11.0 (via ggpht.com GoogleImageProxy)
149099400,2024-09-20T13:37:37.216Z,joliefleur3435@gmail.com,podcast,everyone,true,US,,,,,,Mozilla/5.0 (Windows NT 5.1; rv:11.0) Gecko Firefox/11.0 (via ggpht.com GoogleImageProxy)
149099400,2024-09-21T04:26:07.625Z,lennoxgravox@gmail.com,podcast,everyone,true,US,,,,,,Mozilla/5.0 (Windows NT 5.1; rv:11.0) Gecko Firefox/11.0 (via ggpht.com GoogleImageProxy)
149099400,2024-09-21T18:57:03.262Z,borealspain@yahoo.co.uk,podcast,everyone,true,US,,,,,,Mozilla/5.0
149099400,2024-09-24T20:04:35.296Z,alminivdmerwe@gmail.com,podcast,everyone,true,LI,,,,,,Mozilla/5.0
149099400,2024-09-25T06:20:24.326Z,nathanhaile11@gmail.com,podcast,everyone,true,US,,,,,,Mozilla/5.0
149099400,2024-09-27T08:04:25.417Z,nathanhaile11@gmail.com,podcast,everyone,true,US,,,,,,Mozilla/5.0
149099400,2024-10-01T07:03:15.449Z,nathanhaile11@gmail.com,podcast,everyone,true,US,,,,,,Mozilla/5.0
149099400,2024-10-03T07:09:59.727Z,nathanhaile11@gmail.com,podcast,everyone,true,US,,,,,,Mozilla/5.0
149099400,2024-10-06T08:44:06.341Z,nathanhaile11@gmail.com,podcast,everyone,true,US,,,,,,Mozilla/5.0
149099400,2024-10-10T11:50:58.976Z,nathanhaile11@gmail.com,podcast,everyone,true,US,,,,,,Mozilla/5.0
149099400,2024-10-11T09:47:49.407Z,nathanhaile11@gmail.com,podcast,everyone,true,US,,,,,,Mozilla/5.0
