post_id,timestamp,email,post_type,post_audience,active_subscription
149099400,2024-09-19T13:24:00.707Z,Experimentalunit317@gmail.com,podcast,everyone,false
149099400,2024-09-19T13:24:03.949Z,rimbsweiler@yahoo.com,podcast,everyone,false
149099400,2024-09-19T13:24:11.274Z,gdg2018mm5@gmail.com,podcast,everyone,true
149099400,2024-09-19T13:24:11.342Z,kadirgemici066@gmail.com,podcast,everyone,true
149099400,2024-09-19T13:24:11.464Z,justinaugustwellington@gmail.com,podcast,everyone,true
149099400,2024-09-19T13:24:12.113Z,mrnononsense02@gmail.com,podcast,everyone,true
149099400,2024-09-19T13:24:12.418Z,dwightlyman@gmail.com,podcast,everyone,true
149099400,2024-09-19T13:24:12.431Z,beansocolofsky@gmail.com,podcast,everyone,true
149099400,2024-09-19T13:24:12.611Z,nathanhaile11@gmail.com,podcast,everyone,true
149099400,2024-09-19T13:24:15.091Z,kalakaldruzuzu@gmail.com,podcast,everyone,true
149099400,2024-09-19T13:24:15.237Z,zach.bartell.writer@gmail.com,podcast,everyone,true
149099400,2024-09-19T13:24:15.311Z,raynottwoodbead@gmail.com,podcast,everyone,true
149099400,2024-09-19T13:24:15.408Z,3d0f86f2-e17f-4f2a-8ca5-154e98f6d68a@deletion-request.substack.com,podcast,everyone,true
149099400,2024-09-19T13:24:15.526Z,beer64925@gmail.com,podcast,everyone,true
149099400,2024-09-19T13:24:19.455Z,omarionburgess45@gmail.com,podcast,everyone,true
149099400,2024-09-19T13:24:19.455Z,alminivdmerwe@gmail.com,podcast,everyone,true
149099400,2024-09-19T13:24:19.493Z,calebgrasse@gmail.com,podcast,everyone,true
149099400,2024-09-19T13:24:19.575Z,Twadley@gmail.com,podcast,everyone,true
149099400,2024-09-19T13:24:19.581Z,bky074a@gmail.com,podcast,everyone,true
149099400,2024-09-19T13:24:19.591Z,zutorilla@gmail.com,podcast,everyone,true
149099400,2024-09-19T13:24:19.607Z,joliefleur3435@gmail.com,podcast,everyone,true
149099400,2024-09-19T13:24:19.626Z,lennoxgravox@gmail.com,podcast,everyone,true
149099400,2024-09-19T13:24:19.656Z,ianwilmoth@gmail.com,podcast,everyone,true
149099400,2024-09-19T13:24:19.656Z,djcart137@gmail.com,podcast,everyone,true
149099400,2024-09-19T13:24:19.730Z,tyrickstarksatt@gmail.com,podcast,everyone,true
149099400,2024-09-19T13:24:19.899Z,ahershmc@aol.com,podcast,everyone,true
149099400,2024-09-19T13:24:20.183Z,briana.j.carroll@gmail.com,podcast,everyone,true
149099400,2024-09-19T13:24:20.345Z,itzhak.samara@gmail.com,podcast,everyone,true
149099400,2024-09-19T13:24:20.579Z,shien.getsuto@gmail.com,podcast,everyone,true
149099400,2024-09-19T13:24:20.648Z,borealspain@yahoo.co.uk,podcast,everyone,true
149099400,2024-09-19T13:24:20.711Z,rimbsweiler@gmail.com,podcast,everyone,true
149099400,2024-09-19T13:24:21.194Z,apollohlynch@gmail.com,podcast,everyone,true
149099400,2024-09-19T13:24:21.425Z,daniellemtobias@gmail.com,podcast,everyone,true
149099400,2024-09-19T13:24:21.792Z,adooleycox@gmail.com,podcast,everyone,true
149099400,2024-09-19T13:24:22.064Z,ozs2@cornell.edu,podcast,everyone,true
149099400,2024-09-19T13:24:22.295Z,dennis@burns.org,podcast,everyone,true
149099400,2024-09-19T13:24:24.425Z,skyjensen@icloud.com,podcast,everyone,true
