post_id,timestamp,email,post_type,post_audience,active_subscription
149096676,2024-09-19T12:12:03.207Z,Experimentalunit317@gmail.com,podcast,everyone,false
149096676,2024-09-19T12:12:09.145Z,rimbsweiler@yahoo.com,podcast,everyone,false
149096676,2024-09-19T12:12:11.733Z,beansocolofsky@gmail.com,podcast,everyone,true
149096676,2024-09-19T12:12:11.791Z,dwightlyman@gmail.com,podcast,everyone,true
149096676,2024-09-19T12:12:14.683Z,kalakaldruzuzu@gmail.com,podcast,everyone,true
149096676,2024-09-19T12:12:14.847Z,raynottwoodbead@gmail.com,podcast,everyone,true
149096676,2024-09-19T12:12:14.964Z,3d0f86f2-e17f-4f2a-8ca5-154e98f6d68a@deletion-request.substack.com,podcast,everyone,true
149096676,2024-09-19T12:12:15.026Z,zach.bartell.writer@gmail.com,podcast,everyone,true
149096676,2024-09-19T12:12:15.085Z,kadirgemici066@gmail.com,podcast,everyone,true
149096676,2024-09-19T12:12:15.130Z,mrnononsense02@gmail.com,podcast,everyone,true
149096676,2024-09-19T12:12:15.248Z,beer64925@gmail.com,podcast,everyone,true
149096676,2024-09-19T12:12:15.260Z,nathanhaile11@gmail.com,podcast,everyone,true
149096676,2024-09-19T12:12:15.370Z,justinaugustwellington@gmail.com,podcast,everyone,true
149096676,2024-09-19T12:12:15.575Z,gdg2018mm5@gmail.com,podcast,everyone,true
149096676,2024-09-19T12:12:19.127Z,ahershmc@aol.com,podcast,everyone,true
149096676,2024-09-19T12:12:19.238Z,joliefleur3435@gmail.com,podcast,everyone,true
149096676,2024-09-19T12:12:19.310Z,omarionburgess45@gmail.com,podcast,everyone,true
149096676,2024-09-19T12:12:19.451Z,bky074a@gmail.com,podcast,everyone,true
149096676,2024-09-19T12:12:19.520Z,daniellemtobias@gmail.com,podcast,everyone,true
149096676,2024-09-19T12:12:19.620Z,adooleycox@gmail.com,podcast,everyone,true
149096676,2024-09-19T12:12:19.642Z,ozs2@cornell.edu,podcast,everyone,true
149096676,2024-09-19T12:12:19.646Z,djcart137@gmail.com,podcast,everyone,true
149096676,2024-09-19T12:12:19.667Z,alminivdmerwe@gmail.com,podcast,everyone,true
149096676,2024-09-19T12:12:19.739Z,lennoxgravox@gmail.com,podcast,everyone,true
149096676,2024-09-19T12:12:19.746Z,tyrickstarksatt@gmail.com,podcast,everyone,true
149096676,2024-09-19T12:12:19.747Z,skyjensen@icloud.com,podcast,everyone,true
149096676,2024-09-19T12:12:19.783Z,zutorilla@gmail.com,podcast,everyone,true
149096676,2024-09-19T12:12:19.872Z,shien.getsuto@gmail.com,podcast,everyone,true
149096676,2024-09-19T12:12:19.908Z,apollohlynch@gmail.com,podcast,everyone,true
149096676,2024-09-19T12:12:19.950Z,Twadley@gmail.com,podcast,everyone,true
149096676,2024-09-19T12:12:20.048Z,briana.j.carroll@gmail.com,podcast,everyone,true
149096676,2024-09-19T12:12:20.157Z,rimbsweiler@gmail.com,podcast,everyone,true
149096676,2024-09-19T12:12:20.158Z,borealspain@yahoo.co.uk,podcast,everyone,true
149096676,2024-09-19T12:12:20.362Z,calebgrasse@gmail.com,podcast,everyone,true
149096676,2024-09-19T12:12:20.401Z,ianwilmoth@gmail.com,podcast,everyone,true
149096676,2024-09-19T12:12:21.184Z,itzhak.samara@gmail.com,podcast,everyone,true
149096676,2024-09-19T12:12:22.831Z,dennis@burns.org,podcast,everyone,true
