post_id,timestamp,email,post_type,post_audience,active_subscription,country,city,region,device_type,client_os,client_type,user_agent
149234449,2024-09-22T04:46:17.515Z,borealspain@yahoo.co.uk,podcast,everyone,true,US,,,,,,Mozilla/5.0
149234449,2024-09-22T05:07:40.845Z,omarionburgess45@gmail.com,podcast,everyone,true,US,,,,,,Mozilla/5.0 (Windows NT 5.1; rv:11.0) Gecko Firefox/11.0 (via ggpht.com GoogleImageProxy)
149234449,2024-09-22T05:13:52.422Z,nathanhaile11@gmail.com,podcast,everyone,true,US,,,,,,Mozilla/5.0 (Windows NT 5.1; rv:11.0) Gecko Firefox/11.0 (via ggpht.com GoogleImageProxy)
149234449,2024-09-22T05:37:58.027Z,dwightlyman@gmail.com,podcast,everyone,true,US,,,,,,Mozilla/5.0
149234449,2024-09-22T05:38:22.873Z,rimbsweiler@yahoo.com,podcast,everyone,false,US,,,,,,Mozilla/5.0
149234449,2024-09-22T06:08:52.024Z,skyjensen@icloud.com,podcast,everyone,true,US,,,,,,Mozilla/5.0
149234449,2024-09-22T07:44:19.233Z,ianwilmoth@gmail.com,podcast,everyone,true,US,,,,,,Mozilla/5.0
149234449,2024-09-22T09:38:34.507Z,alminivdmerwe@gmail.com,podcast,everyone,true,LI,,,,,,Mozilla/5.0
149234449,2024-09-22T09:58:45.452Z,nathanhaile11@gmail.com,podcast,everyone,true,US,,,,,,Mozilla/5.0
149234449,2024-09-22T12:36:44.094Z,beansocolofsky@gmail.com,podcast,everyone,true,US,,,,,,Mozilla/5.0 (Windows NT 5.1; rv:11.0) Gecko Firefox/11.0 (via ggpht.com GoogleImageProxy)
149234449,2024-09-22T12:37:28.826Z,beansocolofsky@gmail.com,podcast,everyone,true,US,,,,,,Mozilla/5.0 (Windows NT 5.1; rv:11.0) Gecko Firefox/11.0 (via ggpht.com GoogleImageProxy)
149234449,2024-09-22T12:37:40.387Z,beansocolofsky@gmail.com,podcast,everyone,true,US,,,,,,Mozilla/5.0 (Windows NT 5.1; rv:11.0) Gecko Firefox/11.0 (via ggpht.com GoogleImageProxy)
149234449,2024-09-22T14:51:09.762Z,zach.bartell.writer@gmail.com,podcast,everyone,true,US,,,,,,Mozilla/5.0
149234449,2024-09-22T15:09:40.294Z,skyjensen@icloud.com,podcast,everyone,true,US,,,,,,Mozilla/5.0
149234449,2024-09-22T15:28:06.748Z,zach.bartell.writer@gmail.com,podcast,everyone,true,US,,,,,,"Mozilla/5.0 (Macintosh; Intel Mac OS X 10_15_7) AppleWebKit/605.1.15 (KHTML, like Gecko)"
149234449,2024-09-22T17:44:18.445Z,dwightlyman@gmail.com,podcast,everyone,true,US,,,,,,Mozilla/5.0
149234449,2024-09-22T18:09:23.451Z,briana.j.carroll@gmail.com,podcast,everyone,true,US,,,,,,Mozilla/5.0 (Windows NT 5.1; rv:11.0) Gecko Firefox/11.0 (via ggpht.com GoogleImageProxy)
149234449,2024-09-23T03:45:36.658Z,Experimentalunit317@gmail.com,podcast,everyone,false,US,,,,,,Mozilla/5.0 (Windows NT 5.1; rv:11.0) Gecko Firefox/11.0 (via ggpht.com GoogleImageProxy)
149234449,2024-09-23T11:28:04.251Z,briana.j.carroll@gmail.com,podcast,everyone,true,US,,,,,,Mozilla/5.0 (Windows NT 5.1; rv:11.0) Gecko Firefox/11.0 (via ggpht.com GoogleImageProxy)
149234449,2024-09-23T15:06:15.742Z,tyrickstarksatt@gmail.com,podcast,everyone,true,US,,,,,,Mozilla/5.0 (Windows NT 5.1; rv:11.0) Gecko Firefox/11.0 (via ggpht.com GoogleImageProxy)
149234449,2024-09-24T19:49:08.102Z,alminivdmerwe@gmail.com,podcast,everyone,true,LI,,,,,,Mozilla/5.0
149234449,2024-09-24T23:14:00.442Z,nathanhaile11@gmail.com,podcast,everyone,true,US,,,,,,Mozilla/5.0
149234449,2024-09-24T23:49:37.219Z,nathanhaile11@gmail.com,podcast,everyone,true,US,,,,,,Mozilla/5.0 (Windows NT 5.1; rv:11.0) Gecko Firefox/11.0 (via ggpht.com GoogleImageProxy)
149234449,2024-09-25T01:41:43.827Z,rimbsweiler@yahoo.com,podcast,everyone,false,US,,,,,,YahooMailProxy; https://help.yahoo.com/kb/yahoo-mail-proxy-SLN28749.html
149234449,2024-09-26T05:48:13.746Z,nathanhaile11@gmail.com,podcast,everyone,true,US,,,,,,Mozilla/5.0
149234449,2024-09-27T07:12:06.997Z,nathanhaile11@gmail.com,podcast,everyone,true,US,,,,,,Mozilla/5.0
149234449,2024-10-01T06:44:09.582Z,nathanhaile11@gmail.com,podcast,everyone,true,US,,,,,,Mozilla/5.0
149234449,2024-10-03T06:24:57.781Z,nathanhaile11@gmail.com,podcast,everyone,true,US,,,,,,Mozilla/5.0
149234449,2024-10-06T08:05:56.440Z,nathanhaile11@gmail.com,podcast,everyone,true,US,,,,,,Mozilla/5.0
149234449,2024-10-10T11:21:16.295Z,nathanhaile11@gmail.com,podcast,everyone,true,US,,,,,,Mozilla/5.0
149234449,2024-10-11T09:33:15.952Z,nathanhaile11@gmail.com,podcast,everyone,true,US,,,,,,Mozilla/5.0
