post_id,timestamp,email,post_type,post_audience,active_subscription,country,city,region,device_type,client_os,client_type,user_agent
149234256,2024-09-22T03:55:20.289Z,ianwilmoth@gmail.com,podcast,everyone,true,US,,,,,,Mozilla/5.0
149234256,2024-09-22T03:55:23.605Z,ianwilmoth@gmail.com,podcast,everyone,true,US,,,,,,Mozilla/5.0 (Windows NT 5.1; rv:11.0) Gecko Firefox/11.0 (via ggpht.com GoogleImageProxy)
149234256,2024-09-22T03:55:35.221Z,joliefleur3435@gmail.com,podcast,everyone,true,US,,,,,,Mozilla/5.0 (Windows NT 5.1; rv:11.0) Gecko Firefox/11.0 (via ggpht.com GoogleImageProxy)
149234256,2024-09-22T04:31:22.999Z,borealspain@yahoo.co.uk,podcast,everyone,true,US,,,,,,Mozilla/5.0
149234256,2024-09-22T05:13:52.428Z,nathanhaile11@gmail.com,podcast,everyone,true,US,,,,,,Mozilla/5.0 (Windows NT 5.1; rv:11.0) Gecko Firefox/11.0 (via ggpht.com GoogleImageProxy)
149234256,2024-09-22T05:15:54.587Z,lennoxgravox@gmail.com,podcast,everyone,true,US,,,,,,Mozilla/5.0 (Windows NT 5.1; rv:11.0) Gecko Firefox/11.0 (via ggpht.com GoogleImageProxy)
149234256,2024-09-22T05:37:58.028Z,dwightlyman@gmail.com,podcast,everyone,true,US,,,,,,Mozilla/5.0
149234256,2024-09-22T05:38:22.875Z,rimbsweiler@yahoo.com,podcast,everyone,false,US,,,,,,Mozilla/5.0
149234256,2024-09-22T06:08:52.023Z,skyjensen@icloud.com,podcast,everyone,true,US,,,,,,Mozilla/5.0
149234256,2024-09-22T09:38:34.507Z,alminivdmerwe@gmail.com,podcast,everyone,true,LI,,,,,,Mozilla/5.0
149234256,2024-09-22T09:55:38.890Z,adooleycox@gmail.com,podcast,everyone,true,US,,,,,,Mozilla/5.0 (Windows NT 5.1; rv:11.0) Gecko Firefox/11.0 (via ggpht.com GoogleImageProxy)
149234256,2024-09-22T09:58:45.453Z,nathanhaile11@gmail.com,podcast,everyone,true,US,,,,,,Mozilla/5.0
149234256,2024-09-22T12:37:16.724Z,beansocolofsky@gmail.com,podcast,everyone,true,US,,,,,,Mozilla/5.0 (Windows NT 5.1; rv:11.0) Gecko Firefox/11.0 (via ggpht.com GoogleImageProxy)
149234256,2024-09-22T14:51:09.761Z,zach.bartell.writer@gmail.com,podcast,everyone,true,US,,,,,,Mozilla/5.0
149234256,2024-09-22T15:09:40.293Z,skyjensen@icloud.com,podcast,everyone,true,US,,,,,,Mozilla/5.0
149234256,2024-09-22T17:44:18.444Z,dwightlyman@gmail.com,podcast,everyone,true,US,,,,,,Mozilla/5.0
149234256,2024-09-23T15:06:15.732Z,tyrickstarksatt@gmail.com,podcast,everyone,true,US,,,,,,Mozilla/5.0 (Windows NT 5.1; rv:11.0) Gecko Firefox/11.0 (via ggpht.com GoogleImageProxy)
149234256,2024-09-24T20:04:35.294Z,alminivdmerwe@gmail.com,podcast,everyone,true,LI,,,,,,Mozilla/5.0
149234256,2024-09-24T23:14:00.443Z,nathanhaile11@gmail.com,podcast,everyone,true,US,,,,,,Mozilla/5.0
149234256,2024-09-26T05:48:13.747Z,nathanhaile11@gmail.com,podcast,everyone,true,US,,,,,,Mozilla/5.0
149234256,2024-09-27T07:12:06.997Z,nathanhaile11@gmail.com,podcast,everyone,true,US,,,,,,Mozilla/5.0
149234256,2024-10-01T06:44:09.583Z,nathanhaile11@gmail.com,podcast,everyone,true,US,,,,,,Mozilla/5.0
149234256,2024-10-03T06:24:57.782Z,nathanhaile11@gmail.com,podcast,everyone,true,US,,,,,,Mozilla/5.0
149234256,2024-10-06T08:05:56.441Z,nathanhaile11@gmail.com,podcast,everyone,true,US,,,,,,Mozilla/5.0
149234256,2024-10-10T11:21:16.296Z,nathanhaile11@gmail.com,podcast,everyone,true,US,,,,,,Mozilla/5.0
149234256,2024-10-11T09:33:15.953Z,nathanhaile11@gmail.com,podcast,everyone,true,US,,,,,,Mozilla/5.0
