post_id,timestamp,email,post_type,post_audience,active_subscription,country,city,region,device_type,client_os,client_type,user_agent
149234339,2024-09-22T04:46:17.516Z,borealspain@yahoo.co.uk,podcast,everyone,true,US,,,,,,Mozilla/5.0
149234339,2024-09-22T05:13:52.457Z,nathanhaile11@gmail.com,podcast,everyone,true,US,,,,,,Mozilla/5.0 (Windows NT 5.1; rv:11.0) Gecko Firefox/11.0 (via ggpht.com GoogleImageProxy)
149234339,2024-09-22T05:37:58.027Z,dwightlyman@gmail.com,podcast,everyone,true,US,,,,,,Mozilla/5.0
149234339,2024-09-22T05:38:22.874Z,rimbsweiler@yahoo.com,podcast,everyone,false,US,,,,,,Mozilla/5.0
149234339,2024-09-22T06:08:52.024Z,skyjensen@icloud.com,podcast,everyone,true,US,,,,,,Mozilla/5.0
149234339,2024-09-22T07:44:19.233Z,ianwilmoth@gmail.com,podcast,everyone,true,US,,,,,,Mozilla/5.0
149234339,2024-09-22T09:38:34.507Z,alminivdmerwe@gmail.com,podcast,everyone,true,LI,,,,,,Mozilla/5.0
149234339,2024-09-22T09:55:38.982Z,adooleycox@gmail.com,podcast,everyone,true,US,,,,,,Mozilla/5.0 (Windows NT 5.1; rv:11.0) Gecko Firefox/11.0 (via ggpht.com GoogleImageProxy)
149234339,2024-09-22T09:58:45.452Z,nathanhaile11@gmail.com,podcast,everyone,true,US,,,,,,Mozilla/5.0
149234339,2024-09-22T10:18:44.100Z,daniellemtobias@gmail.com,podcast,everyone,true,US,,,,,,Mozilla/5.0 (Windows NT 5.1; rv:11.0) Gecko Firefox/11.0 (via ggpht.com GoogleImageProxy)
149234339,2024-09-22T12:36:44.657Z,beansocolofsky@gmail.com,podcast,everyone,true,US,,,,,,Mozilla/5.0 (Windows NT 5.1; rv:11.0) Gecko Firefox/11.0 (via ggpht.com GoogleImageProxy)
149234339,2024-09-22T14:51:09.763Z,zach.bartell.writer@gmail.com,podcast,everyone,true,US,,,,,,Mozilla/5.0
149234339,2024-09-22T15:09:40.294Z,skyjensen@icloud.com,podcast,everyone,true,US,,,,,,Mozilla/5.0
149234339,2024-09-22T16:14:43.510Z,Experimentalunit317@gmail.com,podcast,everyone,false,US,,,,,,Mozilla/5.0 (Windows NT 5.1; rv:11.0) Gecko Firefox/11.0 (via ggpht.com GoogleImageProxy)
149234339,2024-09-22T17:44:18.445Z,dwightlyman@gmail.com,podcast,everyone,true,US,,,,,,Mozilla/5.0
149234339,2024-09-23T15:06:16.129Z,tyrickstarksatt@gmail.com,podcast,everyone,true,US,,,,,,Mozilla/5.0 (Windows NT 5.1; rv:11.0) Gecko Firefox/11.0 (via ggpht.com GoogleImageProxy)
149234339,2024-09-24T20:04:35.293Z,alminivdmerwe@gmail.com,podcast,everyone,true,LI,,,,,,Mozilla/5.0
149234339,2024-09-24T23:14:00.443Z,nathanhaile11@gmail.com,podcast,everyone,true,US,,,,,,Mozilla/5.0
149234339,2024-09-24T23:49:37.158Z,nathanhaile11@gmail.com,podcast,everyone,true,US,,,,,,Mozilla/5.0 (Windows NT 5.1; rv:11.0) Gecko Firefox/11.0 (via ggpht.com GoogleImageProxy)
149234339,2024-09-26T05:48:13.746Z,nathanhaile11@gmail.com,podcast,everyone,true,US,,,,,,Mozilla/5.0
149234339,2024-09-27T07:12:06.997Z,nathanhaile11@gmail.com,podcast,everyone,true,US,,,,,,Mozilla/5.0
149234339,2024-10-01T06:44:09.582Z,nathanhaile11@gmail.com,podcast,everyone,true,US,,,,,,Mozilla/5.0
149234339,2024-10-03T06:24:57.782Z,nathanhaile11@gmail.com,podcast,everyone,true,US,,,,,,Mozilla/5.0
149234339,2024-10-06T08:05:56.441Z,nathanhaile11@gmail.com,podcast,everyone,true,US,,,,,,Mozilla/5.0
149234339,2024-10-10T11:21:16.296Z,nathanhaile11@gmail.com,podcast,everyone,true,US,,,,,,Mozilla/5.0
149234339,2024-10-11T09:33:15.952Z,nathanhaile11@gmail.com,podcast,everyone,true,US,,,,,,Mozilla/5.0
