post_id,timestamp,email,post_type,post_audience,active_subscription,country,city,region,device_type,client_os,client_type,user_agent
149232286,2024-09-22T02:42:08.556Z,joliefleur3435@gmail.com,podcast,everyone,true,US,,,,,,Mozilla/5.0 (Windows NT 5.1; rv:11.0) Gecko Firefox/11.0 (via ggpht.com GoogleImageProxy)
149232286,2024-09-22T02:42:42.505Z,Experimentalunit317@gmail.com,podcast,everyone,false,US,,,,,,Mozilla/5.0 (Windows NT 5.1; rv:11.0) Gecko Firefox/11.0 (via ggpht.com GoogleImageProxy)
149232286,2024-09-22T02:59:36.178Z,dwightlyman@gmail.com,podcast,everyone,true,US,,,,,,Mozilla/5.0
149232286,2024-09-22T03:24:05.782Z,dennis@burns.org,podcast,everyone,true,US,,,,,,Mozilla/4.0 (compatible; ms-office; MSOffice 16)
149232286,2024-09-22T03:24:05.783Z,dennis@burns.org,podcast,everyone,true,US,,,,,,Mozilla/4.0 (compatible; ms-office; MSOffice 16)
149232286,2024-09-22T03:46:02.416Z,rimbsweiler@yahoo.com,podcast,everyone,false,US,,,,,,Mozilla/5.0
149232286,2024-09-22T03:55:20.288Z,ianwilmoth@gmail.com,podcast,everyone,true,US,,,,,,Mozilla/5.0
149232286,2024-09-22T04:31:22.998Z,borealspain@yahoo.co.uk,podcast,everyone,true,US,,,,,,Mozilla/5.0
149232286,2024-09-22T05:37:58.028Z,dwightlyman@gmail.com,podcast,everyone,true,US,,,,,,Mozilla/5.0
149232286,2024-09-22T06:08:52.023Z,skyjensen@icloud.com,podcast,everyone,true,US,,,,,,Mozilla/5.0
149232286,2024-09-22T09:38:34.508Z,alminivdmerwe@gmail.com,podcast,everyone,true,LI,,,,,,Mozilla/5.0
149232286,2024-09-22T09:55:39.003Z,adooleycox@gmail.com,podcast,everyone,true,US,,,,,,Mozilla/5.0 (Windows NT 5.1; rv:11.0) Gecko Firefox/11.0 (via ggpht.com GoogleImageProxy)
149232286,2024-09-22T09:58:45.453Z,nathanhaile11@gmail.com,podcast,everyone,true,US,,,,,,Mozilla/5.0
149232286,2024-09-22T12:37:04.620Z,beansocolofsky@gmail.com,podcast,everyone,true,US,,,,,,Mozilla/5.0 (Windows NT 5.1; rv:11.0) Gecko Firefox/11.0 (via ggpht.com GoogleImageProxy)
149232286,2024-09-22T12:37:16.151Z,beansocolofsky@gmail.com,podcast,everyone,true,US,,,,,,Mozilla/5.0 (Windows NT 5.1; rv:11.0) Gecko Firefox/11.0 (via ggpht.com GoogleImageProxy)
149232286,2024-09-22T14:51:09.761Z,zach.bartell.writer@gmail.com,podcast,everyone,true,US,,,,,,Mozilla/5.0
149232286,2024-09-22T15:09:40.293Z,skyjensen@icloud.com,podcast,everyone,true,US,,,,,,Mozilla/5.0
149232286,2024-09-23T12:36:11.890Z,briana.j.carroll@gmail.com,podcast,everyone,true,US,,,,,,Mozilla/5.0 (Windows NT 5.1; rv:11.0) Gecko Firefox/11.0 (via ggpht.com GoogleImageProxy)
149232286,2024-09-23T15:06:15.334Z,tyrickstarksatt@gmail.com,podcast,everyone,true,US,,,,,,Mozilla/5.0 (Windows NT 5.1; rv:11.0) Gecko Firefox/11.0 (via ggpht.com GoogleImageProxy)
149232286,2024-09-24T20:04:35.295Z,alminivdmerwe@gmail.com,podcast,everyone,true,LI,,,,,,Mozilla/5.0
149232286,2024-09-24T23:14:00.444Z,nathanhaile11@gmail.com,podcast,everyone,true,US,,,,,,Mozilla/5.0
149232286,2024-09-26T06:14:35.066Z,nathanhaile11@gmail.com,podcast,everyone,true,US,,,,,,Mozilla/5.0
149232286,2024-09-27T07:12:06.997Z,nathanhaile11@gmail.com,podcast,everyone,true,US,,,,,,Mozilla/5.0
149232286,2024-10-01T06:44:09.583Z,nathanhaile11@gmail.com,podcast,everyone,true,US,,,,,,Mozilla/5.0
149232286,2024-10-03T06:24:57.783Z,nathanhaile11@gmail.com,podcast,everyone,true,US,,,,,,Mozilla/5.0
149232286,2024-10-06T08:05:56.441Z,nathanhaile11@gmail.com,podcast,everyone,true,US,,,,,,Mozilla/5.0
149232286,2024-10-10T11:21:16.296Z,nathanhaile11@gmail.com,podcast,everyone,true,US,,,,,,Mozilla/5.0
149232286,2024-10-11T09:33:15.953Z,nathanhaile11@gmail.com,podcast,everyone,true,US,,,,,,Mozilla/5.0
