post_id,timestamp,email,post_type,post_audience,active_subscription
149234449,2024-09-22T04:02:21.814Z,Experimentalunit317@gmail.com,podcast,everyone,false
149234449,2024-09-22T04:02:25.753Z,rimbsweiler@yahoo.com,podcast,everyone,false
149234449,2024-09-22T04:02:27.704Z,dwightlyman@gmail.com,podcast,everyone,true
149234449,2024-09-22T04:02:27.750Z,beansocolofsky@gmail.com,podcast,everyone,true
149234449,2024-09-22T04:02:32.283Z,nathanhaile11@gmail.com,podcast,everyone,true
149234449,2024-09-22T04:02:32.327Z,kadirgemici066@gmail.com,podcast,everyone,true
149234449,2024-09-22T04:02:32.328Z,gdg2018mm5@gmail.com,podcast,everyone,true
149234449,2024-09-22T04:02:32.430Z,beer64925@gmail.com,podcast,everyone,true
149234449,2024-09-22T04:02:32.464Z,justinaugustwellington@gmail.com,podcast,everyone,true
149234449,2024-09-22T04:02:32.525Z,zach.bartell.writer@gmail.com,podcast,everyone,true
149234449,2024-09-22T04:02:32.538Z,mrnononsense02@gmail.com,podcast,everyone,true
149234449,2024-09-22T04:02:32.572Z,raynottwoodbead@gmail.com,podcast,everyone,true
149234449,2024-09-22T04:02:32.614Z,3d0f86f2-e17f-4f2a-8ca5-154e98f6d68a@deletion-request.substack.com,podcast,everyone,true
149234449,2024-09-22T04:02:32.644Z,kalakaldruzuzu@gmail.com,podcast,everyone,true
149234449,2024-09-22T04:02:34.719Z,rimbsweiler@gmail.com,podcast,everyone,true
149234449,2024-09-22T04:02:34.752Z,briana.j.carroll@gmail.com,podcast,everyone,true
149234449,2024-09-22T04:02:34.767Z,calebgrasse@gmail.com,podcast,everyone,true
149234449,2024-09-22T04:02:34.816Z,zutorilla@gmail.com,podcast,everyone,true
149234449,2024-09-22T04:02:34.831Z,Twadley@gmail.com,podcast,everyone,true
149234449,2024-09-22T04:02:34.835Z,omarionburgess45@gmail.com,podcast,everyone,true
149234449,2024-09-22T04:02:34.849Z,ianwilmoth@gmail.com,podcast,everyone,true
149234449,2024-09-22T04:02:34.857Z,shien.getsuto@gmail.com,podcast,everyone,true
149234449,2024-09-22T04:02:34.907Z,itzhak.samara@gmail.com,podcast,everyone,true
149234449,2024-09-22T04:02:34.959Z,apollohlynch@gmail.com,podcast,everyone,true
149234449,2024-09-22T04:02:34.998Z,djcart137@gmail.com,podcast,everyone,true
149234449,2024-09-22T04:02:35.060Z,alminivdmerwe@gmail.com,podcast,everyone,true
149234449,2024-09-22T04:02:35.096Z,bky074a@gmail.com,podcast,everyone,true
149234449,2024-09-22T04:02:35.111Z,joliefleur3435@gmail.com,podcast,everyone,true
149234449,2024-09-22T04:02:35.115Z,tyrickstarksatt@gmail.com,podcast,everyone,true
149234449,2024-09-22T04:02:35.149Z,lennoxgravox@gmail.com,podcast,everyone,true
149234449,2024-09-22T04:02:35.347Z,ahershmc@aol.com,podcast,everyone,true
149234449,2024-09-22T04:02:35.364Z,borealspain@yahoo.co.uk,podcast,everyone,true
149234449,2024-09-22T04:02:35.922Z,daniellemtobias@gmail.com,podcast,everyone,true
149234449,2024-09-22T04:02:35.984Z,adooleycox@gmail.com,podcast,everyone,true
149234449,2024-09-22T04:02:37.449Z,ozs2@cornell.edu,podcast,everyone,true
149234449,2024-09-22T04:02:37.482Z,dennis@burns.org,podcast,everyone,true
149234449,2024-09-22T04:02:39.485Z,skyjensen@icloud.com,podcast,everyone,true
