post_id,timestamp,email,post_type,post_audience,active_subscription
149232286,2024-09-22T02:41:49.444Z,rimbsweiler@yahoo.com,podcast,everyone,false
149232286,2024-09-22T02:41:49.836Z,Experimentalunit317@gmail.com,podcast,everyone,false
149232286,2024-09-22T02:41:50.004Z,dwightlyman@gmail.com,podcast,everyone,true
149232286,2024-09-22T02:41:50.241Z,beansocolofsky@gmail.com,podcast,everyone,true
149232286,2024-09-22T02:41:50.805Z,mrnononsense02@gmail.com,podcast,everyone,true
149232286,2024-09-22T02:41:50.852Z,nathanhaile11@gmail.com,podcast,everyone,true
149232286,2024-09-22T02:41:50.901Z,kadirgemici066@gmail.com,podcast,everyone,true
149232286,2024-09-22T02:41:50.924Z,gdg2018mm5@gmail.com,podcast,everyone,true
149232286,2024-09-22T02:41:50.929Z,justinaugustwellington@gmail.com,podcast,everyone,true
149232286,2024-09-22T02:41:52.441Z,alminivdmerwe@gmail.com,podcast,everyone,true
149232286,2024-09-22T02:41:52.542Z,calebgrasse@gmail.com,podcast,everyone,true
149232286,2024-09-22T02:41:52.546Z,omarionburgess45@gmail.com,podcast,everyone,true
149232286,2024-09-22T02:41:52.561Z,tyrickstarksatt@gmail.com,podcast,everyone,true
149232286,2024-09-22T02:41:52.568Z,apollohlynch@gmail.com,podcast,everyone,true
149232286,2024-09-22T02:41:52.579Z,joliefleur3435@gmail.com,podcast,everyone,true
149232286,2024-09-22T02:41:52.589Z,briana.j.carroll@gmail.com,podcast,everyone,true
149232286,2024-09-22T02:41:52.621Z,zutorilla@gmail.com,podcast,everyone,true
149232286,2024-09-22T02:41:52.624Z,bky074a@gmail.com,podcast,everyone,true
149232286,2024-09-22T02:41:52.643Z,Twadley@gmail.com,podcast,everyone,true
149232286,2024-09-22T02:41:52.693Z,raynottwoodbead@gmail.com,podcast,everyone,true
149232286,2024-09-22T02:41:52.704Z,djcart137@gmail.com,podcast,everyone,true
149232286,2024-09-22T02:41:52.709Z,ianwilmoth@gmail.com,podcast,everyone,true
149232286,2024-09-22T02:41:52.716Z,itzhak.samara@gmail.com,podcast,everyone,true
149232286,2024-09-22T02:41:52.750Z,zach.bartell.writer@gmail.com,podcast,everyone,true
149232286,2024-09-22T02:41:52.754Z,3d0f86f2-e17f-4f2a-8ca5-154e98f6d68a@deletion-request.substack.com,podcast,everyone,true
149232286,2024-09-22T02:41:52.792Z,lennoxgravox@gmail.com,podcast,everyone,true
149232286,2024-09-22T02:41:52.819Z,rimbsweiler@gmail.com,podcast,everyone,true
149232286,2024-09-22T02:41:52.822Z,ahershmc@aol.com,podcast,everyone,true
149232286,2024-09-22T02:41:52.878Z,kalakaldruzuzu@gmail.com,podcast,everyone,true
149232286,2024-09-22T02:41:52.996Z,beer64925@gmail.com,podcast,everyone,true
149232286,2024-09-22T02:41:53.791Z,adooleycox@gmail.com,podcast,everyone,true
149232286,2024-09-22T02:41:53.836Z,daniellemtobias@gmail.com,podcast,everyone,true
149232286,2024-09-22T02:41:54.886Z,ozs2@cornell.edu,podcast,everyone,true
149232286,2024-09-22T02:41:55.133Z,dennis@burns.org,podcast,everyone,true
149232286,2024-09-22T02:41:56.801Z,shien.getsuto@gmail.com,podcast,everyone,true
149232286,2024-09-22T02:41:56.858Z,skyjensen@icloud.com,podcast,everyone,true
149232286,2024-09-22T02:41:57.090Z,borealspain@yahoo.co.uk,podcast,everyone,true
