post_id,timestamp,email,post_type,post_audience,active_subscription
149234339,2024-09-22T03:56:21.908Z,Experimentalunit317@gmail.com,podcast,everyone,false
149234339,2024-09-22T03:56:22.652Z,rimbsweiler@yahoo.com,podcast,everyone,false
149234339,2024-09-22T03:56:23.783Z,dwightlyman@gmail.com,podcast,everyone,true
149234339,2024-09-22T03:56:23.878Z,beansocolofsky@gmail.com,podcast,everyone,true
149234339,2024-09-22T03:56:25.283Z,raynottwoodbead@gmail.com,podcast,everyone,true
149234339,2024-09-22T03:56:25.439Z,zach.bartell.writer@gmail.com,podcast,everyone,true
149234339,2024-09-22T03:56:25.569Z,3d0f86f2-e17f-4f2a-8ca5-154e98f6d68a@deletion-request.substack.com,podcast,everyone,true
149234339,2024-09-22T03:56:25.573Z,beer64925@gmail.com,podcast,everyone,true
149234339,2024-09-22T03:56:25.590Z,kalakaldruzuzu@gmail.com,podcast,everyone,true
149234339,2024-09-22T03:56:25.679Z,justinaugustwellington@gmail.com,podcast,everyone,true
149234339,2024-09-22T03:56:25.689Z,kadirgemici066@gmail.com,podcast,everyone,true
149234339,2024-09-22T03:56:25.702Z,mrnononsense02@gmail.com,podcast,everyone,true
149234339,2024-09-22T03:56:25.751Z,gdg2018mm5@gmail.com,podcast,everyone,true
149234339,2024-09-22T03:56:26.257Z,Twadley@gmail.com,podcast,everyone,true
149234339,2024-09-22T03:56:26.315Z,omarionburgess45@gmail.com,podcast,everyone,true
149234339,2024-09-22T03:56:26.337Z,nathanhaile11@gmail.com,podcast,everyone,true
149234339,2024-09-22T03:56:26.455Z,calebgrasse@gmail.com,podcast,everyone,true
149234339,2024-09-22T03:56:26.471Z,djcart137@gmail.com,podcast,everyone,true
149234339,2024-09-22T03:56:26.635Z,ianwilmoth@gmail.com,podcast,everyone,true
149234339,2024-09-22T03:56:26.650Z,ahershmc@aol.com,podcast,everyone,true
149234339,2024-09-22T03:56:26.653Z,briana.j.carroll@gmail.com,podcast,everyone,true
149234339,2024-09-22T03:56:26.706Z,alminivdmerwe@gmail.com,podcast,everyone,true
149234339,2024-09-22T03:56:26.794Z,shien.getsuto@gmail.com,podcast,everyone,true
149234339,2024-09-22T03:56:26.832Z,itzhak.samara@gmail.com,podcast,everyone,true
149234339,2024-09-22T03:56:26.846Z,joliefleur3435@gmail.com,podcast,everyone,true
149234339,2024-09-22T03:56:27.009Z,borealspain@yahoo.co.uk,podcast,everyone,true
149234339,2024-09-22T03:56:27.095Z,zutorilla@gmail.com,podcast,everyone,true
149234339,2024-09-22T03:56:27.103Z,tyrickstarksatt@gmail.com,podcast,everyone,true
149234339,2024-09-22T03:56:27.128Z,lennoxgravox@gmail.com,podcast,everyone,true
149234339,2024-09-22T03:56:27.184Z,bky074a@gmail.com,podcast,everyone,true
149234339,2024-09-22T03:56:27.255Z,rimbsweiler@gmail.com,podcast,everyone,true
149234339,2024-09-22T03:56:27.306Z,skyjensen@icloud.com,podcast,everyone,true
149234339,2024-09-22T03:56:27.412Z,apollohlynch@gmail.com,podcast,everyone,true
149234339,2024-09-22T03:56:27.448Z,daniellemtobias@gmail.com,podcast,everyone,true
149234339,2024-09-22T03:56:27.525Z,adooleycox@gmail.com,podcast,everyone,true
149234339,2024-09-22T03:56:27.610Z,ozs2@cornell.edu,podcast,everyone,true
149234339,2024-09-22T03:56:28.784Z,dennis@burns.org,podcast,everyone,true
