post_id,timestamp,email,post_type,post_audience,active_subscription
149234256,2024-09-22T03:54:05.528Z,Experimentalunit317@gmail.com,podcast,everyone,false
149234256,2024-09-22T03:54:08.121Z,dwightlyman@gmail.com,podcast,everyone,true
149234256,2024-09-22T03:54:08.123Z,rimbsweiler@yahoo.com,podcast,everyone,false
149234256,2024-09-22T03:54:08.127Z,beansocolofsky@gmail.com,podcast,everyone,true
149234256,2024-09-22T03:54:09.375Z,mrnononsense02@gmail.com,podcast,everyone,true
149234256,2024-09-22T03:54:09.383Z,raynottwoodbead@gmail.com,podcast,everyone,true
149234256,2024-09-22T03:54:09.394Z,kadirgemici066@gmail.com,podcast,everyone,true
149234256,2024-09-22T03:54:09.436Z,3d0f86f2-e17f-4f2a-8ca5-154e98f6d68a@deletion-request.substack.com,podcast,everyone,true
149234256,2024-09-22T03:54:09.477Z,nathanhaile11@gmail.com,podcast,everyone,true
149234256,2024-09-22T03:54:09.512Z,justinaugustwellington@gmail.com,podcast,everyone,true
149234256,2024-09-22T03:54:09.557Z,kalakaldruzuzu@gmail.com,podcast,everyone,true
149234256,2024-09-22T03:54:09.640Z,beer64925@gmail.com,podcast,everyone,true
149234256,2024-09-22T03:54:09.692Z,zach.bartell.writer@gmail.com,podcast,everyone,true
149234256,2024-09-22T03:54:09.699Z,Twadley@gmail.com,podcast,everyone,true
149234256,2024-09-22T03:54:09.708Z,gdg2018mm5@gmail.com,podcast,everyone,true
149234256,2024-09-22T03:54:09.721Z,rimbsweiler@gmail.com,podcast,everyone,true
149234256,2024-09-22T03:54:09.743Z,briana.j.carroll@gmail.com,podcast,everyone,true
149234256,2024-09-22T03:54:09.751Z,apollohlynch@gmail.com,podcast,everyone,true
149234256,2024-09-22T03:54:09.766Z,zutorilla@gmail.com,podcast,everyone,true
149234256,2024-09-22T03:54:09.794Z,shien.getsuto@gmail.com,podcast,everyone,true
149234256,2024-09-22T03:54:09.800Z,bky074a@gmail.com,podcast,everyone,true
149234256,2024-09-22T03:54:09.821Z,omarionburgess45@gmail.com,podcast,everyone,true
149234256,2024-09-22T03:54:09.832Z,joliefleur3435@gmail.com,podcast,everyone,true
149234256,2024-09-22T03:54:09.869Z,alminivdmerwe@gmail.com,podcast,everyone,true
149234256,2024-09-22T03:54:09.871Z,ianwilmoth@gmail.com,podcast,everyone,true
149234256,2024-09-22T03:54:09.876Z,calebgrasse@gmail.com,podcast,everyone,true
149234256,2024-09-22T03:54:09.894Z,tyrickstarksatt@gmail.com,podcast,everyone,true
149234256,2024-09-22T03:54:09.902Z,lennoxgravox@gmail.com,podcast,everyone,true
149234256,2024-09-22T03:54:09.910Z,djcart137@gmail.com,podcast,everyone,true
149234256,2024-09-22T03:54:09.950Z,itzhak.samara@gmail.com,podcast,everyone,true
149234256,2024-09-22T03:54:10.240Z,ahershmc@aol.com,podcast,everyone,true
149234256,2024-09-22T03:54:10.714Z,borealspain@yahoo.co.uk,podcast,everyone,true
149234256,2024-09-22T03:54:10.916Z,daniellemtobias@gmail.com,podcast,everyone,true
149234256,2024-09-22T03:54:10.950Z,adooleycox@gmail.com,podcast,everyone,true
149234256,2024-09-22T03:54:11.827Z,ozs2@cornell.edu,podcast,everyone,true
149234256,2024-09-22T03:54:11.854Z,skyjensen@icloud.com,podcast,everyone,true
149234256,2024-09-22T03:54:12.435Z,dennis@burns.org,podcast,everyone,true
