post_id,timestamp,email,post_type,post_audience,active_subscription,country,city,region,device_type,client_os,client_type,user_agent
149378837,2024-09-25T03:32:23.271Z,skyjensen@icloud.com,podcast,everyone,true,US,,,,,,Mozilla/5.0
149378837,2024-09-25T03:42:24.323Z,borealspain@yahoo.co.uk,podcast,everyone,true,US,,,,,,Mozilla/5.0
149378837,2024-09-25T03:46:04.962Z,rimbsweiler@yahoo.com,podcast,everyone,false,US,,,,,,Mozilla/5.0
149378837,2024-09-25T03:48:08.652Z,ianwilmoth@gmail.com,podcast,everyone,true,US,,,,,,Mozilla/5.0
149378837,2024-09-25T05:04:57.574Z,skyjensen@icloud.com,podcast,everyone,true,US,,,,,,Mozilla/5.0
149378837,2024-09-25T05:30:20.881Z,dwightlyman@gmail.com,podcast,everyone,true,US,,,,,,Mozilla/5.0
149378837,2024-09-25T06:05:50.676Z,nathanhaile11@gmail.com,podcast,everyone,true,US,,,,,,Mozilla/5.0
149378837,2024-09-25T06:35:40.289Z,lennoxgravox@gmail.com,podcast,everyone,true,US,,,,,,Mozilla/5.0 (Windows NT 5.1; rv:11.0) Gecko Firefox/11.0 (via ggpht.com GoogleImageProxy)
149378837,2024-09-25T12:02:52.801Z,ozs2@cornell.edu,podcast,everyone,true,US,,,,,,Mozilla/5.0 (Windows NT 5.1; rv:11.0) Gecko Firefox/11.0 (via ggpht.com GoogleImageProxy)
149378837,2024-09-25T12:37:42.132Z,beansocolofsky@gmail.com,podcast,everyone,true,US,,,,,,Mozilla/5.0 (Windows NT 5.1; rv:11.0) Gecko Firefox/11.0 (via ggpht.com GoogleImageProxy)
149378837,2024-09-25T13:18:39.808Z,zach.bartell.writer@gmail.com,podcast,everyone,true,US,,,,,,Mozilla/5.0
149378837,2024-09-25T13:56:40.509Z,Experimentalunit317@gmail.com,podcast,everyone,false,US,,,,,,Mozilla/5.0 (Windows NT 5.1; rv:11.0) Gecko Firefox/11.0 (via ggpht.com GoogleImageProxy)
149378837,2024-09-25T15:25:58.965Z,briana.j.carroll@gmail.com,podcast,everyone,true,US,,,,,,Mozilla/5.0 (Windows NT 5.1; rv:11.0) Gecko Firefox/11.0 (via ggpht.com GoogleImageProxy)
149378837,2024-09-25T15:42:08.845Z,Experimentalunit317@gmail.com,podcast,everyone,false,US,,,,,,Mozilla/5.0 (Windows NT 5.1; rv:11.0) Gecko Firefox/11.0 (via ggpht.com GoogleImageProxy)
149378837,2024-09-25T16:44:16.492Z,3d0f86f2-e17f-4f2a-8ca5-154e98f6d68a@deletion-request.substack.com,podcast,everyone,true,US,,,,,,Mozilla/5.0 (Windows NT 5.1; rv:11.0) Gecko Firefox/11.0 (via ggpht.com GoogleImageProxy)
149378837,2024-09-25T16:44:16.742Z,3d0f86f2-e17f-4f2a-8ca5-154e98f6d68a@deletion-request.substack.com,podcast,everyone,true,US,,,,,,Mozilla/5.0 (Windows NT 5.1; rv:11.0) Gecko Firefox/11.0 (via ggpht.com GoogleImageProxy)
149378837,2024-09-25T18:07:20.552Z,skyjensen@icloud.com,podcast,everyone,true,US,,,,,,Mozilla/5.0
149378837,2024-09-26T05:04:08.709Z,dwightlyman@gmail.com,podcast,everyone,true,US,,,,,,Mozilla/5.0
149378837,2024-09-26T10:24:51.385Z,alminivdmerwe@gmail.com,podcast,everyone,true,LI,,,,,,Mozilla/5.0
149378837,2024-09-26T17:03:40.757Z,ianwilmoth@gmail.com,podcast,everyone,true,US,,,,,,Mozilla/5.0 (Windows NT 5.1; rv:11.0) Gecko Firefox/11.0 (via ggpht.com GoogleImageProxy)
149378837,2024-10-01T06:09:29.803Z,nathanhaile11@gmail.com,podcast,everyone,true,US,,,,,,Mozilla/5.0
149378837,2024-10-06T07:49:11.031Z,nathanhaile11@gmail.com,podcast,everyone,true,US,,,,,,Mozilla/5.0
149378837,2024-10-10T10:28:24.723Z,nathanhaile11@gmail.com,podcast,everyone,true,US,,,,,,Mozilla/5.0
149378837,2024-10-11T08:12:03.163Z,nathanhaile11@gmail.com,podcast,everyone,true,US,,,,,,Mozilla/5.0
