post_id,timestamp,email,post_type,post_audience,active_subscription
149378837,2024-09-25T02:56:56.623Z,Experimentalunit317@gmail.com,podcast,everyone,false
149378837,2024-09-25T02:56:58.512Z,rimbsweiler@yahoo.com,podcast,everyone,false
149378837,2024-09-25T02:56:58.983Z,djcart137@gmail.com,podcast,everyone,true
149378837,2024-09-25T02:56:58.990Z,zach.bartell.writer@gmail.com,podcast,everyone,true
149378837,2024-09-25T02:56:59.055Z,beer64925@gmail.com,podcast,everyone,true
149378837,2024-09-25T02:56:59.055Z,kalakaldruzuzu@gmail.com,podcast,everyone,true
149378837,2024-09-25T02:56:59.056Z,3d0f86f2-e17f-4f2a-8ca5-154e98f6d68a@deletion-request.substack.com,podcast,everyone,true
149378837,2024-09-25T02:56:59.094Z,dwightlyman@gmail.com,podcast,everyone,true
149378837,2024-09-25T02:56:59.202Z,raynottwoodbead@gmail.com,podcast,everyone,true
149378837,2024-09-25T02:56:59.587Z,beansocolofsky@gmail.com,podcast,everyone,true
149378837,2024-09-25T02:57:00.338Z,kadirgemici066@gmail.com,podcast,everyone,true
149378837,2024-09-25T02:57:00.360Z,rimbsweiler@gmail.com,podcast,everyone,true
149378837,2024-09-25T02:57:00.388Z,joliefleur3435@gmail.com,podcast,everyone,true
149378837,2024-09-25T02:57:00.469Z,nathanhaile11@gmail.com,podcast,everyone,true
149378837,2024-09-25T02:57:00.474Z,gdg2018mm5@gmail.com,podcast,everyone,true
149378837,2024-09-25T02:57:00.636Z,lennoxgravox@gmail.com,podcast,everyone,true
149378837,2024-09-25T02:57:00.638Z,zutorilla@gmail.com,podcast,everyone,true
149378837,2024-09-25T02:57:00.696Z,alminivdmerwe@gmail.com,podcast,everyone,true
149378837,2024-09-25T02:57:00.716Z,mrnononsense02@gmail.com,podcast,everyone,true
149378837,2024-09-25T02:57:00.744Z,daniellemtobias@gmail.com,podcast,everyone,true
149378837,2024-09-25T02:57:00.792Z,apollohlynch@gmail.com,podcast,everyone,true
149378837,2024-09-25T02:57:00.836Z,ahershmc@aol.com,podcast,everyone,true
149378837,2024-09-25T02:57:00.841Z,justinaugustwellington@gmail.com,podcast,everyone,true
149378837,2024-09-25T02:57:00.880Z,ianwilmoth@gmail.com,podcast,everyone,true
149378837,2024-09-25T02:57:00.927Z,bky074a@gmail.com,podcast,everyone,true
149378837,2024-09-25T02:57:00.932Z,shien.getsuto@gmail.com,podcast,everyone,true
149378837,2024-09-25T02:57:00.981Z,omarionburgess45@gmail.com,podcast,everyone,true
149378837,2024-09-25T02:57:00.981Z,tyrickstarksatt@gmail.com,podcast,everyone,true
149378837,2024-09-25T02:57:00.998Z,adooleycox@gmail.com,podcast,everyone,true
149378837,2024-09-25T02:57:01.182Z,borealspain@yahoo.co.uk,podcast,everyone,true
149378837,2024-09-25T02:57:01.244Z,Twadley@gmail.com,podcast,everyone,true
149378837,2024-09-25T02:57:01.392Z,calebgrasse@gmail.com,podcast,everyone,true
149378837,2024-09-25T02:57:01.431Z,briana.j.carroll@gmail.com,podcast,everyone,true
149378837,2024-09-25T02:57:01.759Z,itzhak.samara@gmail.com,podcast,everyone,true
149378837,2024-09-25T02:57:01.985Z,ozs2@cornell.edu,podcast,everyone,true
149378837,2024-09-25T02:57:03.082Z,dennis@burns.org,podcast,everyone,true
149378837,2024-09-25T02:57:04.678Z,skyjensen@icloud.com,podcast,everyone,true
