post_id,timestamp,email,post_type,post_audience,active_subscription,country,city,region,device_type,client_os,client_type,user_agent
149612158,2024-09-30T15:13:26.160Z,joliefleur3435@gmail.com,podcast,everyone,true,US,,,,,,Mozilla/5.0 (Windows NT 5.1; rv:11.0) Gecko Firefox/11.0 (via ggpht.com GoogleImageProxy)
149612158,2024-09-30T15:17:29.032Z,Twadley@gmail.com,podcast,everyone,true,US,,,,,,Mozilla/5.0 (Windows NT 5.1; rv:11.0) Gecko Firefox/11.0 (via ggpht.com GoogleImageProxy)
149612158,2024-09-30T15:18:09.594Z,briana.j.carroll@gmail.com,podcast,everyone,true,US,,,,,,Mozilla/5.0 (Windows NT 5.1; rv:11.0) Gecko Firefox/11.0 (via ggpht.com GoogleImageProxy)
149612158,2024-09-30T15:50:48.537Z,borealspain@yahoo.co.uk,podcast,everyone,true,US,,,,,,Mozilla/5.0
149612158,2024-09-30T16:51:32.559Z,skyjensen@icloud.com,podcast,everyone,true,US,,,,,,Mozilla/5.0
149612158,2024-09-30T18:03:28.955Z,alminivdmerwe@gmail.com,podcast,everyone,true,LI,,,,,,Mozilla/5.0
149612158,2024-09-30T20:55:19.760Z,dwightlyman@gmail.com,podcast,everyone,true,US,,,,,,Mozilla/5.0
149612158,2024-09-30T21:44:50.994Z,ianwilmoth@gmail.com,podcast,everyone,true,US,,,,,,Mozilla/5.0
149612158,2024-10-01T00:43:07.397Z,ianwilmoth@gmail.com,podcast,everyone,true,US,,,,,,Mozilla/5.0 (Windows NT 5.1; rv:11.0) Gecko Firefox/11.0 (via ggpht.com GoogleImageProxy)
149612158,2024-10-01T02:13:36.210Z,skyjensen@icloud.com,podcast,everyone,true,US,,,,,,Mozilla/5.0
149612158,2024-10-01T04:12:48.933Z,nathanhaile11@gmail.com,podcast,everyone,true,US,,,,,,Mozilla/5.0
149612158,2024-10-01T07:02:29.582Z,alminivdmerwe@gmail.com,podcast,everyone,true,LI,,,,,,Mozilla/5.0
149612158,2024-10-02T02:37:55.995Z,zach.bartell.writer@gmail.com,podcast,everyone,true,US,,,,,,Mozilla/5.0
149612158,2024-10-02T14:59:45.941Z,tyrickstarksatt@gmail.com,podcast,everyone,true,US,,,,,,Mozilla/5.0 (Windows NT 5.1; rv:11.0) Gecko Firefox/11.0 (via ggpht.com GoogleImageProxy)
149612158,2024-10-04T17:29:42.504Z,dwightlyman@gmail.com,podcast,everyone,true,US,,,,,,Mozilla/5.0
149612158,2024-10-05T21:36:36.218Z,nathanhaile11@gmail.com,podcast,everyone,true,US,,,,,,Mozilla/5.0
149612158,2024-10-10T07:40:23.567Z,nathanhaile11@gmail.com,podcast,everyone,true,US,,,,,,Mozilla/5.0
149612158,2024-10-10T10:03:23.629Z,nathanhaile11@gmail.com,podcast,everyone,true,US,,,,,,Mozilla/5.0
149612158,2024-10-11T07:23:02.438Z,nathanhaile11@gmail.com,podcast,everyone,true,US,,,,,,Mozilla/5.0
149612158,2024-10-19T09:55:43.962Z,apollohlynch@gmail.com,podcast,everyone,true,US,,,,,,Mozilla/5.0
