post_id,timestamp,email,post_type,post_audience,active_subscription,country,city,region,device_type,client_os,client_type,user_agent
149614036,2024-09-30T15:31:23.096Z,ianwilmoth@gmail.com,podcast,everyone,true,US,,,,,,Mozilla/5.0 (Windows NT 5.1; rv:11.0) Gecko Firefox/11.0 (via ggpht.com GoogleImageProxy)
149614036,2024-09-30T15:50:48.536Z,borealspain@yahoo.co.uk,podcast,everyone,true,US,,,,,,Mozilla/5.0
149614036,2024-09-30T16:25:41.294Z,tyrickstarksatt@gmail.com,podcast,everyone,true,US,,,,,,Mozilla/5.0 (Windows NT 5.1; rv:11.0) Gecko Firefox/11.0 (via ggpht.com GoogleImageProxy)
149614036,2024-09-30T16:51:29.076Z,skyjensen@icloud.com,podcast,everyone,true,US,,,,,,Mozilla/5.0
149614036,2024-09-30T18:55:31.751Z,alminivdmerwe@gmail.com,podcast,everyone,true,LI,,,,,,Mozilla/5.0
149614036,2024-09-30T20:55:19.761Z,dwightlyman@gmail.com,podcast,everyone,true,US,,,,,,Mozilla/5.0
149614036,2024-09-30T21:44:50.994Z,ianwilmoth@gmail.com,podcast,everyone,true,US,,,,,,Mozilla/5.0
149614036,2024-09-30T23:05:22.666Z,nathanhaile11@gmail.com,podcast,everyone,true,US,,,,,,Mozilla/5.0
149614036,2024-10-01T02:13:36.211Z,skyjensen@icloud.com,podcast,everyone,true,US,,,,,,Mozilla/5.0
149614036,2024-10-01T07:02:29.583Z,alminivdmerwe@gmail.com,podcast,everyone,true,LI,,,,,,Mozilla/5.0
149614036,2024-10-02T02:37:55.994Z,zach.bartell.writer@gmail.com,podcast,everyone,true,US,,,,,,Mozilla/5.0
149614036,2024-10-04T17:29:42.504Z,dwightlyman@gmail.com,podcast,everyone,true,US,,,,,,Mozilla/5.0
149614036,2024-10-05T21:36:36.217Z,nathanhaile11@gmail.com,podcast,everyone,true,US,,,,,,Mozilla/5.0
149614036,2024-10-10T07:40:23.566Z,nathanhaile11@gmail.com,podcast,everyone,true,US,,,,,,Mozilla/5.0
149614036,2024-10-10T10:03:23.629Z,nathanhaile11@gmail.com,podcast,everyone,true,US,,,,,,Mozilla/5.0
149614036,2024-10-11T07:23:02.437Z,nathanhaile11@gmail.com,podcast,everyone,true,US,,,,,,Mozilla/5.0
149614036,2024-10-19T09:55:43.963Z,apollohlynch@gmail.com,podcast,everyone,true,US,,,,,,Mozilla/5.0
