post_id,timestamp,email,post_type,post_audience,active_subscription
149612158,2024-09-30T15:10:39.006Z,Experimentalunit317@gmail.com,podcast,everyone,false
149612158,2024-09-30T15:10:40.305Z,rimbsweiler@yahoo.com,podcast,everyone,false
149612158,2024-09-30T15:10:41.428Z,justinaugustwellington@gmail.com,podcast,everyone,true
149612158,2024-09-30T15:10:41.657Z,kadirgemici066@gmail.com,podcast,everyone,true
149612158,2024-09-30T15:10:41.763Z,nathanhaile11@gmail.com,podcast,everyone,true
149612158,2024-09-30T15:10:42.626Z,mrnononsense02@gmail.com,podcast,everyone,true
149612158,2024-09-30T15:10:42.926Z,daniellemtobias@gmail.com,podcast,everyone,true
149612158,2024-09-30T15:10:43.177Z,beansocolofsky@gmail.com,podcast,everyone,true
149612158,2024-09-30T15:10:43.611Z,zach.bartell.writer@gmail.com,podcast,everyone,true
149612158,2024-09-30T15:10:43.627Z,adooleycox@gmail.com,podcast,everyone,true
149612158,2024-09-30T15:10:43.681Z,ozs2@cornell.edu,podcast,everyone,true
149612158,2024-09-30T15:10:43.776Z,gdg2018mm5@gmail.com,podcast,everyone,true
149612158,2024-09-30T15:10:43.823Z,3d0f86f2-e17f-4f2a-8ca5-154e98f6d68a@deletion-request.substack.com,podcast,everyone,true
149612158,2024-09-30T15:10:43.886Z,beer64925@gmail.com,podcast,everyone,true
149612158,2024-09-30T15:10:44.013Z,raynottwoodbead@gmail.com,podcast,everyone,true
149612158,2024-09-30T15:10:44.019Z,djcart137@gmail.com,podcast,everyone,true
149612158,2024-09-30T15:10:44.963Z,Twadley@gmail.com,podcast,everyone,true
149612158,2024-09-30T15:10:44.993Z,dwightlyman@gmail.com,podcast,everyone,true
149612158,2024-09-30T15:10:45.125Z,kalakaldruzuzu@gmail.com,podcast,everyone,true
149612158,2024-09-30T15:10:45.141Z,briana.j.carroll@gmail.com,podcast,everyone,true
149612158,2024-09-30T15:10:45.194Z,itzhak.samara@gmail.com,podcast,everyone,true
149612158,2024-09-30T15:10:45.235Z,omarionburgess45@gmail.com,podcast,everyone,true
149612158,2024-09-30T15:10:45.262Z,calebgrasse@gmail.com,podcast,everyone,true
149612158,2024-09-30T15:10:45.267Z,zutorilla@gmail.com,podcast,everyone,true
149612158,2024-09-30T15:10:45.284Z,apollohlynch@gmail.com,podcast,everyone,true
149612158,2024-09-30T15:10:45.301Z,joliefleur3435@gmail.com,podcast,everyone,true
149612158,2024-09-30T15:10:45.309Z,rimbsweiler@gmail.com,podcast,everyone,true
149612158,2024-09-30T15:10:45.350Z,shien.getsuto@gmail.com,podcast,everyone,true
149612158,2024-09-30T15:10:45.478Z,lennoxgravox@gmail.com,podcast,everyone,true
149612158,2024-09-30T15:10:45.799Z,alminivdmerwe@gmail.com,podcast,everyone,true
149612158,2024-09-30T15:10:45.898Z,ahershmc@aol.com,podcast,everyone,true
149612158,2024-09-30T15:10:45.914Z,ianwilmoth@gmail.com,podcast,everyone,true
149612158,2024-09-30T15:10:46.134Z,borealspain@yahoo.co.uk,podcast,everyone,true
149612158,2024-09-30T15:10:47.017Z,tyrickstarksatt@gmail.com,podcast,everyone,true
149612158,2024-09-30T15:10:47.416Z,bky074a@gmail.com,podcast,everyone,true
149612158,2024-09-30T15:10:47.955Z,dennis@burns.org,podcast,everyone,true
149612158,2024-09-30T15:10:51.179Z,skyjensen@icloud.com,podcast,everyone,true
