post_id,timestamp,email,post_type,post_audience,active_subscription
149618236,2024-09-30T16:53:16.913Z,Experimentalunit317@gmail.com,podcast,everyone,false
149618236,2024-09-30T16:53:20.777Z,rimbsweiler@yahoo.com,podcast,everyone,false
149618236,2024-09-30T16:53:22.570Z,dwightlyman@gmail.com,podcast,everyone,true
149618236,2024-09-30T16:53:22.590Z,beansocolofsky@gmail.com,podcast,everyone,true
149618236,2024-09-30T16:53:27.001Z,kadirgemici066@gmail.com,podcast,everyone,true
149618236,2024-09-30T16:53:27.060Z,nathanhaile11@gmail.com,podcast,everyone,true
149618236,2024-09-30T16:53:27.064Z,gdg2018mm5@gmail.com,podcast,everyone,true
149618236,2024-09-30T16:53:27.214Z,kalakaldruzuzu@gmail.com,podcast,everyone,true
149618236,2024-09-30T16:53:27.215Z,mrnononsense02@gmail.com,podcast,everyone,true
149618236,2024-09-30T16:53:27.330Z,zach.bartell.writer@gmail.com,podcast,everyone,true
149618236,2024-09-30T16:53:27.334Z,3d0f86f2-e17f-4f2a-8ca5-154e98f6d68a@deletion-request.substack.com,podcast,everyone,true
149618236,2024-09-30T16:53:27.364Z,djcart137@gmail.com,podcast,everyone,true
149618236,2024-09-30T16:53:27.392Z,raynottwoodbead@gmail.com,podcast,everyone,true
149618236,2024-09-30T16:53:27.907Z,beer64925@gmail.com,podcast,everyone,true
149618236,2024-09-30T16:53:28.404Z,justinaugustwellington@gmail.com,podcast,everyone,true
149618236,2024-09-30T16:53:29.331Z,Twadley@gmail.com,podcast,everyone,true
149618236,2024-09-30T16:53:29.401Z,omarionburgess45@gmail.com,podcast,everyone,true
149618236,2024-09-30T16:53:29.416Z,briana.j.carroll@gmail.com,podcast,everyone,true
149618236,2024-09-30T16:53:29.432Z,rimbsweiler@gmail.com,podcast,everyone,true
149618236,2024-09-30T16:53:29.432Z,calebgrasse@gmail.com,podcast,everyone,true
149618236,2024-09-30T16:53:29.541Z,ianwilmoth@gmail.com,podcast,everyone,true
149618236,2024-09-30T16:53:29.603Z,zutorilla@gmail.com,podcast,everyone,true
149618236,2024-09-30T16:53:29.603Z,alminivdmerwe@gmail.com,podcast,everyone,true
149618236,2024-09-30T16:53:29.603Z,itzhak.samara@gmail.com,podcast,everyone,true
149618236,2024-09-30T16:53:29.617Z,apollohlynch@gmail.com,podcast,everyone,true
149618236,2024-09-30T16:53:29.634Z,bky074a@gmail.com,podcast,everyone,true
149618236,2024-09-30T16:53:29.785Z,joliefleur3435@gmail.com,podcast,everyone,true
149618236,2024-09-30T16:53:29.945Z,lennoxgravox@gmail.com,podcast,everyone,true
149618236,2024-09-30T16:53:30.091Z,shien.getsuto@gmail.com,podcast,everyone,true
149618236,2024-09-30T16:53:30.107Z,ahershmc@aol.com,podcast,everyone,true
149618236,2024-09-30T16:53:30.184Z,daniellemtobias@gmail.com,podcast,everyone,true
149618236,2024-09-30T16:53:30.195Z,adooleycox@gmail.com,podcast,everyone,true
149618236,2024-09-30T16:53:30.220Z,tyrickstarksatt@gmail.com,podcast,everyone,true
149618236,2024-09-30T16:53:30.612Z,borealspain@yahoo.co.uk,podcast,everyone,true
149618236,2024-09-30T16:53:30.631Z,ozs2@cornell.edu,podcast,everyone,true
149618236,2024-09-30T16:53:31.139Z,skyjensen@icloud.com,podcast,everyone,true
149618236,2024-09-30T16:53:32.363Z,dennis@burns.org,podcast,everyone,true
