post_id,timestamp,email,post_type,post_audience,active_subscription,country,city,region,device_type,client_os,client_type,user_agent
149618236,2024-09-30T16:53:37.190Z,Experimentalunit317@gmail.com,podcast,everyone,false,US,,,,,,Mozilla/5.0 (Windows NT 5.1; rv:11.0) Gecko Firefox/11.0 (via ggpht.com GoogleImageProxy)
149618236,2024-09-30T17:01:45.888Z,borealspain@yahoo.co.uk,podcast,everyone,true,US,,,,,,Mozilla/5.0
149618236,2024-09-30T17:02:40.554Z,tyrickstarksatt@gmail.com,podcast,everyone,true,US,,,,,,Mozilla/5.0 (Windows NT 5.1; rv:11.0) Gecko Firefox/11.0 (via ggpht.com GoogleImageProxy)
149618236,2024-09-30T17:14:50.685Z,skyjensen@icloud.com,podcast,everyone,true,US,,,,,,Mozilla/5.0
149618236,2024-09-30T18:55:31.752Z,alminivdmerwe@gmail.com,podcast,everyone,true,LI,,,,,,Mozilla/5.0
149618236,2024-09-30T19:06:20.245Z,lennoxgravox@gmail.com,podcast,everyone,true,US,,,,,,Mozilla/5.0 (Windows NT 5.1; rv:11.0) Gecko Firefox/11.0 (via ggpht.com GoogleImageProxy)
149618236,2024-09-30T21:44:50.993Z,ianwilmoth@gmail.com,podcast,everyone,true,US,,,,,,Mozilla/5.0
149618236,2024-09-30T22:32:51.118Z,beansocolofsky@gmail.com,podcast,everyone,true,US,,,,,,Mozilla/5.0 (Windows NT 5.1; rv:11.0) Gecko Firefox/11.0 (via ggpht.com GoogleImageProxy)
149618236,2024-09-30T23:05:22.666Z,nathanhaile11@gmail.com,podcast,everyone,true,US,,,,,,Mozilla/5.0
149618236,2024-10-01T00:02:21.412Z,lennoxgravox@gmail.com,podcast,everyone,true,US,,,,,,Mozilla/5.0 (Windows NT 5.1; rv:11.0) Gecko Firefox/11.0 (via ggpht.com GoogleImageProxy)
149618236,2024-10-01T02:13:36.211Z,skyjensen@icloud.com,podcast,everyone,true,US,,,,,,Mozilla/5.0
149618236,2024-10-01T02:41:24.580Z,rimbsweiler@yahoo.com,podcast,everyone,false,US,,,,,,Mozilla/5.0
149618236,2024-10-01T04:57:57.738Z,ozs2@cornell.edu,podcast,everyone,true,US,,,,,,Mozilla/5.0
149618236,2024-10-01T07:51:49.578Z,alminivdmerwe@gmail.com,podcast,everyone,true,LI,,,,,,Mozilla/5.0
149618236,2024-10-01T14:44:51.289Z,briana.j.carroll@gmail.com,podcast,everyone,true,US,,,,,,Mozilla/5.0 (Windows NT 5.1; rv:11.0) Gecko Firefox/11.0 (via ggpht.com GoogleImageProxy)
149618236,2024-10-02T02:37:55.993Z,zach.bartell.writer@gmail.com,podcast,everyone,true,US,,,,,,Mozilla/5.0
149618236,2024-10-02T05:51:02.916Z,nathanhaile11@gmail.com,podcast,everyone,true,US,,,,,,Mozilla/5.0
149618236,2024-10-04T17:29:42.505Z,dwightlyman@gmail.com,podcast,everyone,true,US,,,,,,Mozilla/5.0
149618236,2024-10-05T21:36:36.217Z,nathanhaile11@gmail.com,podcast,everyone,true,US,,,,,,Mozilla/5.0
149618236,2024-10-10T07:40:23.566Z,nathanhaile11@gmail.com,podcast,everyone,true,US,,,,,,Mozilla/5.0
149618236,2024-10-10T08:44:03.084Z,nathanhaile11@gmail.com,podcast,everyone,true,US,,,,,,Mozilla/5.0
149618236,2024-10-11T07:23:02.437Z,nathanhaile11@gmail.com,podcast,everyone,true,US,,,,,,Mozilla/5.0
149618236,2024-10-19T09:55:43.963Z,apollohlynch@gmail.com,podcast,everyone,true,US,,,,,,Mozilla/5.0
