post_id,timestamp,email,post_type,post_audience,active_subscription
149614036,2024-09-30T15:25:21.376Z,Experimentalunit317@gmail.com,podcast,everyone,false
149614036,2024-09-30T15:25:26.671Z,dwightlyman@gmail.com,podcast,everyone,true
149614036,2024-09-30T15:25:27.315Z,beansocolofsky@gmail.com,podcast,everyone,true
149614036,2024-09-30T15:25:28.794Z,raynottwoodbead@gmail.com,podcast,everyone,true
149614036,2024-09-30T15:25:28.822Z,3d0f86f2-e17f-4f2a-8ca5-154e98f6d68a@deletion-request.substack.com,podcast,everyone,true
149614036,2024-09-30T15:25:28.834Z,beer64925@gmail.com,podcast,everyone,true
149614036,2024-09-30T15:25:28.865Z,djcart137@gmail.com,podcast,everyone,true
149614036,2024-09-30T15:25:28.886Z,kalakaldruzuzu@gmail.com,podcast,everyone,true
149614036,2024-09-30T15:25:28.908Z,zach.bartell.writer@gmail.com,podcast,everyone,true
149614036,2024-09-30T15:25:29.024Z,kadirgemici066@gmail.com,podcast,everyone,true
149614036,2024-09-30T15:25:29.044Z,justinaugustwellington@gmail.com,podcast,everyone,true
149614036,2024-09-30T15:25:29.052Z,mrnononsense02@gmail.com,podcast,everyone,true
149614036,2024-09-30T15:25:29.100Z,nathanhaile11@gmail.com,podcast,everyone,true
149614036,2024-09-30T15:25:29.587Z,gdg2018mm5@gmail.com,podcast,everyone,true
149614036,2024-09-30T15:25:34.792Z,omarionburgess45@gmail.com,podcast,everyone,true
149614036,2024-09-30T15:25:35.281Z,adooleycox@gmail.com,podcast,everyone,true
149614036,2024-09-30T15:25:35.484Z,daniellemtobias@gmail.com,podcast,everyone,true
149614036,2024-09-30T15:25:35.507Z,alminivdmerwe@gmail.com,podcast,everyone,true
149614036,2024-09-30T15:25:35.538Z,briana.j.carroll@gmail.com,podcast,everyone,true
149614036,2024-09-30T15:25:35.634Z,zutorilla@gmail.com,podcast,everyone,true
149614036,2024-09-30T15:25:35.635Z,rimbsweiler@gmail.com,podcast,everyone,true
149614036,2024-09-30T15:25:35.635Z,ianwilmoth@gmail.com,podcast,everyone,true
149614036,2024-09-30T15:25:35.713Z,calebgrasse@gmail.com,podcast,everyone,true
149614036,2024-09-30T15:25:35.835Z,tyrickstarksatt@gmail.com,podcast,everyone,true
149614036,2024-09-30T15:25:35.841Z,joliefleur3435@gmail.com,podcast,everyone,true
149614036,2024-09-30T15:25:36.005Z,apollohlynch@gmail.com,podcast,everyone,true
149614036,2024-09-30T15:25:36.019Z,borealspain@yahoo.co.uk,podcast,everyone,true
149614036,2024-09-30T15:25:36.056Z,ozs2@cornell.edu,podcast,everyone,true
149614036,2024-09-30T15:25:36.139Z,itzhak.samara@gmail.com,podcast,everyone,true
149614036,2024-09-30T15:25:36.249Z,bky074a@gmail.com,podcast,everyone,true
149614036,2024-09-30T15:25:36.281Z,ahershmc@aol.com,podcast,everyone,true
149614036,2024-09-30T15:25:36.284Z,shien.getsuto@gmail.com,podcast,everyone,true
149614036,2024-09-30T15:25:36.304Z,lennoxgravox@gmail.com,podcast,everyone,true
149614036,2024-09-30T15:25:37.344Z,rimbsweiler@yahoo.com,podcast,everyone,false
149614036,2024-09-30T15:25:37.708Z,dennis@burns.org,podcast,everyone,true
149614036,2024-09-30T15:25:40.330Z,skyjensen@icloud.com,podcast,everyone,true
149614036,2024-09-30T15:25:40.823Z,Twadley@gmail.com,podcast,everyone,true
