post_id,timestamp,email,post_type,post_audience,active_subscription
150095830,2024-10-11T13:43:50.173Z,Experimentalunit317@gmail.com,newsletter,everyone,false
150095830,2024-10-11T13:43:52.257Z,rimbsweiler@yahoo.com,newsletter,everyone,false
150095830,2024-10-11T13:43:52.734Z,beansocolofsky@gmail.com,newsletter,everyone,true
150095830,2024-10-11T13:43:52.779Z,dwightlyman@gmail.com,newsletter,everyone,true
150095830,2024-10-11T13:43:54.046Z,zach.bartell.writer@gmail.com,newsletter,everyone,true
150095830,2024-10-11T13:43:54.087Z,raynottwoodbead@gmail.com,newsletter,everyone,true
150095830,2024-10-11T13:43:54.323Z,3d0f86f2-e17f-4f2a-8ca5-154e98f6d68a@deletion-request.substack.com,newsletter,everyone,true
150095830,2024-10-11T13:43:54.374Z,djcart137@gmail.com,newsletter,everyone,true
150095830,2024-10-11T13:43:54.515Z,kalakaldruzuzu@gmail.com,newsletter,everyone,true
150095830,2024-10-11T13:43:54.609Z,joliefleur3435@gmail.com,newsletter,everyone,true
150095830,2024-10-11T13:43:54.744Z,beer64925@gmail.com,newsletter,everyone,true
150095830,2024-10-11T13:43:54.763Z,gdg2018mm5@gmail.com,newsletter,everyone,true
150095830,2024-10-11T13:43:54.824Z,nathanhaile11@gmail.com,newsletter,everyone,true
150095830,2024-10-11T13:43:54.830Z,justinaugustwellington@gmail.com,newsletter,everyone,true
150095830,2024-10-11T13:43:54.916Z,mrnononsense02@gmail.com,newsletter,everyone,true
150095830,2024-10-11T13:43:54.933Z,kadirgemici066@gmail.com,newsletter,everyone,true
150095830,2024-10-11T13:43:55.279Z,briana.j.carroll@gmail.com,newsletter,everyone,true
150095830,2024-10-11T13:43:55.368Z,Twadley@gmail.com,newsletter,everyone,true
150095830,2024-10-11T13:43:55.371Z,alminivdmerwe@gmail.com,newsletter,everyone,true
150095830,2024-10-11T13:43:55.441Z,lennoxgravox@gmail.com,newsletter,everyone,true
150095830,2024-10-11T13:43:55.457Z,shien.getsuto@gmail.com,newsletter,everyone,true
150095830,2024-10-11T13:43:55.523Z,omarionburgess45@gmail.com,newsletter,everyone,true
150095830,2024-10-11T13:43:55.674Z,borealspain@yahoo.co.uk,newsletter,everyone,true
150095830,2024-10-11T13:43:55.856Z,rimbsweiler@gmail.com,newsletter,everyone,true
150095830,2024-10-11T13:43:55.893Z,ahershmc@aol.com,newsletter,everyone,true
150095830,2024-10-11T13:43:56.073Z,ianwilmoth@gmail.com,newsletter,everyone,true
150095830,2024-10-11T13:43:56.120Z,tyrickstarksatt@gmail.com,newsletter,everyone,true
150095830,2024-10-11T13:43:56.121Z,apollohlynch@gmail.com,newsletter,everyone,true
150095830,2024-10-11T13:43:56.124Z,calebgrasse@gmail.com,newsletter,everyone,true
150095830,2024-10-11T13:43:56.194Z,zutorilla@gmail.com,newsletter,everyone,true
150095830,2024-10-11T13:43:56.200Z,bky074a@gmail.com,newsletter,everyone,true
150095830,2024-10-11T13:43:56.612Z,itzhak.samara@gmail.com,newsletter,everyone,true
150095830,2024-10-11T13:43:56.663Z,skyjensen@icloud.com,newsletter,everyone,true
150095830,2024-10-11T13:43:58.635Z,adooleycox@gmail.com,newsletter,everyone,true
150095830,2024-10-11T13:43:58.688Z,daniellemtobias@gmail.com,newsletter,everyone,true
150095830,2024-10-11T13:43:59.581Z,ozs2@cornell.edu,newsletter,everyone,true
150095830,2024-10-11T13:43:59.661Z,dennis@burns.org,newsletter,everyone,true
