post_id,timestamp,email,post_type,post_audience,active_subscription
150058720,2024-10-10T15:50:56.978Z,Experimentalunit317@gmail.com,podcast,everyone,false
150058720,2024-10-10T15:51:00.183Z,rimbsweiler@yahoo.com,podcast,everyone,false
150058720,2024-10-10T15:51:01.618Z,beansocolofsky@gmail.com,podcast,everyone,true
150058720,2024-10-10T15:51:01.996Z,dwightlyman@gmail.com,podcast,everyone,true
150058720,2024-10-10T15:51:03.410Z,shien.getsuto@gmail.com,podcast,everyone,true
150058720,2024-10-10T15:51:03.433Z,briana.j.carroll@gmail.com,podcast,everyone,true
150058720,2024-10-10T15:51:03.553Z,calebgrasse@gmail.com,podcast,everyone,true
150058720,2024-10-10T15:51:03.819Z,rimbsweiler@gmail.com,podcast,everyone,true
150058720,2024-10-10T15:51:03.821Z,Twadley@gmail.com,podcast,everyone,true
150058720,2024-10-10T15:51:03.962Z,omarionburgess45@gmail.com,podcast,everyone,true
150058720,2024-10-10T15:51:04.048Z,tyrickstarksatt@gmail.com,podcast,everyone,true
150058720,2024-10-10T15:51:04.053Z,alminivdmerwe@gmail.com,podcast,everyone,true
150058720,2024-10-10T15:51:04.057Z,lennoxgravox@gmail.com,podcast,everyone,true
150058720,2024-10-10T15:51:04.072Z,itzhak.samara@gmail.com,podcast,everyone,true
150058720,2024-10-10T15:51:04.073Z,joliefleur3435@gmail.com,podcast,everyone,true
150058720,2024-10-10T15:51:04.085Z,3d0f86f2-e17f-4f2a-8ca5-154e98f6d68a@deletion-request.substack.com,podcast,everyone,true
150058720,2024-10-10T15:51:04.112Z,bky074a@gmail.com,podcast,everyone,true
150058720,2024-10-10T15:51:04.230Z,apollohlynch@gmail.com,podcast,everyone,true
150058720,2024-10-10T15:51:04.257Z,kalakaldruzuzu@gmail.com,podcast,everyone,true
150058720,2024-10-10T15:51:04.270Z,ahershmc@aol.com,podcast,everyone,true
150058720,2024-10-10T15:51:04.326Z,zach.bartell.writer@gmail.com,podcast,everyone,true
150058720,2024-10-10T15:51:04.393Z,zutorilla@gmail.com,podcast,everyone,true
150058720,2024-10-10T15:51:04.423Z,ozs2@cornell.edu,podcast,everyone,true
150058720,2024-10-10T15:51:04.476Z,beer64925@gmail.com,podcast,everyone,true
150058720,2024-10-10T15:51:04.488Z,ianwilmoth@gmail.com,podcast,everyone,true
150058720,2024-10-10T15:51:04.488Z,raynottwoodbead@gmail.com,podcast,everyone,true
150058720,2024-10-10T15:51:04.547Z,djcart137@gmail.com,podcast,everyone,true
150058720,2024-10-10T15:51:04.748Z,borealspain@yahoo.co.uk,podcast,everyone,true
150058720,2024-10-10T15:51:04.769Z,mrnononsense02@gmail.com,podcast,everyone,true
150058720,2024-10-10T15:51:04.812Z,adooleycox@gmail.com,podcast,everyone,true
150058720,2024-10-10T15:51:04.909Z,gdg2018mm5@gmail.com,podcast,everyone,true
150058720,2024-10-10T15:51:05.038Z,justinaugustwellington@gmail.com,podcast,everyone,true
150058720,2024-10-10T15:51:05.042Z,daniellemtobias@gmail.com,podcast,everyone,true
150058720,2024-10-10T15:51:05.279Z,nathanhaile11@gmail.com,podcast,everyone,true
150058720,2024-10-10T15:51:05.436Z,kadirgemici066@gmail.com,podcast,everyone,true
150058720,2024-10-10T15:51:06.426Z,dennis@burns.org,podcast,everyone,true
150058720,2024-10-10T15:51:10.281Z,skyjensen@icloud.com,podcast,everyone,true
