post_id,timestamp,email,post_type,post_audience,active_subscription
150067179,2024-10-10T19:15:58.328Z,Experimentalunit317@gmail.com,podcast,everyone,false
150067179,2024-10-10T19:16:00.248Z,rimbsweiler@yahoo.com,podcast,everyone,false
150067179,2024-10-10T19:16:01.997Z,dwightlyman@gmail.com,podcast,everyone,true
150067179,2024-10-10T19:16:02.076Z,beansocolofsky@gmail.com,podcast,everyone,true
150067179,2024-10-10T19:16:05.266Z,kadirgemici066@gmail.com,podcast,everyone,true
150067179,2024-10-10T19:16:05.433Z,nathanhaile11@gmail.com,podcast,everyone,true
150067179,2024-10-10T19:16:05.527Z,gdg2018mm5@gmail.com,podcast,everyone,true
150067179,2024-10-10T19:16:05.528Z,mrnononsense02@gmail.com,podcast,everyone,true
150067179,2024-10-10T19:16:05.651Z,justinaugustwellington@gmail.com,podcast,everyone,true
150067179,2024-10-10T19:16:05.733Z,raynottwoodbead@gmail.com,podcast,everyone,true
150067179,2024-10-10T19:16:05.857Z,zach.bartell.writer@gmail.com,podcast,everyone,true
150067179,2024-10-10T19:16:05.858Z,beer64925@gmail.com,podcast,everyone,true
150067179,2024-10-10T19:16:06.063Z,joliefleur3435@gmail.com,podcast,everyone,true
150067179,2024-10-10T19:16:06.241Z,kalakaldruzuzu@gmail.com,podcast,everyone,true
150067179,2024-10-10T19:16:06.345Z,3d0f86f2-e17f-4f2a-8ca5-154e98f6d68a@deletion-request.substack.com,podcast,everyone,true
150067179,2024-10-10T19:16:06.823Z,djcart137@gmail.com,podcast,everyone,true
150067179,2024-10-10T19:16:08.203Z,Twadley@gmail.com,podcast,everyone,true
150067179,2024-10-10T19:16:08.297Z,shien.getsuto@gmail.com,podcast,everyone,true
150067179,2024-10-10T19:16:08.364Z,itzhak.samara@gmail.com,podcast,everyone,true
150067179,2024-10-10T19:16:08.364Z,calebgrasse@gmail.com,podcast,everyone,true
150067179,2024-10-10T19:16:08.562Z,ianwilmoth@gmail.com,podcast,everyone,true
150067179,2024-10-10T19:16:08.562Z,apollohlynch@gmail.com,podcast,everyone,true
150067179,2024-10-10T19:16:08.570Z,briana.j.carroll@gmail.com,podcast,everyone,true
150067179,2024-10-10T19:16:08.570Z,bky074a@gmail.com,podcast,everyone,true
150067179,2024-10-10T19:16:08.572Z,zutorilla@gmail.com,podcast,everyone,true
150067179,2024-10-10T19:16:08.596Z,omarionburgess45@gmail.com,podcast,everyone,true
150067179,2024-10-10T19:16:08.678Z,lennoxgravox@gmail.com,podcast,everyone,true
150067179,2024-10-10T19:16:08.717Z,alminivdmerwe@gmail.com,podcast,everyone,true
150067179,2024-10-10T19:16:08.752Z,borealspain@yahoo.co.uk,podcast,everyone,true
150067179,2024-10-10T19:16:08.752Z,rimbsweiler@gmail.com,podcast,everyone,true
150067179,2024-10-10T19:16:09.108Z,ahershmc@aol.com,podcast,everyone,true
150067179,2024-10-10T19:16:09.581Z,tyrickstarksatt@gmail.com,podcast,everyone,true
150067179,2024-10-10T19:16:10.064Z,daniellemtobias@gmail.com,podcast,everyone,true
150067179,2024-10-10T19:16:10.599Z,adooleycox@gmail.com,podcast,everyone,true
150067179,2024-10-10T19:16:10.945Z,ozs2@cornell.edu,podcast,everyone,true
150067179,2024-10-10T19:16:11.361Z,skyjensen@icloud.com,podcast,everyone,true
150067179,2024-10-10T19:16:12.710Z,dennis@burns.org,podcast,everyone,true
