post_id,timestamp,email,post_type,post_audience,active_subscription,country,city,region,device_type,client_os,client_type,user_agent
150098314,2025-02-09T20:42:46.268Z,dwightlyman@gmail.com,newsletter,everyone,true,US,,,,,,Mozilla/5.0
150098314,2025-02-09T20:53:27.739Z,mileswilsondc@gmail.com,newsletter,everyone,true,US,,,,,,Mozilla/5.0 (Windows NT 5.1; rv:11.0) Gecko Firefox/11.0 (via ggpht.com GoogleImageProxy)
150098314,2025-02-09T20:54:03.240Z,mileswilsondc@gmail.com,newsletter,everyone,true,US,,,,,,Mozilla/5.0
150098314,2025-02-09T21:01:37.961Z,borealspain@yahoo.co.uk,newsletter,everyone,true,US,,,,,,Mozilla/5.0
150098314,2025-02-09T21:02:58.773Z,alminivdmerwe@gmail.com,newsletter,everyone,true,LI,,,,,,Mozilla/5.0
150098314,2025-02-09T21:06:01.499Z,skyjensen@icloud.com,newsletter,everyone,true,US,,,,,,Mozilla/5.0
150098314,2025-02-10T00:55:57.671Z,dwightlyman@gmail.com,newsletter,everyone,true,US,,,,,,Mozilla/5.0
150098314,2025-02-10T03:30:22.480Z,ianwilmoth@gmail.com,newsletter,everyone,true,US,,,,,,Mozilla/5.0
150098314,2025-02-10T03:58:05.679Z,jasontrew@gmail.com,newsletter,everyone,true,US,,,,,,Mozilla/5.0
150098314,2025-02-10T05:02:59.317Z,skyjensen@icloud.com,newsletter,everyone,true,US,,,,,,Mozilla/5.0
150098314,2025-02-10T08:08:16.433Z,alminivdmerwe@gmail.com,newsletter,everyone,true,LI,,,,,,Mozilla/5.0
150098314,2025-02-10T12:03:53.231Z,bky074a@gmail.com,newsletter,everyone,true,US,,,,,,Mozilla/5.0 (Windows NT 5.1; rv:11.0) Gecko Firefox/11.0 (via ggpht.com GoogleImageProxy)
150098314,2025-02-10T14:29:30.232Z,rimbsweiler@yahoo.com,newsletter,everyone,false,US,,,,,,Mozilla/5.0
150098314,2025-02-10T15:57:37.899Z,apollohlynch@gmail.com,newsletter,everyone,true,US,,,,,,Mozilla/5.0
150098314,2025-02-10T16:03:05.420Z,harrisbrian321@gmail.com,newsletter,everyone,true,CA,,,,,,Mozilla/5.0
150098314,2025-02-11T03:20:27.237Z,zach.bartell.writer@gmail.com,newsletter,everyone,true,US,,,,,,Mozilla/5.0
150098314,2025-02-12T14:38:37.263Z,briana.j.carroll@gmail.com,newsletter,everyone,true,US,,,,,,Mozilla/5.0 (Windows NT 5.1; rv:11.0) Gecko Firefox/11.0 (via ggpht.com GoogleImageProxy)
150098314,2025-02-26T04:22:27.939Z,nathanhaile11@gmail.com,newsletter,everyone,true,MX,,,,,,Mozilla/5.0
