post_id,timestamp,email,post_type,post_audience,active_subscription,country,city,region,device_type,client_os,client_type,user_agent
150058720,2024-10-10T15:51:28.454Z,ianwilmoth@gmail.com,podcast,everyone,true,US,,,,,,Mozilla/5.0 (Windows NT 5.1; rv:11.0) Gecko Firefox/11.0 (via ggpht.com GoogleImageProxy)
150058720,2024-10-10T15:51:36.392Z,ozs2@cornell.edu,podcast,everyone,true,US,,,,,,"Mozilla/5.0 (Windows NT 10.0; Win64; x64) AppleWebKit/537.36 (KHTML, like Gecko) Chrome/109.0.0.0 Safari/537.36"
150058720,2024-10-10T15:56:50.803Z,borealspain@yahoo.co.uk,podcast,everyone,true,US,,,,,,Mozilla/5.0
150058720,2024-10-10T16:03:59.991Z,beansocolofsky@gmail.com,podcast,everyone,true,US,,,,,,Mozilla/5.0 (Windows NT 5.1; rv:11.0) Gecko Firefox/11.0 (via ggpht.com GoogleImageProxy)
150058720,2024-10-10T16:31:16.149Z,dwightlyman@gmail.com,podcast,everyone,true,US,,,,,,Mozilla/5.0
150058720,2024-10-10T16:35:20.593Z,ianwilmoth@gmail.com,podcast,everyone,true,US,,,,,,Mozilla/5.0
150058720,2024-10-10T17:18:54.945Z,dennis@burns.org,podcast,everyone,true,US,,,,,,Mozilla/4.0 (compatible; ms-office; MSOffice 16)
150058720,2024-10-10T17:18:54.992Z,dennis@burns.org,podcast,everyone,true,US,,,,,,Mozilla/4.0 (compatible; ms-office; MSOffice 16)
150058720,2024-10-10T17:54:20.133Z,Experimentalunit317@gmail.com,podcast,everyone,false,US,,,,,,Mozilla/5.0 (Windows NT 5.1; rv:11.0) Gecko Firefox/11.0 (via ggpht.com GoogleImageProxy)
150058720,2024-10-10T18:06:56.689Z,skyjensen@icloud.com,podcast,everyone,true,US,,,,,,Mozilla/5.0
150058720,2024-10-10T18:12:44.217Z,dennis@burns.org,podcast,everyone,true,US,,,,,,Mozilla/4.0 (compatible; ms-office; MSOffice 16)
150058720,2024-10-10T18:12:44.234Z,dennis@burns.org,podcast,everyone,true,US,,,,,,Mozilla/4.0 (compatible; ms-office; MSOffice 16)
150058720,2024-10-10T18:13:44.308Z,beansocolofsky@gmail.com,podcast,everyone,true,US,,,,,,Mozilla/5.0 (Windows NT 5.1; rv:11.0) Gecko Firefox/11.0 (via ggpht.com GoogleImageProxy)
150058720,2024-10-10T18:28:26.142Z,alminivdmerwe@gmail.com,podcast,everyone,true,LI,,,,,,Mozilla/5.0
150058720,2024-10-10T22:37:49.809Z,rimbsweiler@yahoo.com,podcast,everyone,false,US,,,,,,Mozilla/5.0
150058720,2024-10-10T22:41:55.940Z,skyjensen@icloud.com,podcast,everyone,true,US,,,,,,Mozilla/5.0
150058720,2024-10-11T02:19:45.081Z,dwightlyman@gmail.com,podcast,everyone,true,US,,,,,,Mozilla/5.0
150058720,2024-10-11T03:18:11.143Z,alminivdmerwe@gmail.com,podcast,everyone,true,LI,,,,,,Mozilla/5.0
150058720,2024-10-11T05:05:21.125Z,nathanhaile11@gmail.com,podcast,everyone,true,US,,,,,,Mozilla/5.0
150058720,2024-10-11T22:29:18.830Z,joliefleur3435@gmail.com,podcast,everyone,true,US,,,,,,Mozilla/5.0 (Windows NT 5.1; rv:11.0) Gecko Firefox/11.0 (via ggpht.com GoogleImageProxy)
150058720,2024-10-13T14:57:26.949Z,djcart137@gmail.com,podcast,everyone,true,US,,,,,,Mozilla/5.0 (Windows NT 5.1; rv:11.0) Gecko Firefox/11.0 (via ggpht.com GoogleImageProxy)
150058720,2024-10-13T16:03:03.511Z,tyrickstarksatt@gmail.com,podcast,everyone,true,US,,,,,,Mozilla/5.0 (Windows NT 5.1; rv:11.0) Gecko Firefox/11.0 (via ggpht.com GoogleImageProxy)
150058720,2024-10-19T12:06:47.006Z,apollohlynch@gmail.com,podcast,everyone,true,US,,,,,,Mozilla/5.0
