post_id,timestamp,email,post_type,post_audience,active_subscription,country,city,region,device_type,client_os,client_type,user_agent
150067179,2024-10-10T19:16:38.780Z,ozs2@cornell.edu,podcast,everyone,true,US,,,,,,"Mozilla/5.0 (Windows NT 10.0; Win64; x64) AppleWebKit/537.36 (KHTML, like Gecko) Chrome/109.0.0.0 Safari/537.36"
150067179,2024-10-10T19:16:55.395Z,briana.j.carroll@gmail.com,podcast,everyone,true,US,,,,,,Mozilla/5.0 (Windows NT 5.1; rv:11.0) Gecko Firefox/11.0 (via ggpht.com GoogleImageProxy)
150067179,2024-10-10T19:18:02.551Z,tyrickstarksatt@gmail.com,podcast,everyone,true,US,,,,,,Mozilla/5.0 (Windows NT 5.1; rv:11.0) Gecko Firefox/11.0 (via ggpht.com GoogleImageProxy)
150067179,2024-10-10T19:36:44.232Z,dwightlyman@gmail.com,podcast,everyone,true,US,,,,,,Mozilla/5.0
150067179,2024-10-10T19:38:06.913Z,briana.j.carroll@gmail.com,podcast,everyone,true,US,,,,,,Mozilla/5.0 (Windows NT 5.1; rv:11.0) Gecko Firefox/11.0 (via ggpht.com GoogleImageProxy)
150067179,2024-10-10T19:41:55.369Z,dennis@burns.org,podcast,everyone,true,US,,,,,,Mozilla/4.0 (compatible; ms-office; MSOffice 16)
150067179,2024-10-10T19:41:55.369Z,dennis@burns.org,podcast,everyone,true,US,,,,,,Mozilla/4.0 (compatible; ms-office; MSOffice 16)
150067179,2024-10-10T19:49:44.491Z,alminivdmerwe@gmail.com,podcast,everyone,true,LI,,,,,,Mozilla/5.0
150067179,2024-10-10T19:54:41.609Z,borealspain@yahoo.co.uk,podcast,everyone,true,US,,,,,,Mozilla/5.0
150067179,2024-10-10T20:32:37.320Z,beansocolofsky@gmail.com,podcast,everyone,true,US,,,,,,Mozilla/5.0 (Windows NT 5.1; rv:11.0) Gecko Firefox/11.0 (via ggpht.com GoogleImageProxy)
150067179,2024-10-10T20:32:48.182Z,beansocolofsky@gmail.com,podcast,everyone,true,US,,,,,,Mozilla/5.0 (Windows NT 5.1; rv:11.0) Gecko Firefox/11.0 (via ggpht.com GoogleImageProxy)
150067179,2024-10-10T20:58:35.977Z,ianwilmoth@gmail.com,podcast,everyone,true,US,,,,,,Mozilla/5.0
150067179,2024-10-10T20:58:47.499Z,beansocolofsky@gmail.com,podcast,everyone,true,US,,,,,,Mozilla/5.0 (Windows NT 5.1; rv:11.0) Gecko Firefox/11.0 (via ggpht.com GoogleImageProxy)
150067179,2024-10-10T21:39:19.533Z,skyjensen@icloud.com,podcast,everyone,true,US,,,,,,Mozilla/5.0
150067179,2024-10-10T23:50:24.099Z,skyjensen@icloud.com,podcast,everyone,true,US,,,,,,Mozilla/5.0
150067179,2024-10-11T02:19:45.085Z,dwightlyman@gmail.com,podcast,everyone,true,US,,,,,,Mozilla/5.0
150067179,2024-10-11T02:20:47.270Z,rimbsweiler@yahoo.com,podcast,everyone,false,US,,,,,,Mozilla/5.0
150067179,2024-10-11T03:18:11.143Z,alminivdmerwe@gmail.com,podcast,everyone,true,LI,,,,,,Mozilla/5.0
150067179,2024-10-11T05:05:21.125Z,nathanhaile11@gmail.com,podcast,everyone,true,US,,,,,,Mozilla/5.0
150067179,2024-10-11T14:33:09.605Z,rimbsweiler@yahoo.com,podcast,everyone,false,US,,,,,,YahooMailProxy; https://help.yahoo.com/kb/yahoo-mail-proxy-SLN28749.html
150067179,2024-10-11T22:29:20.389Z,joliefleur3435@gmail.com,podcast,everyone,true,US,,,,,,Mozilla/5.0 (Windows NT 5.1; rv:11.0) Gecko Firefox/11.0 (via ggpht.com GoogleImageProxy)
150067179,2024-10-13T22:57:54.714Z,joliefleur3435@gmail.com,podcast,everyone,true,US,,,,,,Mozilla/5.0 (Windows NT 5.1; rv:11.0) Gecko Firefox/11.0 (via ggpht.com GoogleImageProxy)
150067179,2024-10-19T12:06:47.005Z,apollohlynch@gmail.com,podcast,everyone,true,US,,,,,,Mozilla/5.0
150067179,2024-10-28T12:41:43.025Z,gdg2018mm5@gmail.com,podcast,everyone,true,US,,,,,,Mozilla/5.0 (Windows NT 5.1; rv:11.0) Gecko Firefox/11.0 (via ggpht.com GoogleImageProxy)
