post_id,timestamp,email,post_type,post_audience,active_subscription
150098314,2025-02-09T20:35:43.459Z,Experimentalunit317@gmail.com,newsletter,everyone,false
150098314,2025-02-09T20:35:43.782Z,dwightlyman@gmail.com,newsletter,everyone,true
150098314,2025-02-09T20:35:43.871Z,beansocolofsky@gmail.com,newsletter,everyone,true
150098314,2025-02-09T20:35:43.984Z,justinaugustwellington@gmail.com,newsletter,everyone,true
150098314,2025-02-09T20:35:44.068Z,beer64925@gmail.com,newsletter,everyone,true
150098314,2025-02-09T20:35:44.070Z,zach.bartell.writer@gmail.com,newsletter,everyone,true
150098314,2025-02-09T20:35:44.101Z,evangelinepressblog@gmail.com,newsletter,everyone,true
150098314,2025-02-09T20:35:44.116Z,harrisbrian321@gmail.com,newsletter,everyone,true
150098314,2025-02-09T20:35:44.123Z,3d0f86f2-e17f-4f2a-8ca5-154e98f6d68a@deletion-request.substack.com,newsletter,everyone,true
150098314,2025-02-09T20:35:44.267Z,djcart137@gmail.com,newsletter,everyone,true
150098314,2025-02-09T20:35:44.284Z,mileswilsondc@gmail.com,newsletter,everyone,true
150098314,2025-02-09T20:35:44.438Z,adooleycox@gmail.com,newsletter,everyone,true
150098314,2025-02-09T20:35:44.447Z,rimbsweiler@yahoo.com,newsletter,everyone,false
150098314,2025-02-09T20:35:44.478Z,calebgrasse@gmail.com,newsletter,everyone,true
150098314,2025-02-09T20:35:44.512Z,Twadley@gmail.com,newsletter,everyone,true
150098314,2025-02-09T20:35:44.523Z,virknavkaur@gmail.com,newsletter,everyone,true
150098314,2025-02-09T20:35:44.532Z,zutorilla@gmail.com,newsletter,everyone,true
150098314,2025-02-09T20:35:44.639Z,rimbsweiler@gmail.com,newsletter,everyone,true
150098314,2025-02-09T20:35:44.658Z,rwlbmitchell@gmail.com,newsletter,everyone,true
150098314,2025-02-09T20:35:44.692Z,bky074a@gmail.com,newsletter,everyone,true
150098314,2025-02-09T20:35:44.692Z,mrnononsense02@gmail.com,newsletter,everyone,true
150098314,2025-02-09T20:35:44.701Z,briana.j.carroll@gmail.com,newsletter,everyone,true
150098314,2025-02-09T20:35:44.707Z,shien.getsuto@gmail.com,newsletter,everyone,true
150098314,2025-02-09T20:35:44.761Z,kadirgemici066@gmail.com,newsletter,everyone,true
150098314,2025-02-09T20:35:44.762Z,jasontrew@gmail.com,newsletter,everyone,true
150098314,2025-02-09T20:35:44.774Z,alminivdmerwe@gmail.com,newsletter,everyone,true
150098314,2025-02-09T20:35:44.947Z,ozs2@cornell.edu,newsletter,everyone,true
150098314,2025-02-09T20:35:45.175Z,lennoxgravox@gmail.com,newsletter,everyone,true
150098314,2025-02-09T20:35:45.239Z,nathanhaile11@gmail.com,newsletter,everyone,true
150098314,2025-02-09T20:35:45.247Z,ahershmc@aol.com,newsletter,everyone,true
150098314,2025-02-09T20:35:45.267Z,ianwilmoth@gmail.com,newsletter,everyone,true
150098314,2025-02-09T20:35:45.296Z,raynottwoodbead@gmail.com,newsletter,everyone,true
150098314,2025-02-09T20:35:45.322Z,semakpa@gmail.com,newsletter,everyone,true
150098314,2025-02-09T20:35:45.388Z,kalakaldruzuzu@gmail.com,newsletter,everyone,true
150098314,2025-02-09T20:35:45.415Z,gdg2018mm5@gmail.com,newsletter,everyone,true
150098314,2025-02-09T20:35:45.664Z,ptdaris@uol.com.br,newsletter,everyone,true
150098314,2025-02-09T20:35:45.699Z,apollohlynch@gmail.com,newsletter,everyone,true
150098314,2025-02-09T20:35:45.813Z,itzhak.samara@gmail.com,newsletter,everyone,true
150098314,2025-02-09T20:35:45.976Z,theory.nifty438@passinbox.com,newsletter,everyone,true
150098314,2025-02-09T20:35:46.100Z,borealspain@yahoo.co.uk,newsletter,everyone,true
150098314,2025-02-09T20:35:46.210Z,growlyted@gmail.com,newsletter,everyone,true
150098314,2025-02-09T20:35:47.085Z,dennis@burns.org,newsletter,everyone,true
150098314,2025-02-09T20:35:49.673Z,skyjensen@icloud.com,newsletter,everyone,true
