post_id,timestamp,email,post_type,post_audience,active_subscription
150102056,2024-10-11T15:48:14.000Z,Experimentalunit317@gmail.com,newsletter,everyone,false
150102056,2024-10-11T15:48:16.294Z,dwightlyman@gmail.com,newsletter,everyone,true
150102056,2024-10-11T15:48:16.436Z,beansocolofsky@gmail.com,newsletter,everyone,true
150102056,2024-10-11T15:48:17.311Z,rimbsweiler@yahoo.com,newsletter,everyone,false
150102056,2024-10-11T15:48:18.247Z,joliefleur3435@gmail.com,newsletter,everyone,true
150102056,2024-10-11T15:48:18.350Z,gdg2018mm5@gmail.com,newsletter,everyone,true
150102056,2024-10-11T15:48:18.375Z,kadirgemici066@gmail.com,newsletter,everyone,true
150102056,2024-10-11T15:48:18.494Z,justinaugustwellington@gmail.com,newsletter,everyone,true
150102056,2024-10-11T15:48:18.542Z,beer64925@gmail.com,newsletter,everyone,true
150102056,2024-10-11T15:48:18.576Z,raynottwoodbead@gmail.com,newsletter,everyone,true
150102056,2024-10-11T15:48:18.679Z,djcart137@gmail.com,newsletter,everyone,true
150102056,2024-10-11T15:48:18.807Z,mrnononsense02@gmail.com,newsletter,everyone,true
150102056,2024-10-11T15:48:18.817Z,nathanhaile11@gmail.com,newsletter,everyone,true
150102056,2024-10-11T15:48:18.842Z,zach.bartell.writer@gmail.com,newsletter,everyone,true
150102056,2024-10-11T15:48:18.871Z,kalakaldruzuzu@gmail.com,newsletter,everyone,true
150102056,2024-10-11T15:48:19.148Z,3d0f86f2-e17f-4f2a-8ca5-154e98f6d68a@deletion-request.substack.com,newsletter,everyone,true
150102056,2024-10-11T15:48:20.648Z,bky074a@gmail.com,newsletter,everyone,true
150102056,2024-10-11T15:48:20.799Z,alminivdmerwe@gmail.com,newsletter,everyone,true
150102056,2024-10-11T15:48:20.845Z,calebgrasse@gmail.com,newsletter,everyone,true
150102056,2024-10-11T15:48:20.866Z,rimbsweiler@gmail.com,newsletter,everyone,true
150102056,2024-10-11T15:48:20.890Z,Twadley@gmail.com,newsletter,everyone,true
150102056,2024-10-11T15:48:20.917Z,omarionburgess45@gmail.com,newsletter,everyone,true
150102056,2024-10-11T15:48:20.925Z,lennoxgravox@gmail.com,newsletter,everyone,true
150102056,2024-10-11T15:48:20.933Z,zutorilla@gmail.com,newsletter,everyone,true
150102056,2024-10-11T15:48:20.939Z,itzhak.samara@gmail.com,newsletter,everyone,true
150102056,2024-10-11T15:48:20.991Z,apollohlynch@gmail.com,newsletter,everyone,true
150102056,2024-10-11T15:48:21.000Z,ahershmc@aol.com,newsletter,everyone,true
150102056,2024-10-11T15:48:21.077Z,shien.getsuto@gmail.com,newsletter,everyone,true
150102056,2024-10-11T15:48:21.101Z,briana.j.carroll@gmail.com,newsletter,everyone,true
150102056,2024-10-11T15:48:21.291Z,ianwilmoth@gmail.com,newsletter,everyone,true
150102056,2024-10-11T15:48:21.506Z,tyrickstarksatt@gmail.com,newsletter,everyone,true
150102056,2024-10-11T15:48:22.367Z,borealspain@yahoo.co.uk,newsletter,everyone,true
150102056,2024-10-11T15:48:23.347Z,daniellemtobias@gmail.com,newsletter,everyone,true
150102056,2024-10-11T15:48:23.594Z,dennis@burns.org,newsletter,everyone,true
150102056,2024-10-11T15:48:23.607Z,ozs2@cornell.edu,newsletter,everyone,true
150102056,2024-10-11T15:48:23.649Z,adooleycox@gmail.com,newsletter,everyone,true
150102056,2024-10-11T15:48:25.574Z,skyjensen@icloud.com,newsletter,everyone,true
