post_id,timestamp,email,post_type,post_audience,active_subscription,country,city,region,device_type,client_os,client_type,user_agent
150102056,2024-10-11T15:49:07.058Z,ozs2@cornell.edu,newsletter,everyone,true,US,,,,,,"Mozilla/5.0 (Windows NT 10.0; Win64; x64) AppleWebKit/537.36 (KHTML, like Gecko) Chrome/109.0.0.0 Safari/537.36"
150102056,2024-10-11T15:50:55.604Z,briana.j.carroll@gmail.com,newsletter,everyone,true,US,,,,,,Mozilla/5.0 (Windows NT 5.1; rv:11.0) Gecko Firefox/11.0 (via ggpht.com GoogleImageProxy)
150102056,2024-10-11T16:14:07.567Z,borealspain@yahoo.co.uk,newsletter,everyone,true,US,,,,,,Mozilla/5.0
150102056,2024-10-11T16:45:43.330Z,dennis@burns.org,newsletter,everyone,true,US,,,,,,Mozilla/4.0 (compatible; ms-office; MSOffice 16)
150102056,2024-10-11T16:45:43.407Z,dennis@burns.org,newsletter,everyone,true,US,,,,,,Mozilla/4.0 (compatible; ms-office; MSOffice 16)
150102056,2024-10-11T17:08:13.978Z,rimbsweiler@yahoo.com,newsletter,everyone,false,US,,,,,,Mozilla/5.0
150102056,2024-10-11T17:52:34.458Z,ianwilmoth@gmail.com,newsletter,everyone,true,US,,,,,,Mozilla/5.0
150102056,2024-10-11T18:10:11.439Z,dennis@burns.org,newsletter,everyone,true,US,,,,,,Mozilla/4.0 (compatible; ms-office; MSOffice 16)
150102056,2024-10-11T18:10:11.453Z,dennis@burns.org,newsletter,everyone,true,US,,,,,,Mozilla/4.0 (compatible; ms-office; MSOffice 16)
150102056,2024-10-11T21:59:07.442Z,dennis@burns.org,newsletter,everyone,true,US,,,,,,Mozilla/4.0 (compatible; ms-office; MSOffice 16)
150102056,2024-10-11T21:59:07.563Z,dennis@burns.org,newsletter,everyone,true,US,,,,,,Mozilla/4.0 (compatible; ms-office; MSOffice 16)
150102056,2024-10-11T22:03:00.493Z,nathanhaile11@gmail.com,newsletter,everyone,true,US,,,,,,Mozilla/5.0 (Windows NT 5.1; rv:11.0) Gecko Firefox/11.0 (via ggpht.com GoogleImageProxy)
150102056,2024-10-12T08:34:52.572Z,alminivdmerwe@gmail.com,newsletter,everyone,true,LI,,,,,,Mozilla/5.0
150102056,2024-10-12T09:24:22.416Z,nathanhaile11@gmail.com,newsletter,everyone,true,US,,,,,,Mozilla/5.0
150102056,2024-10-19T11:47:08.955Z,apollohlynch@gmail.com,newsletter,everyone,true,US,,,,,,Mozilla/5.0
150102056,2024-10-24T20:17:10.886Z,borealspain@yahoo.co.uk,newsletter,everyone,true,US,,,,,,Mozilla/5.0
150102056,2024-10-28T19:41:07.746Z,alminivdmerwe@gmail.com,newsletter,everyone,true,LI,,,,,,Mozilla/5.0
150102056,2024-10-31T21:54:12.249Z,skyjensen@icloud.com,newsletter,everyone,true,US,,,,,,Mozilla/5.0
