post_id,timestamp,email,post_type,post_audience,active_subscription
150219793,2024-10-14T16:29:30.551Z,Experimentalunit317@gmail.com,newsletter,everyone,false
150219793,2024-10-14T16:29:33.064Z,rimbsweiler@yahoo.com,newsletter,everyone,false
150219793,2024-10-14T16:29:37.185Z,dwightlyman@gmail.com,newsletter,everyone,true
150219793,2024-10-14T16:29:37.457Z,beansocolofsky@gmail.com,newsletter,everyone,true
150219793,2024-10-14T16:29:37.540Z,raynottwoodbead@gmail.com,newsletter,everyone,true
150219793,2024-10-14T16:29:37.729Z,joliefleur3435@gmail.com,newsletter,everyone,true
150219793,2024-10-14T16:29:37.809Z,zach.bartell.writer@gmail.com,newsletter,everyone,true
150219793,2024-10-14T16:29:37.827Z,kalakaldruzuzu@gmail.com,newsletter,everyone,true
150219793,2024-10-14T16:29:37.949Z,djcart137@gmail.com,newsletter,everyone,true
150219793,2024-10-14T16:29:38.151Z,beer64925@gmail.com,newsletter,everyone,true
150219793,2024-10-14T16:29:38.274Z,3d0f86f2-e17f-4f2a-8ca5-154e98f6d68a@deletion-request.substack.com,newsletter,everyone,true
150219793,2024-10-14T16:29:38.851Z,nathanhaile11@gmail.com,newsletter,everyone,true
150219793,2024-10-14T16:29:38.868Z,justinaugustwellington@gmail.com,newsletter,everyone,true
150219793,2024-10-14T16:29:39.298Z,kadirgemici066@gmail.com,newsletter,everyone,true
150219793,2024-10-14T16:29:39.540Z,gdg2018mm5@gmail.com,newsletter,everyone,true
150219793,2024-10-14T16:29:39.806Z,mrnononsense02@gmail.com,newsletter,everyone,true
150219793,2024-10-14T16:29:43.015Z,alminivdmerwe@gmail.com,newsletter,everyone,true
150219793,2024-10-14T16:29:43.056Z,omarionburgess45@gmail.com,newsletter,everyone,true
150219793,2024-10-14T16:29:43.057Z,apollohlynch@gmail.com,newsletter,everyone,true
150219793,2024-10-14T16:29:43.074Z,bky074a@gmail.com,newsletter,everyone,true
150219793,2024-10-14T16:29:43.102Z,tyrickstarksatt@gmail.com,newsletter,everyone,true
150219793,2024-10-14T16:29:43.205Z,shien.getsuto@gmail.com,newsletter,everyone,true
150219793,2024-10-14T16:29:43.225Z,Twadley@gmail.com,newsletter,everyone,true
150219793,2024-10-14T16:29:43.262Z,rimbsweiler@gmail.com,newsletter,everyone,true
150219793,2024-10-14T16:29:43.492Z,ahershmc@aol.com,newsletter,everyone,true
150219793,2024-10-14T16:29:43.551Z,itzhak.samara@gmail.com,newsletter,everyone,true
150219793,2024-10-14T16:29:43.678Z,ianwilmoth@gmail.com,newsletter,everyone,true
150219793,2024-10-14T16:29:43.741Z,lennoxgravox@gmail.com,newsletter,everyone,true
150219793,2024-10-14T16:29:43.823Z,briana.j.carroll@gmail.com,newsletter,everyone,true
150219793,2024-10-14T16:29:43.835Z,calebgrasse@gmail.com,newsletter,everyone,true
150219793,2024-10-14T16:29:44.056Z,borealspain@yahoo.co.uk,newsletter,everyone,true
150219793,2024-10-14T16:29:44.288Z,zutorilla@gmail.com,newsletter,everyone,true
150219793,2024-10-14T16:29:45.214Z,daniellemtobias@gmail.com,newsletter,everyone,true
150219793,2024-10-14T16:29:46.433Z,dennis@burns.org,newsletter,everyone,true
150219793,2024-10-14T16:29:46.445Z,ozs2@cornell.edu,newsletter,everyone,true
150219793,2024-10-14T16:29:46.712Z,adooleycox@gmail.com,newsletter,everyone,true
150219793,2024-10-14T16:29:48.262Z,skyjensen@icloud.com,newsletter,everyone,true
