post_id,timestamp,email,post_type,post_audience,active_subscription
150357098,2024-10-17T15:35:41.753Z,Experimentalunit317@gmail.com,newsletter,everyone,false
150357098,2024-10-17T15:35:48.777Z,mileswilsondc@gmail.com,newsletter,everyone,true
150357098,2024-10-17T15:35:48.900Z,dwightlyman@gmail.com,newsletter,everyone,true
150357098,2024-10-17T15:35:49.098Z,rimbsweiler@yahoo.com,newsletter,everyone,false
150357098,2024-10-17T15:35:50.335Z,beansocolofsky@gmail.com,newsletter,everyone,true
150357098,2024-10-17T15:35:52.224Z,nathanhaile11@gmail.com,newsletter,everyone,true
150357098,2024-10-17T15:35:52.461Z,kadirgemici066@gmail.com,newsletter,everyone,true
150357098,2024-10-17T15:35:52.699Z,mrnononsense02@gmail.com,newsletter,everyone,true
150357098,2024-10-17T15:35:53.192Z,justinaugustwellington@gmail.com,newsletter,everyone,true
150357098,2024-10-17T15:35:53.340Z,gdg2018mm5@gmail.com,newsletter,everyone,true
150357098,2024-10-17T15:35:55.988Z,raynottwoodbead@gmail.com,newsletter,everyone,true
150357098,2024-10-17T15:35:56.096Z,zach.bartell.writer@gmail.com,newsletter,everyone,true
150357098,2024-10-17T15:35:56.096Z,3d0f86f2-e17f-4f2a-8ca5-154e98f6d68a@deletion-request.substack.com,newsletter,everyone,true
150357098,2024-10-17T15:35:56.204Z,beer64925@gmail.com,newsletter,everyone,true
150357098,2024-10-17T15:35:56.256Z,djcart137@gmail.com,newsletter,everyone,true
150357098,2024-10-17T15:35:56.601Z,kalakaldruzuzu@gmail.com,newsletter,everyone,true
150357098,2024-10-17T15:35:56.911Z,joliefleur3435@gmail.com,newsletter,everyone,true
150357098,2024-10-17T15:35:56.997Z,omarionburgess45@gmail.com,newsletter,everyone,true
150357098,2024-10-17T15:35:57.083Z,apollohlynch@gmail.com,newsletter,everyone,true
150357098,2024-10-17T15:35:57.106Z,briana.j.carroll@gmail.com,newsletter,everyone,true
150357098,2024-10-17T15:35:57.113Z,Twadley@gmail.com,newsletter,everyone,true
150357098,2024-10-17T15:35:57.131Z,alminivdmerwe@gmail.com,newsletter,everyone,true
150357098,2024-10-17T15:35:57.149Z,ianwilmoth@gmail.com,newsletter,everyone,true
150357098,2024-10-17T15:35:57.203Z,shien.getsuto@gmail.com,newsletter,everyone,true
150357098,2024-10-17T15:35:57.216Z,calebgrasse@gmail.com,newsletter,everyone,true
150357098,2024-10-17T15:35:57.404Z,rimbsweiler@gmail.com,newsletter,everyone,true
150357098,2024-10-17T15:35:57.738Z,bky074a@gmail.com,newsletter,everyone,true
150357098,2024-10-17T15:35:57.775Z,zutorilla@gmail.com,newsletter,everyone,true
150357098,2024-10-17T15:35:57.884Z,tyrickstarksatt@gmail.com,newsletter,everyone,true
150357098,2024-10-17T15:35:57.977Z,ahershmc@aol.com,newsletter,everyone,true
150357098,2024-10-17T15:35:57.991Z,itzhak.samara@gmail.com,newsletter,everyone,true
150357098,2024-10-17T15:35:58.095Z,lennoxgravox@gmail.com,newsletter,everyone,true
150357098,2024-10-17T15:35:58.807Z,borealspain@yahoo.co.uk,newsletter,everyone,true
150357098,2024-10-17T15:35:59.285Z,daniellemtobias@gmail.com,newsletter,everyone,true
150357098,2024-10-17T15:35:59.294Z,adooleycox@gmail.com,newsletter,everyone,true
150357098,2024-10-17T15:36:00.153Z,theory.nifty438@passinbox.com,newsletter,everyone,true
150357098,2024-10-17T15:36:00.340Z,ozs2@cornell.edu,newsletter,everyone,true
150357098,2024-10-17T15:36:01.007Z,dennis@burns.org,newsletter,everyone,true
150357098,2024-10-17T15:36:23.048Z,skyjensen@icloud.com,newsletter,everyone,true
