post_id,timestamp,email,post_type,post_audience,active_subscription,country,city,region,device_type,client_os,client_type,user_agent
150357098,2024-10-17T15:37:13.630Z,ozs2@cornell.edu,newsletter,everyone,true,US,,,,,,"Mozilla/5.0 (Windows NT 10.0; Win64; x64) AppleWebKit/537.36 (KHTML, like Gecko) Chrome/109.0.0.0 Safari/537.36"
150357098,2024-10-17T15:42:18.370Z,briana.j.carroll@gmail.com,newsletter,everyone,true,US,,,,,,Mozilla/5.0 (Windows NT 5.1; rv:11.0) Gecko Firefox/11.0 (via ggpht.com GoogleImageProxy)
150357098,2024-10-17T15:57:52.847Z,briana.j.carroll@gmail.com,newsletter,everyone,true,US,,,,,,Mozilla/5.0 (Windows NT 5.1; rv:11.0) Gecko Firefox/11.0 (via ggpht.com GoogleImageProxy)
150357098,2024-10-17T16:00:46.693Z,briana.j.carroll@gmail.com,newsletter,everyone,true,US,,,,,,Mozilla/5.0 (Windows NT 5.1; rv:11.0) Gecko Firefox/11.0 (via ggpht.com GoogleImageProxy)
150357098,2024-10-17T16:38:39.925Z,borealspain@yahoo.co.uk,newsletter,everyone,true,US,,,,,,Mozilla/5.0
150357098,2024-10-17T16:45:34.074Z,djcart137@gmail.com,newsletter,everyone,true,US,,,,,,Mozilla/5.0 (Windows NT 5.1; rv:11.0) Gecko Firefox/11.0 (via ggpht.com GoogleImageProxy)
150357098,2024-10-17T16:47:16.085Z,skyjensen@icloud.com,newsletter,everyone,true,US,,,,,,Mozilla/5.0
150357098,2024-10-17T17:13:39.409Z,mileswilsondc@gmail.com,newsletter,everyone,true,GB,,,,,,Mozilla/5.0
150357098,2024-10-17T18:28:00.660Z,nathanhaile11@gmail.com,newsletter,everyone,true,US,,,,,,Mozilla/5.0 (Windows NT 5.1; rv:11.0) Gecko Firefox/11.0 (via ggpht.com GoogleImageProxy)
150357098,2024-10-17T18:29:09.483Z,nathanhaile11@gmail.com,newsletter,everyone,true,US,,,,,,Mozilla/5.0 (Windows NT 5.1; rv:11.0) Gecko Firefox/11.0 (via ggpht.com GoogleImageProxy)
150357098,2024-10-17T19:31:47.000Z,Experimentalunit317@gmail.com,newsletter,everyone,false,US,,,,,,Mozilla/5.0 (Windows NT 5.1; rv:11.0) Gecko Firefox/11.0 (via ggpht.com GoogleImageProxy)
150357098,2024-10-17T20:27:17.507Z,zutorilla@gmail.com,newsletter,everyone,true,US,,,,,,Mozilla/5.0 (Windows NT 5.1; rv:11.0) Gecko Firefox/11.0 (via ggpht.com GoogleImageProxy)
150357098,2024-10-17T20:31:27.283Z,3d0f86f2-e17f-4f2a-8ca5-154e98f6d68a@deletion-request.substack.com,newsletter,everyone,true,US,,,,,,Mozilla/5.0 (Windows NT 5.1; rv:11.0) Gecko Firefox/11.0 (via ggpht.com GoogleImageProxy)
150357098,2024-10-17T20:31:33.623Z,3d0f86f2-e17f-4f2a-8ca5-154e98f6d68a@deletion-request.substack.com,newsletter,everyone,true,US,,,,,,Mozilla/5.0 (Windows NT 5.1; rv:11.0) Gecko Firefox/11.0 (via ggpht.com GoogleImageProxy)
150357098,2024-10-17T23:22:30.013Z,tyrickstarksatt@gmail.com,newsletter,everyone,true,US,,,,,,Mozilla/5.0 (Windows NT 5.1; rv:11.0) Gecko Firefox/11.0 (via ggpht.com GoogleImageProxy)
150357098,2024-10-17T23:48:53.238Z,ianwilmoth@gmail.com,newsletter,everyone,true,US,,,,,,Mozilla/5.0
150357098,2024-10-18T02:20:44.268Z,rimbsweiler@yahoo.com,newsletter,everyone,false,US,,,,,,Mozilla/5.0
150357098,2024-10-18T06:44:15.952Z,nathanhaile11@gmail.com,newsletter,everyone,true,US,,,,,,Mozilla/5.0
150357098,2024-10-18T14:24:42.506Z,skyjensen@icloud.com,newsletter,everyone,true,US,,,,,,Mozilla/5.0
150357098,2024-10-18T20:20:57.024Z,alminivdmerwe@gmail.com,newsletter,everyone,true,LI,,,,,,Mozilla/5.0
150357098,2024-10-18T23:55:37.710Z,bky074a@gmail.com,newsletter,everyone,true,US,,,,,,Mozilla/5.0 (Windows NT 5.1; rv:11.0) Gecko Firefox/11.0 (via ggpht.com GoogleImageProxy)
150357098,2024-10-19T14:09:17.961Z,apollohlynch@gmail.com,newsletter,everyone,true,US,,,,,,Mozilla/5.0
150357098,2024-10-20T07:52:51.554Z,apollohlynch@gmail.com,newsletter,everyone,true,US,,,,,,Mozilla/5.0 (Windows NT 5.1; rv:11.0) Gecko Firefox/11.0 (via ggpht.com GoogleImageProxy)
150357098,2024-10-20T10:51:38.652Z,alminivdmerwe@gmail.com,newsletter,everyone,true,LI,,,,,,Mozilla/5.0
150357098,2024-10-28T14:57:11.902Z,zach.bartell.writer@gmail.com,newsletter,everyone,true,US,,,,,,Mozilla/5.0
