post_id,timestamp,email,post_type,post_audience,active_subscription
150987967,2024-10-31T15:30:03.430Z,Experimentalunit317@gmail.com,podcast,everyone,false
150987967,2024-10-31T15:30:05.714Z,rimbsweiler@yahoo.com,podcast,everyone,false
150987967,2024-10-31T15:30:06.138Z,beansocolofsky@gmail.com,podcast,everyone,true
150987967,2024-10-31T15:30:06.175Z,dwightlyman@gmail.com,podcast,everyone,true
150987967,2024-10-31T15:30:06.894Z,mileswilsondc@gmail.com,podcast,everyone,true
150987967,2024-10-31T15:30:13.098Z,kalakaldruzuzu@gmail.com,podcast,everyone,true
150987967,2024-10-31T15:30:13.118Z,djcart137@gmail.com,podcast,everyone,true
150987967,2024-10-31T15:30:13.195Z,raynottwoodbead@gmail.com,podcast,everyone,true
150987967,2024-10-31T15:30:13.197Z,zach.bartell.writer@gmail.com,podcast,everyone,true
150987967,2024-10-31T15:30:13.323Z,beer64925@gmail.com,podcast,everyone,true
150987967,2024-10-31T15:30:13.324Z,3d0f86f2-e17f-4f2a-8ca5-154e98f6d68a@deletion-request.substack.com,podcast,everyone,true
150987967,2024-10-31T15:30:13.347Z,gdg2018mm5@gmail.com,podcast,everyone,true
150987967,2024-10-31T15:30:13.423Z,mrnononsense02@gmail.com,podcast,everyone,true
150987967,2024-10-31T15:30:13.451Z,nathanhaile11@gmail.com,podcast,everyone,true
150987967,2024-10-31T15:30:13.656Z,kadirgemici066@gmail.com,podcast,everyone,true
150987967,2024-10-31T15:30:13.785Z,joliefleur3435@gmail.com,podcast,everyone,true
150987967,2024-10-31T15:30:13.785Z,justinaugustwellington@gmail.com,podcast,everyone,true
150987967,2024-10-31T15:30:16.009Z,calebgrasse@gmail.com,podcast,everyone,true
150987967,2024-10-31T15:30:16.076Z,alminivdmerwe@gmail.com,podcast,everyone,true
150987967,2024-10-31T15:30:16.150Z,itzhak.samara@gmail.com,podcast,everyone,true
150987967,2024-10-31T15:30:16.300Z,rimbsweiler@gmail.com,podcast,everyone,true
150987967,2024-10-31T15:30:16.300Z,Twadley@gmail.com,podcast,everyone,true
150987967,2024-10-31T15:30:16.304Z,apollohlynch@gmail.com,podcast,everyone,true
150987967,2024-10-31T15:30:16.304Z,ianwilmoth@gmail.com,podcast,everyone,true
150987967,2024-10-31T15:30:16.309Z,tyrickstarksatt@gmail.com,podcast,everyone,true
150987967,2024-10-31T15:30:16.359Z,omarionburgess45@gmail.com,podcast,everyone,true
150987967,2024-10-31T15:30:16.390Z,shien.getsuto@gmail.com,podcast,everyone,true
150987967,2024-10-31T15:30:16.390Z,rwlbmitchell@gmail.com,podcast,everyone,true
150987967,2024-10-31T15:30:16.409Z,zutorilla@gmail.com,podcast,everyone,true
150987967,2024-10-31T15:30:16.434Z,bky074a@gmail.com,podcast,everyone,true
150987967,2024-10-31T15:30:16.434Z,briana.j.carroll@gmail.com,podcast,everyone,true
150987967,2024-10-31T15:30:16.469Z,lennoxgravox@gmail.com,podcast,everyone,true
150987967,2024-10-31T15:30:16.689Z,ahershmc@aol.com,podcast,everyone,true
150987967,2024-10-31T15:30:17.768Z,theory.nifty438@passinbox.com,podcast,everyone,true
150987967,2024-10-31T15:30:17.922Z,borealspain@yahoo.co.uk,podcast,everyone,true
150987967,2024-10-31T15:30:18.869Z,adooleycox@gmail.com,podcast,everyone,true
150987967,2024-10-31T15:30:19.024Z,daniellemtobias@gmail.com,podcast,everyone,true
150987967,2024-10-31T15:30:19.591Z,dennis@burns.org,podcast,everyone,true
150987967,2024-10-31T15:30:20.292Z,ozs2@cornell.edu,podcast,everyone,true
