post_id,timestamp,email,post_type,post_audience,active_subscription,country,city,region,device_type,client_os,client_type,user_agent
150987967,2024-10-31T15:30:31.268Z,Experimentalunit317@gmail.com,podcast,everyone,false,US,,,,,,Mozilla/5.0 (Windows NT 5.1; rv:11.0) Gecko Firefox/11.0 (via ggpht.com GoogleImageProxy)
150987967,2024-10-31T15:36:37.028Z,apollohlynch@gmail.com,podcast,everyone,true,US,,,,,,Mozilla/5.0 (Windows NT 5.1; rv:11.0) Gecko Firefox/11.0 (via ggpht.com GoogleImageProxy)
150987967,2024-10-31T15:38:27.078Z,borealspain@yahoo.co.uk,podcast,everyone,true,US,,,,,,Mozilla/5.0
150987967,2024-10-31T15:40:14.148Z,nathanhaile11@gmail.com,podcast,everyone,true,US,,,,,,Mozilla/5.0 (Windows NT 5.1; rv:11.0) Gecko Firefox/11.0 (via ggpht.com GoogleImageProxy)
150987967,2024-10-31T15:46:08.014Z,rimbsweiler@yahoo.com,podcast,everyone,false,US,,,,,,YahooMailProxy; https://help.yahoo.com/kb/yahoo-mail-proxy-SLN28749.html
150987967,2024-10-31T16:26:16.463Z,ianwilmoth@gmail.com,podcast,everyone,true,US,,,,,,Mozilla/5.0
150987967,2024-10-31T17:47:33.245Z,mileswilsondc@gmail.com,podcast,everyone,true,GB,,,,,,Mozilla/5.0
150987967,2024-10-31T18:34:31.661Z,dwightlyman@gmail.com,podcast,everyone,true,US,,,,,,Mozilla/5.0
150987967,2024-10-31T19:53:20.633Z,ianwilmoth@gmail.com,podcast,everyone,true,US,,,,,,Mozilla/5.0 (Windows NT 5.1; rv:11.0) Gecko Firefox/11.0 (via ggpht.com GoogleImageProxy)
150987967,2024-10-31T20:33:42.550Z,rimbsweiler@yahoo.com,podcast,everyone,false,US,,,,,,Mozilla/5.0
150987967,2024-10-31T21:58:33.907Z,djcart137@gmail.com,podcast,everyone,true,US,,,,,,Mozilla/5.0 (Windows NT 5.1; rv:11.0) Gecko Firefox/11.0 (via ggpht.com GoogleImageProxy)
150987967,2024-10-31T22:26:02.666Z,omarionburgess45@gmail.com,podcast,everyone,true,US,,,,,,Mozilla/5.0 (Windows NT 5.1; rv:11.0) Gecko Firefox/11.0 (via ggpht.com GoogleImageProxy)
150987967,2024-11-01T00:03:12.769Z,rwlbmitchell@gmail.com,podcast,everyone,true,US,,,,,,Mozilla/5.0 (Windows NT 5.1; rv:11.0) Gecko Firefox/11.0 (via ggpht.com GoogleImageProxy)
150987967,2024-11-01T01:08:34.196Z,apollohlynch@gmail.com,podcast,everyone,true,US,,,,,,Mozilla/5.0
150987967,2024-11-01T05:13:13.395Z,nathanhaile11@gmail.com,podcast,everyone,true,US,,,,,,Mozilla/5.0
150987967,2024-11-01T07:18:43.103Z,Experimentalunit317@gmail.com,podcast,everyone,false,US,,,,,,Mozilla/5.0 (Windows NT 5.1; rv:11.0) Gecko Firefox/11.0 (via ggpht.com GoogleImageProxy)
150987967,2024-11-01T11:23:42.278Z,alminivdmerwe@gmail.com,podcast,everyone,true,LI,,,,,,Mozilla/5.0
150987967,2024-11-01T17:52:04.922Z,alminivdmerwe@gmail.com,podcast,everyone,true,LI,,,,,,Mozilla/5.0
150987967,2024-11-03T16:30:26.311Z,zach.bartell.writer@gmail.com,podcast,everyone,true,US,,,,,,Mozilla/5.0
150987967,2024-11-04T23:20:57.296Z,omarionburgess45@gmail.com,podcast,everyone,true,US,,,,,,Mozilla/5.0 (Windows NT 5.1; rv:11.0) Gecko Firefox/11.0 (via ggpht.com GoogleImageProxy)
150987967,2024-11-13T12:12:58.960Z,tyrickstarksatt@gmail.com,podcast,everyone,true,US,,,,,,Mozilla/5.0 (Windows NT 5.1; rv:11.0) Gecko Firefox/11.0 (via ggpht.com GoogleImageProxy)
