post_id,timestamp,email,post_type,post_audience,active_subscription
151045224,2024-11-01T23:10:58.391Z,dwightlyman@gmail.com,newsletter,everyone,true
151045224,2024-11-01T23:10:58.469Z,beansocolofsky@gmail.com,newsletter,everyone,true
151045224,2024-11-01T23:10:58.518Z,mileswilsondc@gmail.com,newsletter,everyone,true
151045224,2024-11-01T23:10:59.177Z,Experimentalunit317@gmail.com,newsletter,everyone,false
151045224,2024-11-01T23:10:59.225Z,nathanhaile11@gmail.com,newsletter,everyone,true
151045224,2024-11-01T23:10:59.289Z,kadirgemici066@gmail.com,newsletter,everyone,true
151045224,2024-11-01T23:10:59.374Z,gdg2018mm5@gmail.com,newsletter,everyone,true
151045224,2024-11-01T23:11:00.030Z,justinaugustwellington@gmail.com,newsletter,everyone,true
151045224,2024-11-01T23:11:00.154Z,rimbsweiler@yahoo.com,newsletter,everyone,false
151045224,2024-11-01T23:11:00.452Z,mrnononsense02@gmail.com,newsletter,everyone,true
151045224,2024-11-01T23:11:00.692Z,briana.j.carroll@gmail.com,newsletter,everyone,true
151045224,2024-11-01T23:11:00.708Z,alminivdmerwe@gmail.com,newsletter,everyone,true
151045224,2024-11-01T23:11:00.831Z,tyrickstarksatt@gmail.com,newsletter,everyone,true
151045224,2024-11-01T23:11:00.834Z,zutorilla@gmail.com,newsletter,everyone,true
151045224,2024-11-01T23:11:00.846Z,bky074a@gmail.com,newsletter,everyone,true
151045224,2024-11-01T23:11:00.851Z,rimbsweiler@gmail.com,newsletter,everyone,true
151045224,2024-11-01T23:11:00.870Z,Twadley@gmail.com,newsletter,everyone,true
151045224,2024-11-01T23:11:00.880Z,apollohlynch@gmail.com,newsletter,everyone,true
151045224,2024-11-01T23:11:00.899Z,ianwilmoth@gmail.com,newsletter,everyone,true
151045224,2024-11-01T23:11:00.961Z,shien.getsuto@gmail.com,newsletter,everyone,true
151045224,2024-11-01T23:11:00.975Z,borealspain@yahoo.co.uk,newsletter,everyone,true
151045224,2024-11-01T23:11:01.005Z,calebgrasse@gmail.com,newsletter,everyone,true
151045224,2024-11-01T23:11:01.085Z,ahershmc@aol.com,newsletter,everyone,true
151045224,2024-11-01T23:11:01.166Z,daniellemtobias@gmail.com,newsletter,everyone,true
151045224,2024-11-01T23:11:01.194Z,lennoxgravox@gmail.com,newsletter,everyone,true
151045224,2024-11-01T23:11:01.226Z,adooleycox@gmail.com,newsletter,everyone,true
151045224,2024-11-01T23:11:01.227Z,ozs2@cornell.edu,newsletter,everyone,true
151045224,2024-11-01T23:11:01.234Z,itzhak.samara@gmail.com,newsletter,everyone,true
151045224,2024-11-01T23:11:01.313Z,rwlbmitchell@gmail.com,newsletter,everyone,true
151045224,2024-11-01T23:11:02.188Z,3d0f86f2-e17f-4f2a-8ca5-154e98f6d68a@deletion-request.substack.com,newsletter,everyone,true
151045224,2024-11-01T23:11:02.285Z,djcart137@gmail.com,newsletter,everyone,true
151045224,2024-11-01T23:11:02.410Z,raynottwoodbead@gmail.com,newsletter,everyone,true
151045224,2024-11-01T23:11:02.413Z,zach.bartell.writer@gmail.com,newsletter,everyone,true
151045224,2024-11-01T23:11:02.622Z,joliefleur3435@gmail.com,newsletter,everyone,true
151045224,2024-11-01T23:11:02.690Z,beer64925@gmail.com,newsletter,everyone,true
151045224,2024-11-01T23:11:02.726Z,kalakaldruzuzu@gmail.com,newsletter,everyone,true
151045224,2024-11-01T23:11:03.242Z,theory.nifty438@passinbox.com,newsletter,everyone,true
151045224,2024-11-01T23:11:04.110Z,dennis@burns.org,newsletter,everyone,true
151045224,2024-11-01T23:11:05.604Z,skyjensen@icloud.com,newsletter,everyone,true
