post_id,timestamp,email,post_type,post_audience,active_subscription
151052459,2025-02-09T19:32:54.438Z,Experimentalunit317@gmail.com,newsletter,everyone,false
151052459,2025-02-09T19:32:54.520Z,rimbsweiler@yahoo.com,newsletter,everyone,false
151052459,2025-02-09T19:32:54.906Z,dwightlyman@gmail.com,newsletter,everyone,true
151052459,2025-02-09T19:32:55.141Z,zach.bartell.writer@gmail.com,newsletter,everyone,true
151052459,2025-02-09T19:32:55.142Z,beansocolofsky@gmail.com,newsletter,everyone,true
151052459,2025-02-09T19:32:55.183Z,beer64925@gmail.com,newsletter,everyone,true
151052459,2025-02-09T19:32:55.229Z,harrisbrian321@gmail.com,newsletter,everyone,true
151052459,2025-02-09T19:32:55.290Z,raynottwoodbead@gmail.com,newsletter,everyone,true
151052459,2025-02-09T19:32:55.334Z,mrnononsense02@gmail.com,newsletter,everyone,true
151052459,2025-02-09T19:32:55.382Z,kadirgemici066@gmail.com,newsletter,everyone,true
151052459,2025-02-09T19:32:55.408Z,justinaugustwellington@gmail.com,newsletter,everyone,true
151052459,2025-02-09T19:32:55.440Z,nathanhaile11@gmail.com,newsletter,everyone,true
151052459,2025-02-09T19:32:55.449Z,evangelinepressblog@gmail.com,newsletter,everyone,true
151052459,2025-02-09T19:32:55.568Z,kalakaldruzuzu@gmail.com,newsletter,everyone,true
151052459,2025-02-09T19:32:55.669Z,adooleycox@gmail.com,newsletter,everyone,true
151052459,2025-02-09T19:32:55.716Z,mileswilsondc@gmail.com,newsletter,everyone,true
151052459,2025-02-09T19:32:55.768Z,djcart137@gmail.com,newsletter,everyone,true
151052459,2025-02-09T19:32:55.830Z,lennoxgravox@gmail.com,newsletter,everyone,true
151052459,2025-02-09T19:32:55.844Z,3d0f86f2-e17f-4f2a-8ca5-154e98f6d68a@deletion-request.substack.com,newsletter,everyone,true
151052459,2025-02-09T19:32:55.854Z,bky074a@gmail.com,newsletter,everyone,true
151052459,2025-02-09T19:32:55.863Z,gdg2018mm5@gmail.com,newsletter,everyone,true
151052459,2025-02-09T19:32:55.932Z,semakpa@gmail.com,newsletter,everyone,true
151052459,2025-02-09T19:32:55.960Z,briana.j.carroll@gmail.com,newsletter,everyone,true
151052459,2025-02-09T19:32:55.964Z,alminivdmerwe@gmail.com,newsletter,everyone,true
151052459,2025-02-09T19:32:55.987Z,ianwilmoth@gmail.com,newsletter,everyone,true
151052459,2025-02-09T19:32:56.014Z,calebgrasse@gmail.com,newsletter,everyone,true
151052459,2025-02-09T19:32:56.108Z,jasontrew@gmail.com,newsletter,everyone,true
151052459,2025-02-09T19:32:56.128Z,rimbsweiler@gmail.com,newsletter,everyone,true
151052459,2025-02-09T19:32:56.172Z,growlyted@gmail.com,newsletter,everyone,true
151052459,2025-02-09T19:32:56.183Z,apollohlynch@gmail.com,newsletter,everyone,true
151052459,2025-02-09T19:32:56.473Z,Twadley@gmail.com,newsletter,everyone,true
151052459,2025-02-09T19:32:56.543Z,ozs2@cornell.edu,newsletter,everyone,true
151052459,2025-02-09T19:32:56.557Z,ahershmc@aol.com,newsletter,everyone,true
151052459,2025-02-09T19:32:56.584Z,shien.getsuto@gmail.com,newsletter,everyone,true
151052459,2025-02-09T19:32:56.637Z,rwlbmitchell@gmail.com,newsletter,everyone,true
151052459,2025-02-09T19:32:56.647Z,itzhak.samara@gmail.com,newsletter,everyone,true
151052459,2025-02-09T19:32:56.827Z,virknavkaur@gmail.com,newsletter,everyone,true
151052459,2025-02-09T19:32:56.918Z,zutorilla@gmail.com,newsletter,everyone,true
151052459,2025-02-09T19:32:57.654Z,ptdaris@uol.com.br,newsletter,everyone,true
151052459,2025-02-09T19:32:57.782Z,borealspain@yahoo.co.uk,newsletter,everyone,true
151052459,2025-02-09T19:32:57.986Z,theory.nifty438@passinbox.com,newsletter,everyone,true
151052459,2025-02-09T19:33:00.118Z,dennis@burns.org,newsletter,everyone,true
151052459,2025-02-09T19:33:00.464Z,skyjensen@icloud.com,newsletter,everyone,true
