post_id,timestamp,email,post_type,post_audience,active_subscription
151052395,2025-02-09T19:34:00.322Z,Experimentalunit317@gmail.com,newsletter,everyone,false
151052395,2025-02-09T19:34:01.019Z,rimbsweiler@yahoo.com,newsletter,everyone,false
151052395,2025-02-09T19:34:01.351Z,dwightlyman@gmail.com,newsletter,everyone,true
151052395,2025-02-09T19:34:01.358Z,justinaugustwellington@gmail.com,newsletter,everyone,true
151052395,2025-02-09T19:34:01.406Z,nathanhaile11@gmail.com,newsletter,everyone,true
151052395,2025-02-09T19:34:01.418Z,kadirgemici066@gmail.com,newsletter,everyone,true
151052395,2025-02-09T19:34:01.448Z,gdg2018mm5@gmail.com,newsletter,everyone,true
151052395,2025-02-09T19:34:01.505Z,mrnononsense02@gmail.com,newsletter,everyone,true
151052395,2025-02-09T19:34:01.588Z,beansocolofsky@gmail.com,newsletter,everyone,true
151052395,2025-02-09T19:34:01.650Z,evangelinepressblog@gmail.com,newsletter,everyone,true
151052395,2025-02-09T19:34:01.689Z,lennoxgravox@gmail.com,newsletter,everyone,true
151052395,2025-02-09T19:34:01.801Z,calebgrasse@gmail.com,newsletter,everyone,true
151052395,2025-02-09T19:34:01.902Z,shien.getsuto@gmail.com,newsletter,everyone,true
151052395,2025-02-09T19:34:01.904Z,harrisbrian321@gmail.com,newsletter,everyone,true
151052395,2025-02-09T19:34:01.931Z,kalakaldruzuzu@gmail.com,newsletter,everyone,true
151052395,2025-02-09T19:34:01.949Z,apollohlynch@gmail.com,newsletter,everyone,true
151052395,2025-02-09T19:34:01.957Z,itzhak.samara@gmail.com,newsletter,everyone,true
151052395,2025-02-09T19:34:01.964Z,raynottwoodbead@gmail.com,newsletter,everyone,true
151052395,2025-02-09T19:34:01.995Z,mileswilsondc@gmail.com,newsletter,everyone,true
151052395,2025-02-09T19:34:02.003Z,adooleycox@gmail.com,newsletter,everyone,true
151052395,2025-02-09T19:34:02.013Z,growlyted@gmail.com,newsletter,everyone,true
151052395,2025-02-09T19:34:02.015Z,djcart137@gmail.com,newsletter,everyone,true
151052395,2025-02-09T19:34:02.026Z,ianwilmoth@gmail.com,newsletter,everyone,true
151052395,2025-02-09T19:34:02.039Z,alminivdmerwe@gmail.com,newsletter,everyone,true
151052395,2025-02-09T19:34:02.077Z,3d0f86f2-e17f-4f2a-8ca5-154e98f6d68a@deletion-request.substack.com,newsletter,everyone,true
151052395,2025-02-09T19:34:02.087Z,beer64925@gmail.com,newsletter,everyone,true
151052395,2025-02-09T19:34:02.090Z,zach.bartell.writer@gmail.com,newsletter,everyone,true
151052395,2025-02-09T19:34:02.378Z,briana.j.carroll@gmail.com,newsletter,everyone,true
151052395,2025-02-09T19:34:02.420Z,bky074a@gmail.com,newsletter,everyone,true
151052395,2025-02-09T19:34:02.461Z,rimbsweiler@gmail.com,newsletter,everyone,true
151052395,2025-02-09T19:34:02.463Z,ptdaris@uol.com.br,newsletter,everyone,true
151052395,2025-02-09T19:34:02.891Z,jasontrew@gmail.com,newsletter,everyone,true
151052395,2025-02-09T19:34:02.981Z,borealspain@yahoo.co.uk,newsletter,everyone,true
151052395,2025-02-09T19:34:03.075Z,Twadley@gmail.com,newsletter,everyone,true
151052395,2025-02-09T19:34:03.159Z,semakpa@gmail.com,newsletter,everyone,true
151052395,2025-02-09T19:34:03.293Z,rwlbmitchell@gmail.com,newsletter,everyone,true
151052395,2025-02-09T19:34:03.311Z,zutorilla@gmail.com,newsletter,everyone,true
151052395,2025-02-09T19:34:03.351Z,ozs2@cornell.edu,newsletter,everyone,true
151052395,2025-02-09T19:34:03.381Z,ahershmc@aol.com,newsletter,everyone,true
151052395,2025-02-09T19:34:03.429Z,virknavkaur@gmail.com,newsletter,everyone,true
151052395,2025-02-09T19:34:03.759Z,theory.nifty438@passinbox.com,newsletter,everyone,true
151052395,2025-02-09T19:34:05.085Z,dennis@burns.org,newsletter,everyone,true
151052395,2025-02-09T19:34:07.070Z,skyjensen@icloud.com,newsletter,everyone,true
