post_id,timestamp,email,post_type,post_audience,active_subscription,country,city,region,device_type,client_os,client_type,user_agent
151052395,2025-02-09T19:42:55.398Z,dwightlyman@gmail.com,newsletter,everyone,true,US,,,,,,Mozilla/5.0
151052395,2025-02-09T19:44:46.047Z,jasontrew@gmail.com,newsletter,everyone,true,US,,,,,,Mozilla/5.0 (Windows NT 5.1; rv:11.0) Gecko Firefox/11.0 (via ggpht.com GoogleImageProxy)
151052395,2025-02-09T19:49:06.018Z,skyjensen@icloud.com,newsletter,everyone,true,US,,,,,,Mozilla/5.0
151052395,2025-02-09T19:57:46.687Z,briana.j.carroll@gmail.com,newsletter,everyone,true,US,,,,,,Mozilla/5.0 (Windows NT 5.1; rv:11.0) Gecko Firefox/11.0 (via ggpht.com GoogleImageProxy)
151052395,2025-02-09T20:16:11.620Z,borealspain@yahoo.co.uk,newsletter,everyone,true,US,,,,,,Mozilla/5.0
151052395,2025-02-09T20:26:20.385Z,alminivdmerwe@gmail.com,newsletter,everyone,true,LI,,,,,,Mozilla/5.0
151052395,2025-02-09T20:53:27.738Z,mileswilsondc@gmail.com,newsletter,everyone,true,US,,,,,,Mozilla/5.0 (Windows NT 5.1; rv:11.0) Gecko Firefox/11.0 (via ggpht.com GoogleImageProxy)
151052395,2025-02-09T20:54:03.239Z,mileswilsondc@gmail.com,newsletter,everyone,true,US,,,,,,Mozilla/5.0
151052395,2025-02-10T00:34:40.323Z,dwightlyman@gmail.com,newsletter,everyone,true,US,,,,,,Mozilla/5.0
151052395,2025-02-10T03:30:22.479Z,ianwilmoth@gmail.com,newsletter,everyone,true,US,,,,,,Mozilla/5.0
151052395,2025-02-10T04:17:00.874Z,jasontrew@gmail.com,newsletter,everyone,true,US,,,,,,Mozilla/5.0
151052395,2025-02-10T05:02:59.316Z,skyjensen@icloud.com,newsletter,everyone,true,US,,,,,,Mozilla/5.0
151052395,2025-02-10T07:55:49.112Z,alminivdmerwe@gmail.com,newsletter,everyone,true,LI,,,,,,Mozilla/5.0
151052395,2025-02-10T12:03:51.530Z,bky074a@gmail.com,newsletter,everyone,true,US,,,,,,Mozilla/5.0 (Windows NT 5.1; rv:11.0) Gecko Firefox/11.0 (via ggpht.com GoogleImageProxy)
151052395,2025-02-10T14:29:30.237Z,rimbsweiler@yahoo.com,newsletter,everyone,false,US,,,,,,Mozilla/5.0
151052395,2025-02-10T15:29:53.298Z,apollohlynch@gmail.com,newsletter,everyone,true,US,,,,,,Mozilla/5.0
151052395,2025-02-10T16:03:05.423Z,harrisbrian321@gmail.com,newsletter,everyone,true,CA,,,,,,Mozilla/5.0
151052395,2025-02-10T22:18:23.918Z,briana.j.carroll@gmail.com,newsletter,everyone,true,US,,,,,,Mozilla/5.0 (Windows NT 5.1; rv:11.0) Gecko Firefox/11.0 (via ggpht.com GoogleImageProxy)
151052395,2025-02-11T02:54:51.376Z,zach.bartell.writer@gmail.com,newsletter,everyone,true,US,,,,,,Mozilla/5.0
151052395,2025-02-12T11:52:14.114Z,beansocolofsky@gmail.com,newsletter,everyone,true,US,,,,,,Mozilla/5.0 (Windows NT 5.1; rv:11.0) Gecko Firefox/11.0 (via ggpht.com GoogleImageProxy)
151052395,2025-02-26T04:22:27.939Z,nathanhaile11@gmail.com,newsletter,everyone,true,MX,,,,,,Mozilla/5.0
