post_id,timestamp,email,post_type,post_audience,active_subscription,country,city,region,device_type,client_os,client_type,user_agent
151052459,2025-02-09T19:49:06.017Z,skyjensen@icloud.com,newsletter,everyone,true,US,,,,,,Mozilla/5.0
151052459,2025-02-09T19:50:13.969Z,briana.j.carroll@gmail.com,newsletter,everyone,true,US,,,,,,Mozilla/5.0 (Windows NT 5.1; rv:11.0) Gecko Firefox/11.0 (via ggpht.com GoogleImageProxy)
151052459,2025-02-09T19:51:40.147Z,virknavkaur@gmail.com,newsletter,everyone,true,US,,,,,,Mozilla/5.0 (Windows NT 5.1; rv:11.0) Gecko Firefox/11.0 (via ggpht.com GoogleImageProxy)
151052459,2025-02-09T19:57:50.787Z,briana.j.carroll@gmail.com,newsletter,everyone,true,US,,,,,,Mozilla/5.0 (Windows NT 5.1; rv:11.0) Gecko Firefox/11.0 (via ggpht.com GoogleImageProxy)
151052459,2025-02-09T20:16:11.619Z,borealspain@yahoo.co.uk,newsletter,everyone,true,US,,,,,,Mozilla/5.0
151052459,2025-02-09T20:26:20.385Z,alminivdmerwe@gmail.com,newsletter,everyone,true,LI,,,,,,Mozilla/5.0
151052459,2025-02-09T20:53:27.773Z,mileswilsondc@gmail.com,newsletter,everyone,true,US,,,,,,Mozilla/5.0 (Windows NT 5.1; rv:11.0) Gecko Firefox/11.0 (via ggpht.com GoogleImageProxy)
151052459,2025-02-09T20:54:03.238Z,mileswilsondc@gmail.com,newsletter,everyone,true,US,,,,,,Mozilla/5.0
151052459,2025-02-09T22:19:06.722Z,ptdaris@uol.com.br,newsletter,everyone,true,BR,,,,,,Mozilla/4.0 (compatible; ms-office; MSOffice 16)
151052459,2025-02-09T23:25:01.627Z,Experimentalunit317@gmail.com,newsletter,everyone,false,US,,,,,,Mozilla/5.0 (Windows NT 5.1; rv:11.0) Gecko Firefox/11.0 (via ggpht.com GoogleImageProxy)
151052459,2025-02-10T03:30:22.479Z,ianwilmoth@gmail.com,newsletter,everyone,true,US,,,,,,Mozilla/5.0
151052459,2025-02-10T03:58:05.680Z,jasontrew@gmail.com,newsletter,everyone,true,US,,,,,,Mozilla/5.0
151052459,2025-02-10T05:02:59.316Z,skyjensen@icloud.com,newsletter,everyone,true,US,,,,,,Mozilla/5.0
151052459,2025-02-10T07:55:49.112Z,alminivdmerwe@gmail.com,newsletter,everyone,true,LI,,,,,,Mozilla/5.0
151052459,2025-02-10T14:29:30.237Z,rimbsweiler@yahoo.com,newsletter,everyone,false,US,,,,,,Mozilla/5.0
151052459,2025-02-10T15:57:37.894Z,apollohlynch@gmail.com,newsletter,everyone,true,US,,,,,,Mozilla/5.0
151052459,2025-02-10T16:03:05.421Z,harrisbrian321@gmail.com,newsletter,everyone,true,CA,,,,,,Mozilla/5.0
151052459,2025-02-11T02:54:51.377Z,zach.bartell.writer@gmail.com,newsletter,everyone,true,US,,,,,,Mozilla/5.0
151052459,2025-02-26T04:22:27.938Z,nathanhaile11@gmail.com,newsletter,everyone,true,MX,,,,,,Mozilla/5.0
