post_id,timestamp,email,post_type,post_audience,active_subscription
151483077,2025-02-09T19:32:04.002Z,Experimentalunit317@gmail.com,newsletter,everyone,false
151483077,2025-02-09T19:32:04.486Z,beansocolofsky@gmail.com,newsletter,everyone,true
151483077,2025-02-09T19:32:04.889Z,mileswilsondc@gmail.com,newsletter,everyone,true
151483077,2025-02-09T19:32:04.955Z,semakpa@gmail.com,newsletter,everyone,true
151483077,2025-02-09T19:32:05.049Z,dwightlyman@gmail.com,newsletter,everyone,true
151483077,2025-02-09T19:32:05.073Z,harrisbrian321@gmail.com,newsletter,everyone,true
151483077,2025-02-09T19:32:05.109Z,justinaugustwellington@gmail.com,newsletter,everyone,true
151483077,2025-02-09T19:32:05.161Z,mrnononsense02@gmail.com,newsletter,everyone,true
151483077,2025-02-09T19:32:05.227Z,lennoxgravox@gmail.com,newsletter,everyone,true
151483077,2025-02-09T19:32:05.250Z,gdg2018mm5@gmail.com,newsletter,everyone,true
151483077,2025-02-09T19:32:05.278Z,calebgrasse@gmail.com,newsletter,everyone,true
151483077,2025-02-09T19:32:05.282Z,zutorilla@gmail.com,newsletter,everyone,true
151483077,2025-02-09T19:32:05.286Z,rimbsweiler@yahoo.com,newsletter,everyone,false
151483077,2025-02-09T19:32:05.290Z,Twadley@gmail.com,newsletter,everyone,true
151483077,2025-02-09T19:32:05.293Z,briana.j.carroll@gmail.com,newsletter,everyone,true
151483077,2025-02-09T19:32:05.328Z,kadirgemici066@gmail.com,newsletter,everyone,true
151483077,2025-02-09T19:32:05.346Z,nathanhaile11@gmail.com,newsletter,everyone,true
151483077,2025-02-09T19:32:05.355Z,itzhak.samara@gmail.com,newsletter,everyone,true
151483077,2025-02-09T19:32:05.357Z,zach.bartell.writer@gmail.com,newsletter,everyone,true
151483077,2025-02-09T19:32:05.380Z,shien.getsuto@gmail.com,newsletter,everyone,true
151483077,2025-02-09T19:32:05.399Z,apollohlynch@gmail.com,newsletter,everyone,true
151483077,2025-02-09T19:32:05.409Z,beer64925@gmail.com,newsletter,everyone,true
151483077,2025-02-09T19:32:05.413Z,3d0f86f2-e17f-4f2a-8ca5-154e98f6d68a@deletion-request.substack.com,newsletter,everyone,true
151483077,2025-02-09T19:32:05.414Z,rimbsweiler@gmail.com,newsletter,everyone,true
151483077,2025-02-09T19:32:05.454Z,rwlbmitchell@gmail.com,newsletter,everyone,true
151483077,2025-02-09T19:32:05.454Z,evangelinepressblog@gmail.com,newsletter,everyone,true
151483077,2025-02-09T19:32:05.461Z,growlyted@gmail.com,newsletter,everyone,true
151483077,2025-02-09T19:32:05.493Z,jasontrew@gmail.com,newsletter,everyone,true
151483077,2025-02-09T19:32:05.510Z,kalakaldruzuzu@gmail.com,newsletter,everyone,true
151483077,2025-02-09T19:32:05.544Z,virknavkaur@gmail.com,newsletter,everyone,true
151483077,2025-02-09T19:32:05.656Z,bky074a@gmail.com,newsletter,everyone,true
151483077,2025-02-09T19:32:05.844Z,raynottwoodbead@gmail.com,newsletter,everyone,true
151483077,2025-02-09T19:32:06.071Z,ozs2@cornell.edu,newsletter,everyone,true
151483077,2025-02-09T19:32:06.084Z,ptdaris@uol.com.br,newsletter,everyone,true
151483077,2025-02-09T19:32:06.142Z,ianwilmoth@gmail.com,newsletter,everyone,true
151483077,2025-02-09T19:32:06.167Z,adooleycox@gmail.com,newsletter,everyone,true
151483077,2025-02-09T19:32:06.176Z,alminivdmerwe@gmail.com,newsletter,everyone,true
151483077,2025-02-09T19:32:06.365Z,djcart137@gmail.com,newsletter,everyone,true
151483077,2025-02-09T19:32:06.631Z,borealspain@yahoo.co.uk,newsletter,everyone,true
151483077,2025-02-09T19:32:06.941Z,ahershmc@aol.com,newsletter,everyone,true
151483077,2025-02-09T19:32:07.858Z,theory.nifty438@passinbox.com,newsletter,everyone,true
151483077,2025-02-09T19:32:08.165Z,dennis@burns.org,newsletter,everyone,true
151483077,2025-02-09T19:32:09.865Z,skyjensen@icloud.com,newsletter,everyone,true
