post_id,timestamp,email,post_type,post_audience,active_subscription,country,city,region,device_type,client_os,client_type,user_agent
151483077,2025-02-09T19:32:46.309Z,jasontrew@gmail.com,newsletter,everyone,true,US,,,,,,Mozilla/5.0 (Windows NT 5.1; rv:11.0) Gecko Firefox/11.0 (via ggpht.com GoogleImageProxy)
151483077,2025-02-09T19:49:06.017Z,skyjensen@icloud.com,newsletter,everyone,true,US,,,,,,Mozilla/5.0
151483077,2025-02-09T19:51:40.484Z,virknavkaur@gmail.com,newsletter,everyone,true,US,,,,,,Mozilla/5.0 (Windows NT 5.1; rv:11.0) Gecko Firefox/11.0 (via ggpht.com GoogleImageProxy)
151483077,2025-02-09T19:57:15.762Z,briana.j.carroll@gmail.com,newsletter,everyone,true,US,,,,,,Mozilla/5.0 (Windows NT 5.1; rv:11.0) Gecko Firefox/11.0 (via ggpht.com GoogleImageProxy)
151483077,2025-02-09T20:16:11.620Z,borealspain@yahoo.co.uk,newsletter,everyone,true,US,,,,,,Mozilla/5.0
151483077,2025-02-09T20:26:20.382Z,alminivdmerwe@gmail.com,newsletter,everyone,true,LI,,,,,,Mozilla/5.0
151483077,2025-02-09T20:53:29.476Z,mileswilsondc@gmail.com,newsletter,everyone,true,US,,,,,,Mozilla/5.0 (Windows NT 5.1; rv:11.0) Gecko Firefox/11.0 (via ggpht.com GoogleImageProxy)
151483077,2025-02-09T20:54:03.250Z,mileswilsondc@gmail.com,newsletter,everyone,true,US,,,,,,Mozilla/5.0
151483077,2025-02-09T22:19:08.642Z,ptdaris@uol.com.br,newsletter,everyone,true,BR,,,,,,Mozilla/4.0 (compatible; ms-office; MSOffice 16)
151483077,2025-02-09T23:25:01.702Z,Experimentalunit317@gmail.com,newsletter,everyone,false,US,,,,,,Mozilla/5.0 (Windows NT 5.1; rv:11.0) Gecko Firefox/11.0 (via ggpht.com GoogleImageProxy)
151483077,2025-02-10T03:30:22.482Z,ianwilmoth@gmail.com,newsletter,everyone,true,US,,,,,,Mozilla/5.0
151483077,2025-02-10T04:17:00.901Z,jasontrew@gmail.com,newsletter,everyone,true,US,,,,,,Mozilla/5.0
151483077,2025-02-10T05:02:59.315Z,skyjensen@icloud.com,newsletter,everyone,true,US,,,,,,Mozilla/5.0
151483077,2025-02-10T07:55:49.112Z,alminivdmerwe@gmail.com,newsletter,everyone,true,LI,,,,,,Mozilla/5.0
151483077,2025-02-10T14:29:30.248Z,rimbsweiler@yahoo.com,newsletter,everyone,false,US,,,,,,Mozilla/5.0
151483077,2025-02-10T16:47:35.212Z,apollohlynch@gmail.com,newsletter,everyone,true,US,,,,,,Mozilla/5.0
151483077,2025-02-11T02:54:51.380Z,zach.bartell.writer@gmail.com,newsletter,everyone,true,US,,,,,,Mozilla/5.0
151483077,2025-02-11T11:50:23.330Z,harrisbrian321@gmail.com,newsletter,everyone,true,CA,,,,,,Mozilla/5.0
151483077,2025-02-26T04:22:27.943Z,nathanhaile11@gmail.com,newsletter,everyone,true,MX,,,,,,Mozilla/5.0
