post_id,timestamp,email,post_type,post_audience,active_subscription,country,city,region,device_type,client_os,client_type,user_agent
151474984,2024-11-10T22:32:03.078Z,ianwilmoth@gmail.com,podcast,everyone,true,US,,,,,,Mozilla/5.0 (Windows NT 5.1; rv:11.0) Gecko Firefox/11.0 (via ggpht.com GoogleImageProxy)
151474984,2024-11-10T22:32:10.297Z,beer64925@gmail.com,podcast,everyone,true,US,,,,,,Mozilla/5.0 (Windows NT 5.1; rv:11.0) Gecko Firefox/11.0 (via ggpht.com GoogleImageProxy)
151474984,2024-11-10T22:36:47.058Z,zutorilla@gmail.com,podcast,everyone,true,US,,,,,,Mozilla/5.0 (Windows NT 5.1; rv:11.0) Gecko Firefox/11.0 (via ggpht.com GoogleImageProxy)
151474984,2024-11-10T22:50:13.125Z,Experimentalunit317@gmail.com,podcast,everyone,false,US,,,,,,Mozilla/5.0 (Windows NT 5.1; rv:11.0) Gecko Firefox/11.0 (via ggpht.com GoogleImageProxy)
151474984,2024-11-10T23:03:27.494Z,lennoxgravox@gmail.com,podcast,everyone,true,US,,,,,,Mozilla/5.0 (Windows NT 5.1; rv:11.0) Gecko Firefox/11.0 (via ggpht.com GoogleImageProxy)
151474984,2024-11-10T23:06:21.297Z,skyjensen@icloud.com,podcast,everyone,true,US,,,,,,Mozilla/5.0
151474984,2024-11-11T00:05:36.040Z,dwightlyman@gmail.com,podcast,everyone,true,US,,,,,,Mozilla/5.0
151474984,2024-11-11T00:53:44.344Z,mileswilsondc@gmail.com,podcast,everyone,true,GB,,,,,,Mozilla/5.0
151474984,2024-11-11T01:24:52.544Z,joliefleur3435@gmail.com,podcast,everyone,true,US,,,,,,Mozilla/5.0 (Windows NT 5.1; rv:11.0) Gecko Firefox/11.0 (via ggpht.com GoogleImageProxy)
151474984,2024-11-11T01:24:55.646Z,joliefleur3435@gmail.com,podcast,everyone,true,US,,,,,,Mozilla/5.0 (Windows NT 5.1; rv:11.0) Gecko Firefox/11.0 (via ggpht.com GoogleImageProxy)
151474984,2024-11-11T01:24:56.265Z,skyjensen@icloud.com,podcast,everyone,true,US,,,,,,Mozilla/5.0
151474984,2024-11-11T01:30:16.514Z,borealspain@yahoo.co.uk,podcast,everyone,true,US,,,,,,Mozilla/5.0
151474984,2024-11-11T01:40:08.786Z,rimbsweiler@yahoo.com,podcast,everyone,false,US,,,,,,Mozilla/5.0
151474984,2024-11-11T03:20:01.564Z,rwlbmitchell@gmail.com,podcast,everyone,true,US,,,,,,Mozilla/5.0 (Windows NT 5.1; rv:11.0) Gecko Firefox/11.0 (via ggpht.com GoogleImageProxy)
151474984,2024-11-11T07:11:10.529Z,ianwilmoth@gmail.com,podcast,everyone,true,US,,,,,,Mozilla/5.0
151474984,2024-11-11T07:37:58.032Z,zutorilla@gmail.com,podcast,everyone,true,US,,,,,,Mozilla/5.0 (Windows NT 5.1; rv:11.0) Gecko Firefox/11.0 (via ggpht.com GoogleImageProxy)
151474984,2024-11-11T09:17:34.433Z,dennis@burns.org,podcast,everyone,true,US,,,,,,Mozilla/4.0 (compatible; ms-office; MSOffice 16)
151474984,2024-11-11T09:17:34.437Z,dennis@burns.org,podcast,everyone,true,US,,,,,,Mozilla/4.0 (compatible; ms-office; MSOffice 16)
151474984,2024-11-11T10:19:04.254Z,zutorilla@gmail.com,podcast,everyone,true,US,,,,,,Mozilla/5.0 (Windows NT 5.1; rv:11.0) Gecko Firefox/11.0 (via ggpht.com GoogleImageProxy)
151474984,2024-11-11T10:25:02.330Z,lennoxgravox@gmail.com,podcast,everyone,true,US,,,,,,Mozilla/5.0 (Windows NT 5.1; rv:11.0) Gecko Firefox/11.0 (via ggpht.com GoogleImageProxy)
151474984,2024-11-11T11:35:16.888Z,zutorilla@gmail.com,podcast,everyone,true,US,,,,,,Mozilla/5.0 (Windows NT 5.1; rv:11.0) Gecko Firefox/11.0 (via ggpht.com GoogleImageProxy)
151474984,2024-11-11T18:51:53.755Z,skyjensen@icloud.com,podcast,everyone,true,US,,,,,,Mozilla/5.0
151474984,2024-11-11T19:41:10.065Z,nathanhaile11@gmail.com,podcast,everyone,true,US,,,,,,Mozilla/5.0
151474984,2024-11-11T20:57:39.598Z,Twadley@gmail.com,podcast,everyone,true,US,,,,,,Mozilla/5.0 (Windows NT 5.1; rv:11.0) Gecko Firefox/11.0 (via ggpht.com GoogleImageProxy)
151474984,2024-11-11T20:57:43.749Z,Twadley@gmail.com,podcast,everyone,true,US,,,,,,Mozilla/5.0 (Windows NT 5.1; rv:11.0) Gecko Firefox/11.0 (via ggpht.com GoogleImageProxy)
151474984,2024-11-11T22:07:23.292Z,alminivdmerwe@gmail.com,podcast,everyone,true,AT,,,,,,Mozilla/5.0
151474984,2024-11-11T22:36:53.273Z,briana.j.carroll@gmail.com,podcast,everyone,true,US,,,,,,Mozilla/5.0 (Windows NT 5.1; rv:11.0) Gecko Firefox/11.0 (via ggpht.com GoogleImageProxy)
151474984,2024-11-11T23:16:34.861Z,apollohlynch@gmail.com,podcast,everyone,true,US,,,,,,Mozilla/5.0
151474984,2024-11-12T11:00:33.745Z,zutorilla@gmail.com,podcast,everyone,true,US,,,,,,Mozilla/5.0 (Windows NT 5.1; rv:11.0) Gecko Firefox/11.0 (via ggpht.com GoogleImageProxy)
151474984,2024-11-12T13:31:00.865Z,zutorilla@gmail.com,podcast,everyone,true,US,,,,,,Mozilla/5.0 (Windows NT 5.1; rv:11.0) Gecko Firefox/11.0 (via ggpht.com GoogleImageProxy)
151474984,2024-11-12T15:38:06.467Z,zutorilla@gmail.com,podcast,everyone,true,US,,,,,,Mozilla/5.0 (Windows NT 5.1; rv:11.0) Gecko Firefox/11.0 (via ggpht.com GoogleImageProxy)
151474984,2024-11-13T00:51:09.496Z,tyrickstarksatt@gmail.com,podcast,everyone,true,US,,,,,,Mozilla/5.0 (Windows NT 5.1; rv:11.0) Gecko Firefox/11.0 (via ggpht.com GoogleImageProxy)
151474984,2024-11-13T00:56:42.392Z,djcart137@gmail.com,podcast,everyone,true,US,,,,,,Mozilla/5.0 (Windows NT 5.1; rv:11.0) Gecko Firefox/11.0 (via ggpht.com GoogleImageProxy)
151474984,2024-11-13T09:45:13.208Z,zutorilla@gmail.com,podcast,everyone,true,US,,,,,,Mozilla/5.0 (Windows NT 5.1; rv:11.0) Gecko Firefox/11.0 (via ggpht.com GoogleImageProxy)
151474984,2024-11-13T18:14:12.518Z,briana.j.carroll@gmail.com,podcast,everyone,true,US,,,,,,Mozilla/5.0 (Windows NT 5.1; rv:11.0) Gecko Firefox/11.0 (via ggpht.com GoogleImageProxy)
151474984,2024-11-13T21:11:19.562Z,zutorilla@gmail.com,podcast,everyone,true,US,,,,,,Mozilla/5.0 (Windows NT 5.1; rv:11.0) Gecko Firefox/11.0 (via ggpht.com GoogleImageProxy)
151474984,2024-11-14T12:53:52.346Z,zutorilla@gmail.com,podcast,everyone,true,US,,,,,,Mozilla/5.0 (Windows NT 5.1; rv:11.0) Gecko Firefox/11.0 (via ggpht.com GoogleImageProxy)
151474984,2024-11-15T07:23:44.792Z,zutorilla@gmail.com,podcast,everyone,true,US,,,,,,Mozilla/5.0 (Windows NT 5.1; rv:11.0) Gecko Firefox/11.0 (via ggpht.com GoogleImageProxy)
151474984,2024-11-15T11:09:24.519Z,zach.bartell.writer@gmail.com,podcast,everyone,true,US,,,,,,Mozilla/5.0
151474984,2024-11-20T08:39:08.750Z,alminivdmerwe@gmail.com,podcast,everyone,true,LI,,,,,,Mozilla/5.0
