post_id,timestamp,email,post_type,post_audience,active_subscription
151474984,2024-11-10T22:29:30.295Z,Experimentalunit317@gmail.com,podcast,everyone,false
151474984,2024-11-10T22:29:32.370Z,rimbsweiler@yahoo.com,podcast,everyone,false
151474984,2024-11-10T22:29:35.420Z,mileswilsondc@gmail.com,podcast,everyone,true
151474984,2024-11-10T22:29:35.434Z,dwightlyman@gmail.com,podcast,everyone,true
151474984,2024-11-10T22:29:35.921Z,beansocolofsky@gmail.com,podcast,everyone,true
151474984,2024-11-10T22:29:39.688Z,gdg2018mm5@gmail.com,podcast,everyone,true
151474984,2024-11-10T22:29:39.712Z,kalakaldruzuzu@gmail.com,podcast,everyone,true
151474984,2024-11-10T22:29:39.725Z,justinaugustwellington@gmail.com,podcast,everyone,true
151474984,2024-11-10T22:29:39.809Z,beer64925@gmail.com,podcast,everyone,true
151474984,2024-11-10T22:29:39.877Z,nathanhaile11@gmail.com,podcast,everyone,true
151474984,2024-11-10T22:29:39.891Z,evangelinepressblog@gmail.com,podcast,everyone,true
151474984,2024-11-10T22:29:39.959Z,3d0f86f2-e17f-4f2a-8ca5-154e98f6d68a@deletion-request.substack.com,podcast,everyone,true
151474984,2024-11-10T22:29:40.056Z,mrnononsense02@gmail.com,podcast,everyone,true
151474984,2024-11-10T22:29:40.081Z,kadirgemici066@gmail.com,podcast,everyone,true
151474984,2024-11-10T22:29:40.299Z,zach.bartell.writer@gmail.com,podcast,everyone,true
151474984,2024-11-10T22:29:40.340Z,raynottwoodbead@gmail.com,podcast,everyone,true
151474984,2024-11-10T22:29:40.344Z,djcart137@gmail.com,podcast,everyone,true
151474984,2024-11-10T22:29:40.860Z,joliefleur3435@gmail.com,podcast,everyone,true
151474984,2024-11-10T22:29:41.884Z,Twadley@gmail.com,podcast,everyone,true
151474984,2024-11-10T22:29:41.885Z,shien.getsuto@gmail.com,podcast,everyone,true
151474984,2024-11-10T22:29:41.895Z,briana.j.carroll@gmail.com,podcast,everyone,true
151474984,2024-11-10T22:29:41.921Z,rimbsweiler@gmail.com,podcast,everyone,true
151474984,2024-11-10T22:29:41.956Z,bky074a@gmail.com,podcast,everyone,true
151474984,2024-11-10T22:29:41.961Z,rwlbmitchell@gmail.com,podcast,everyone,true
151474984,2024-11-10T22:29:42.069Z,alminivdmerwe@gmail.com,podcast,everyone,true
151474984,2024-11-10T22:29:42.071Z,itzhak.samara@gmail.com,podcast,everyone,true
151474984,2024-11-10T22:29:42.149Z,omarionburgess45@gmail.com,podcast,everyone,true
151474984,2024-11-10T22:29:42.401Z,calebgrasse@gmail.com,podcast,everyone,true
151474984,2024-11-10T22:29:42.645Z,zutorilla@gmail.com,podcast,everyone,true
151474984,2024-11-10T22:29:42.713Z,apollohlynch@gmail.com,podcast,everyone,true
151474984,2024-11-10T22:29:43.060Z,borealspain@yahoo.co.uk,podcast,everyone,true
151474984,2024-11-10T22:29:43.166Z,ianwilmoth@gmail.com,podcast,everyone,true
151474984,2024-11-10T22:29:43.492Z,theory.nifty438@passinbox.com,podcast,everyone,true
151474984,2024-11-10T22:29:43.619Z,tyrickstarksatt@gmail.com,podcast,everyone,true
151474984,2024-11-10T22:29:44.114Z,skyjensen@icloud.com,podcast,everyone,true
151474984,2024-11-10T22:29:46.831Z,dennis@burns.org,podcast,everyone,true
151474984,2024-11-10T22:29:47.255Z,daniellemtobias@gmail.com,podcast,everyone,true
151474984,2024-11-10T22:29:47.280Z,ahershmc@aol.com,podcast,everyone,true
151474984,2024-11-10T22:29:47.307Z,adooleycox@gmail.com,podcast,everyone,true
151474984,2024-11-10T22:29:47.922Z,ozs2@cornell.edu,podcast,everyone,true
151474984,2024-11-10T22:29:48.558Z,lennoxgravox@gmail.com,podcast,everyone,true
