post_id,timestamp,email,post_type,post_audience,active_subscription
151650364,2024-11-14T16:17:55.945Z,Experimentalunit317@gmail.com,newsletter,everyone,false
151650364,2024-11-14T16:17:57.788Z,rimbsweiler@yahoo.com,newsletter,everyone,false
151650364,2024-11-14T16:18:01.497Z,dwightlyman@gmail.com,newsletter,everyone,true
151650364,2024-11-14T16:18:01.665Z,mileswilsondc@gmail.com,newsletter,everyone,true
151650364,2024-11-14T16:18:02.461Z,beansocolofsky@gmail.com,newsletter,everyone,true
151650364,2024-11-14T16:18:04.572Z,kadirgemici066@gmail.com,newsletter,everyone,true
151650364,2024-11-14T16:18:04.611Z,evangelinepressblog@gmail.com,newsletter,everyone,true
151650364,2024-11-14T16:18:04.621Z,mrnononsense02@gmail.com,newsletter,everyone,true
151650364,2024-11-14T16:18:04.720Z,raynottwoodbead@gmail.com,newsletter,everyone,true
151650364,2024-11-14T16:18:04.832Z,justinaugustwellington@gmail.com,newsletter,everyone,true
151650364,2024-11-14T16:18:04.972Z,nathanhaile11@gmail.com,newsletter,everyone,true
151650364,2024-11-14T16:18:04.997Z,3d0f86f2-e17f-4f2a-8ca5-154e98f6d68a@deletion-request.substack.com,newsletter,everyone,true
151650364,2024-11-14T16:18:04.997Z,djcart137@gmail.com,newsletter,everyone,true
151650364,2024-11-14T16:18:05.024Z,gdg2018mm5@gmail.com,newsletter,everyone,true
151650364,2024-11-14T16:18:05.036Z,joliefleur3435@gmail.com,newsletter,everyone,true
151650364,2024-11-14T16:18:05.327Z,lennoxgravox@gmail.com,newsletter,everyone,true
151650364,2024-11-14T16:18:05.540Z,zach.bartell.writer@gmail.com,newsletter,everyone,true
151650364,2024-11-14T16:18:05.646Z,beer64925@gmail.com,newsletter,everyone,true
151650364,2024-11-14T16:18:06.306Z,kalakaldruzuzu@gmail.com,newsletter,everyone,true
151650364,2024-11-14T16:18:06.434Z,ptdaris@uol.com.br,newsletter,everyone,true
151650364,2024-11-14T16:18:07.733Z,bky074a@gmail.com,newsletter,everyone,true
151650364,2024-11-14T16:18:10.907Z,Twadley@gmail.com,newsletter,everyone,true
151650364,2024-11-14T16:18:10.919Z,briana.j.carroll@gmail.com,newsletter,everyone,true
151650364,2024-11-14T16:18:10.927Z,alminivdmerwe@gmail.com,newsletter,everyone,true
151650364,2024-11-14T16:18:10.931Z,rimbsweiler@gmail.com,newsletter,everyone,true
151650364,2024-11-14T16:18:10.960Z,daniellemtobias@gmail.com,newsletter,everyone,true
151650364,2024-11-14T16:18:10.995Z,calebgrasse@gmail.com,newsletter,everyone,true
151650364,2024-11-14T16:18:11.045Z,apollohlynch@gmail.com,newsletter,everyone,true
151650364,2024-11-14T16:18:11.051Z,adooleycox@gmail.com,newsletter,everyone,true
151650364,2024-11-14T16:18:11.276Z,itzhak.samara@gmail.com,newsletter,everyone,true
151650364,2024-11-14T16:18:11.346Z,ahershmc@aol.com,newsletter,everyone,true
151650364,2024-11-14T16:18:11.551Z,tyrickstarksatt@gmail.com,newsletter,everyone,true
151650364,2024-11-14T16:18:11.656Z,rwlbmitchell@gmail.com,newsletter,everyone,true
151650364,2024-11-14T16:18:11.674Z,ianwilmoth@gmail.com,newsletter,everyone,true
151650364,2024-11-14T16:18:11.758Z,omarionburgess45@gmail.com,newsletter,everyone,true
151650364,2024-11-14T16:18:12.158Z,shien.getsuto@gmail.com,newsletter,everyone,true
151650364,2024-11-14T16:18:12.718Z,zutorilla@gmail.com,newsletter,everyone,true
151650364,2024-11-14T16:18:12.832Z,ozs2@cornell.edu,newsletter,everyone,true
151650364,2024-11-14T16:18:12.954Z,borealspain@yahoo.co.uk,newsletter,everyone,true
151650364,2024-11-14T16:18:13.904Z,theory.nifty438@passinbox.com,newsletter,everyone,true
151650364,2024-11-14T16:18:14.824Z,skyjensen@icloud.com,newsletter,everyone,true
151650364,2024-11-14T16:18:15.597Z,dennis@burns.org,newsletter,everyone,true
