post_id,timestamp,email,post_type,post_audience,active_subscription
151979383,2024-11-21T16:55:57.473Z,Experimentalunit317@gmail.com,newsletter,everyone,false
151979383,2024-11-21T16:55:58.913Z,rimbsweiler@yahoo.com,newsletter,everyone,false
151979383,2024-11-21T16:56:00.348Z,raynottwoodbead@gmail.com,newsletter,everyone,true
151979383,2024-11-21T16:56:00.390Z,djcart137@gmail.com,newsletter,everyone,true
151979383,2024-11-21T16:56:00.406Z,kalakaldruzuzu@gmail.com,newsletter,everyone,true
151979383,2024-11-21T16:56:00.422Z,beer64925@gmail.com,newsletter,everyone,true
151979383,2024-11-21T16:56:00.442Z,zach.bartell.writer@gmail.com,newsletter,everyone,true
151979383,2024-11-21T16:56:00.451Z,bky074a@gmail.com,newsletter,everyone,true
151979383,2024-11-21T16:56:00.565Z,lennoxgravox@gmail.com,newsletter,everyone,true
151979383,2024-11-21T16:56:00.618Z,gdg2018mm5@gmail.com,newsletter,everyone,true
151979383,2024-11-21T16:56:00.622Z,joliefleur3435@gmail.com,newsletter,everyone,true
151979383,2024-11-21T16:56:00.628Z,evangelinepressblog@gmail.com,newsletter,everyone,true
151979383,2024-11-21T16:56:00.687Z,beansocolofsky@gmail.com,newsletter,everyone,true
151979383,2024-11-21T16:56:00.726Z,dwightlyman@gmail.com,newsletter,everyone,true
151979383,2024-11-21T16:56:00.909Z,nathanhaile11@gmail.com,newsletter,everyone,true
151979383,2024-11-21T16:56:01.236Z,justinaugustwellington@gmail.com,newsletter,everyone,true
151979383,2024-11-21T16:56:01.729Z,mrnononsense02@gmail.com,newsletter,everyone,true
151979383,2024-11-21T16:56:01.801Z,3d0f86f2-e17f-4f2a-8ca5-154e98f6d68a@deletion-request.substack.com,newsletter,everyone,true
151979383,2024-11-21T16:56:01.828Z,kadirgemici066@gmail.com,newsletter,everyone,true
151979383,2024-11-21T16:56:01.969Z,mileswilsondc@gmail.com,newsletter,everyone,true
151979383,2024-11-21T16:56:02.254Z,ptdaris@uol.com.br,newsletter,everyone,true
151979383,2024-11-21T16:56:02.899Z,zutorilla@gmail.com,newsletter,everyone,true
151979383,2024-11-21T16:56:02.960Z,rwlbmitchell@gmail.com,newsletter,everyone,true
151979383,2024-11-21T16:56:02.970Z,apollohlynch@gmail.com,newsletter,everyone,true
151979383,2024-11-21T16:56:02.970Z,daniellemtobias@gmail.com,newsletter,everyone,true
151979383,2024-11-21T16:56:02.984Z,rimbsweiler@gmail.com,newsletter,everyone,true
151979383,2024-11-21T16:56:03.011Z,adooleycox@gmail.com,newsletter,everyone,true
151979383,2024-11-21T16:56:03.074Z,omarionburgess45@gmail.com,newsletter,everyone,true
151979383,2024-11-21T16:56:03.108Z,briana.j.carroll@gmail.com,newsletter,everyone,true
151979383,2024-11-21T16:56:03.108Z,ozs2@cornell.edu,newsletter,everyone,true
151979383,2024-11-21T16:56:03.430Z,borealspain@yahoo.co.uk,newsletter,everyone,true
151979383,2024-11-21T16:56:03.503Z,ahershmc@aol.com,newsletter,everyone,true
151979383,2024-11-21T16:56:03.545Z,Twadley@gmail.com,newsletter,everyone,true
151979383,2024-11-21T16:56:03.682Z,shien.getsuto@gmail.com,newsletter,everyone,true
151979383,2024-11-21T16:56:03.685Z,alminivdmerwe@gmail.com,newsletter,everyone,true
151979383,2024-11-21T16:56:03.864Z,calebgrasse@gmail.com,newsletter,everyone,true
151979383,2024-11-21T16:56:03.950Z,theory.nifty438@passinbox.com,newsletter,everyone,true
151979383,2024-11-21T16:56:04.042Z,ianwilmoth@gmail.com,newsletter,everyone,true
151979383,2024-11-21T16:56:04.157Z,tyrickstarksatt@gmail.com,newsletter,everyone,true
151979383,2024-11-21T16:56:04.599Z,itzhak.samara@gmail.com,newsletter,everyone,true
151979383,2024-11-21T16:56:05.891Z,dennis@burns.org,newsletter,everyone,true
151979383,2024-11-21T16:56:06.793Z,skyjensen@icloud.com,newsletter,everyone,true
