post_id,timestamp,email,post_type,post_audience,active_subscription,country,city,region,device_type,client_os,client_type,user_agent
151979383,2024-11-21T17:00:13.552Z,skyjensen@icloud.com,newsletter,everyone,true,US,,,,,,Mozilla/5.0
151979383,2024-11-21T17:00:37.279Z,ianwilmoth@gmail.com,newsletter,everyone,true,US,,,,,,Mozilla/5.0 (Windows NT 5.1; rv:11.0) Gecko Firefox/11.0 (via ggpht.com GoogleImageProxy)
151979383,2024-11-21T17:01:55.917Z,joliefleur3435@gmail.com,newsletter,everyone,true,US,,,,,,Mozilla/5.0 (Windows NT 5.1; rv:11.0) Gecko Firefox/11.0 (via ggpht.com GoogleImageProxy)
151979383,2024-11-21T17:11:30.001Z,skyjensen@icloud.com,newsletter,everyone,true,US,,,,,,Mozilla/5.0
151979383,2024-11-21T17:14:31.362Z,briana.j.carroll@gmail.com,newsletter,everyone,true,US,,,,,,Mozilla/5.0 (Windows NT 5.1; rv:11.0) Gecko Firefox/11.0 (via ggpht.com GoogleImageProxy)
151979383,2024-11-21T17:32:33.302Z,borealspain@yahoo.co.uk,newsletter,everyone,true,US,,,,,,Mozilla/5.0
151979383,2024-11-21T17:52:26.046Z,apollohlynch@gmail.com,newsletter,everyone,true,NL,,,,,,Mozilla/5.0
151979383,2024-11-21T17:53:19.694Z,nathanhaile11@gmail.com,newsletter,everyone,true,US,,,,,,Mozilla/5.0 (Windows NT 5.1; rv:11.0) Gecko Firefox/11.0 (via ggpht.com GoogleImageProxy)
151979383,2024-11-21T19:41:06.309Z,mileswilsondc@gmail.com,newsletter,everyone,true,GB,,,,,,Mozilla/5.0
151979383,2024-11-21T20:05:53.821Z,joliefleur3435@gmail.com,newsletter,everyone,true,US,,,,,,Mozilla/5.0 (Windows NT 5.1; rv:11.0) Gecko Firefox/11.0 (via ggpht.com GoogleImageProxy)
151979383,2024-11-21T20:35:52.316Z,3d0f86f2-e17f-4f2a-8ca5-154e98f6d68a@deletion-request.substack.com,newsletter,everyone,true,US,,,,,,Mozilla/5.0 (Windows NT 5.1; rv:11.0) Gecko Firefox/11.0 (via ggpht.com GoogleImageProxy)
151979383,2024-11-21T20:46:08.404Z,ianwilmoth@gmail.com,newsletter,everyone,true,NL,,,,,,Mozilla/5.0
151979383,2024-11-21T21:08:42.640Z,alminivdmerwe@gmail.com,newsletter,everyone,true,LI,,,,,,Mozilla/5.0
151979383,2024-11-21T23:06:00.107Z,skyjensen@icloud.com,newsletter,everyone,true,NL,,,,,,Mozilla/5.0
151979383,2024-11-22T03:00:42.848Z,rimbsweiler@yahoo.com,newsletter,everyone,false,US,,,,,,Mozilla/5.0
151979383,2024-11-22T03:48:57.683Z,evangelinepressblog@gmail.com,newsletter,everyone,true,US,,,,,,Mozilla/5.0 (Windows NT 5.1; rv:11.0) Gecko Firefox/11.0 (via ggpht.com GoogleImageProxy)
151979383,2024-11-22T05:44:56.502Z,nathanhaile11@gmail.com,newsletter,everyone,true,US,,,,,,Mozilla/5.0
151979383,2024-11-22T05:53:11.637Z,djcart137@gmail.com,newsletter,everyone,true,US,,,,,,Mozilla/5.0 (Windows NT 5.1; rv:11.0) Gecko Firefox/11.0 (via ggpht.com GoogleImageProxy)
151979383,2024-11-22T11:27:11.001Z,dennis@burns.org,newsletter,everyone,true,US,,,,,,Mozilla/4.0 (compatible; ms-office; MSOffice 16)
151979383,2024-11-22T11:27:11.001Z,dennis@burns.org,newsletter,everyone,true,US,,,,,,Mozilla/4.0 (compatible; ms-office; MSOffice 16)
151979383,2024-11-22T14:11:51.336Z,zach.bartell.writer@gmail.com,newsletter,everyone,true,US,,,,,,Mozilla/5.0
151979383,2024-11-22T18:05:27.381Z,alminivdmerwe@gmail.com,newsletter,everyone,true,LI,,,,,,Mozilla/5.0
151979383,2024-11-22T19:05:31.781Z,lennoxgravox@gmail.com,newsletter,everyone,true,US,,,,,,Mozilla/5.0 (Windows NT 5.1; rv:11.0) Gecko Firefox/11.0 (via ggpht.com GoogleImageProxy)
151979383,2024-11-22T19:06:37.457Z,lennoxgravox@gmail.com,newsletter,everyone,true,US,,,,,,Mozilla/5.0 (Windows NT 5.1; rv:11.0) Gecko Firefox/11.0 (via ggpht.com GoogleImageProxy)
151979383,2024-11-22T19:32:57.229Z,Experimentalunit317@gmail.com,newsletter,everyone,false,US,,,,,,Mozilla/5.0 (Windows NT 5.1; rv:11.0) Gecko Firefox/11.0 (via ggpht.com GoogleImageProxy)
151979383,2024-12-03T18:49:05.937Z,ianwilmoth@gmail.com,newsletter,everyone,true,US,,,,,,Mozilla/5.0 (Windows NT 5.1; rv:11.0) Gecko Firefox/11.0 (via ggpht.com GoogleImageProxy)
