post_id,timestamp,email,post_type,post_audience,active_subscription,country,city,region,device_type,client_os,client_type,user_agent
152060922,2024-11-23T16:02:18.235Z,nathanhaile11@gmail.com,newsletter,everyone,true,US,,,,,,Mozilla/5.0
152060922,2024-11-23T16:11:10.357Z,briana.j.carroll@gmail.com,newsletter,everyone,true,US,,,,,,Mozilla/5.0 (Windows NT 5.1; rv:11.0) Gecko Firefox/11.0 (via ggpht.com GoogleImageProxy)
152060922,2024-11-23T16:22:02.413Z,ianwilmoth@gmail.com,newsletter,everyone,true,US,,,,,,Mozilla/5.0
152060922,2024-11-23T16:28:29.599Z,alminivdmerwe@gmail.com,newsletter,everyone,true,LI,,,,,,Mozilla/5.0
152060922,2024-11-23T16:40:05.576Z,borealspain@yahoo.co.uk,newsletter,everyone,true,US,,,,,,Mozilla/5.0
152060922,2024-11-23T17:15:49.461Z,Experimentalunit317@gmail.com,newsletter,everyone,false,US,,,,,,Mozilla/5.0 (Windows NT 5.1; rv:11.0) Gecko Firefox/11.0 (via ggpht.com GoogleImageProxy)
152060922,2024-11-23T19:27:29.073Z,dwightlyman@gmail.com,newsletter,everyone,true,US,,,,,,Mozilla/5.0
152060922,2024-11-23T21:21:14.814Z,evangelinepressblog@gmail.com,newsletter,everyone,true,US,,,,,,Mozilla/5.0 (Windows NT 5.1; rv:11.0) Gecko Firefox/11.0 (via ggpht.com GoogleImageProxy)
152060922,2024-11-23T21:53:43.641Z,mileswilsondc@gmail.com,newsletter,everyone,true,GB,,,,,,Mozilla/5.0
152060922,2024-11-24T08:34:55.267Z,joliefleur3435@gmail.com,newsletter,everyone,true,US,,,,,,Mozilla/5.0 (Windows NT 5.1; rv:11.0) Gecko Firefox/11.0 (via ggpht.com GoogleImageProxy)
152060922,2024-11-24T13:03:33.107Z,apollohlynch@gmail.com,newsletter,everyone,true,US,,,,,,Mozilla/5.0
152060922,2024-11-24T20:28:08.209Z,alminivdmerwe@gmail.com,newsletter,everyone,true,LI,,,,,,Mozilla/5.0
152060922,2024-11-25T02:10:29.677Z,zach.bartell.writer@gmail.com,newsletter,everyone,true,US,,,,,,Mozilla/5.0
152060922,2024-11-25T22:03:55.790Z,rimbsweiler@yahoo.com,newsletter,everyone,false,US,,,,,,Mozilla/5.0
152060922,2024-11-27T03:12:14.797Z,dwightlyman@gmail.com,newsletter,everyone,true,US,,,,,,Mozilla/5.0
152060922,2024-11-30T17:10:52.160Z,ianwilmoth@gmail.com,newsletter,everyone,true,US,,,,,,Mozilla/5.0 (Windows NT 5.1; rv:11.0) Gecko Firefox/11.0 (via ggpht.com GoogleImageProxy)
152060922,2024-12-03T18:48:47.620Z,ianwilmoth@gmail.com,newsletter,everyone,true,US,,,,,,Mozilla/5.0 (Windows NT 5.1; rv:11.0) Gecko Firefox/11.0 (via ggpht.com GoogleImageProxy)
152060922,2024-12-18T03:37:26.307Z,dwightlyman@gmail.com,newsletter,everyone,true,US,,,,,,Mozilla/5.0
