post_id,timestamp,email,post_type,post_audience,active_subscription,country,city,region,device_type,client_os,client_type,user_agent
152062085,2024-11-23T15:53:29.142Z,skyjensen@icloud.com,newsletter,everyone,true,US,,,,,,Mozilla/5.0
152062085,2024-11-23T16:02:18.234Z,nathanhaile11@gmail.com,newsletter,everyone,true,US,,,,,,Mozilla/5.0
152062085,2024-11-23T16:11:10.734Z,briana.j.carroll@gmail.com,newsletter,everyone,true,US,,,,,,Mozilla/5.0 (Windows NT 5.1; rv:11.0) Gecko Firefox/11.0 (via ggpht.com GoogleImageProxy)
152062085,2024-11-23T16:22:02.415Z,ianwilmoth@gmail.com,newsletter,everyone,true,US,,,,,,Mozilla/5.0
152062085,2024-11-23T16:28:29.600Z,alminivdmerwe@gmail.com,newsletter,everyone,true,LI,,,,,,Mozilla/5.0
152062085,2024-11-23T16:40:05.576Z,borealspain@yahoo.co.uk,newsletter,everyone,true,US,,,,,,Mozilla/5.0
152062085,2024-11-23T17:15:49.463Z,Experimentalunit317@gmail.com,newsletter,everyone,false,US,,,,,,Mozilla/5.0 (Windows NT 5.1; rv:11.0) Gecko Firefox/11.0 (via ggpht.com GoogleImageProxy)
152062085,2024-11-23T19:04:32.448Z,skyjensen@icloud.com,newsletter,everyone,true,US,,,,,,Mozilla/5.0
152062085,2024-11-23T21:21:14.836Z,evangelinepressblog@gmail.com,newsletter,everyone,true,US,,,,,,Mozilla/5.0 (Windows NT 5.1; rv:11.0) Gecko Firefox/11.0 (via ggpht.com GoogleImageProxy)
152062085,2024-11-23T21:53:43.638Z,mileswilsondc@gmail.com,newsletter,everyone,true,GB,,,,,,Mozilla/5.0
152062085,2024-11-23T23:38:39.648Z,skyjensen@icloud.com,newsletter,everyone,true,US,,,,,,Mozilla/5.0
152062085,2024-11-24T08:34:55.402Z,joliefleur3435@gmail.com,newsletter,everyone,true,US,,,,,,Mozilla/5.0 (Windows NT 5.1; rv:11.0) Gecko Firefox/11.0 (via ggpht.com GoogleImageProxy)
152062085,2024-11-24T13:03:33.105Z,apollohlynch@gmail.com,newsletter,everyone,true,US,,,,,,Mozilla/5.0
152062085,2024-11-24T20:28:08.209Z,alminivdmerwe@gmail.com,newsletter,everyone,true,LI,,,,,,Mozilla/5.0
152062085,2024-11-25T01:05:54.406Z,Experimentalunit317@gmail.com,newsletter,everyone,false,US,,,,,,Mozilla/5.0 (Windows NT 5.1; rv:11.0) Gecko Firefox/11.0 (via ggpht.com GoogleImageProxy)
152062085,2024-11-25T02:42:29.635Z,zach.bartell.writer@gmail.com,newsletter,everyone,true,US,,,,,,Mozilla/5.0
152062085,2024-11-25T22:03:55.790Z,rimbsweiler@yahoo.com,newsletter,everyone,false,US,,,,,,Mozilla/5.0
152062085,2024-11-30T17:10:51.614Z,ianwilmoth@gmail.com,newsletter,everyone,true,US,,,,,,Mozilla/5.0 (Windows NT 5.1; rv:11.0) Gecko Firefox/11.0 (via ggpht.com GoogleImageProxy)
152062085,2024-12-03T18:48:47.748Z,ianwilmoth@gmail.com,newsletter,everyone,true,US,,,,,,Mozilla/5.0 (Windows NT 5.1; rv:11.0) Gecko Firefox/11.0 (via ggpht.com GoogleImageProxy)
