post_id,timestamp,email,post_type,post_audience,active_subscription
152062085,2024-11-23T15:41:28.336Z,Experimentalunit317@gmail.com,newsletter,everyone,false
152062085,2024-11-23T15:41:29.240Z,dwightlyman@gmail.com,newsletter,everyone,true
152062085,2024-11-23T15:41:29.277Z,mileswilsondc@gmail.com,newsletter,everyone,true
152062085,2024-11-23T15:41:29.289Z,beansocolofsky@gmail.com,newsletter,everyone,true
152062085,2024-11-23T15:41:29.513Z,kadirgemici066@gmail.com,newsletter,everyone,true
152062085,2024-11-23T15:41:29.566Z,justinaugustwellington@gmail.com,newsletter,everyone,true
152062085,2024-11-23T15:41:29.637Z,joliefleur3435@gmail.com,newsletter,everyone,true
152062085,2024-11-23T15:41:29.651Z,nathanhaile11@gmail.com,newsletter,everyone,true
152062085,2024-11-23T15:41:29.769Z,rimbsweiler@yahoo.com,newsletter,everyone,false
152062085,2024-11-23T15:41:29.918Z,lennoxgravox@gmail.com,newsletter,everyone,true
152062085,2024-11-23T15:41:30.068Z,raynottwoodbead@gmail.com,newsletter,everyone,true
152062085,2024-11-23T15:41:30.107Z,kalakaldruzuzu@gmail.com,newsletter,everyone,true
152062085,2024-11-23T15:41:30.120Z,beer64925@gmail.com,newsletter,everyone,true
152062085,2024-11-23T15:41:30.283Z,djcart137@gmail.com,newsletter,everyone,true
152062085,2024-11-23T15:41:30.285Z,3d0f86f2-e17f-4f2a-8ca5-154e98f6d68a@deletion-request.substack.com,newsletter,everyone,true
152062085,2024-11-23T15:41:30.341Z,mrnononsense02@gmail.com,newsletter,everyone,true
152062085,2024-11-23T15:41:30.413Z,zach.bartell.writer@gmail.com,newsletter,everyone,true
152062085,2024-11-23T15:41:30.415Z,gdg2018mm5@gmail.com,newsletter,everyone,true
152062085,2024-11-23T15:41:30.865Z,daniellemtobias@gmail.com,newsletter,everyone,true
152062085,2024-11-23T15:41:30.865Z,bky074a@gmail.com,newsletter,everyone,true
152062085,2024-11-23T15:41:30.965Z,adooleycox@gmail.com,newsletter,everyone,true
152062085,2024-11-23T15:41:31.040Z,rimbsweiler@gmail.com,newsletter,everyone,true
152062085,2024-11-23T15:41:31.061Z,ianwilmoth@gmail.com,newsletter,everyone,true
152062085,2024-11-23T15:41:31.073Z,evangelinepressblog@gmail.com,newsletter,everyone,true
152062085,2024-11-23T15:41:31.094Z,zutorilla@gmail.com,newsletter,everyone,true
152062085,2024-11-23T15:41:31.112Z,calebgrasse@gmail.com,newsletter,everyone,true
152062085,2024-11-23T15:41:31.136Z,omarionburgess45@gmail.com,newsletter,everyone,true
152062085,2024-11-23T15:41:31.142Z,Twadley@gmail.com,newsletter,everyone,true
152062085,2024-11-23T15:41:31.142Z,briana.j.carroll@gmail.com,newsletter,everyone,true
152062085,2024-11-23T15:41:31.340Z,ahershmc@aol.com,newsletter,everyone,true
152062085,2024-11-23T15:41:31.370Z,tyrickstarksatt@gmail.com,newsletter,everyone,true
152062085,2024-11-23T15:41:31.441Z,rwlbmitchell@gmail.com,newsletter,everyone,true
152062085,2024-11-23T15:41:31.518Z,alminivdmerwe@gmail.com,newsletter,everyone,true
152062085,2024-11-23T15:41:31.619Z,ozs2@cornell.edu,newsletter,everyone,true
152062085,2024-11-23T15:41:31.794Z,apollohlynch@gmail.com,newsletter,everyone,true
152062085,2024-11-23T15:41:31.811Z,itzhak.samara@gmail.com,newsletter,everyone,true
152062085,2024-11-23T15:41:32.036Z,shien.getsuto@gmail.com,newsletter,everyone,true
152062085,2024-11-23T15:41:32.125Z,borealspain@yahoo.co.uk,newsletter,everyone,true
152062085,2024-11-23T15:41:32.258Z,ptdaris@uol.com.br,newsletter,everyone,true
152062085,2024-11-23T15:41:32.406Z,theory.nifty438@passinbox.com,newsletter,everyone,true
152062085,2024-11-23T15:41:34.662Z,dennis@burns.org,newsletter,everyone,true
152062085,2024-11-23T15:41:38.905Z,skyjensen@icloud.com,newsletter,everyone,true
