post_id,timestamp,email,post_type,post_audience,active_subscription
152060922,2024-11-23T15:04:39.583Z,Experimentalunit317@gmail.com,newsletter,everyone,false
152060922,2024-11-23T15:04:43.324Z,rimbsweiler@yahoo.com,newsletter,everyone,false
152060922,2024-11-23T15:04:43.940Z,mileswilsondc@gmail.com,newsletter,everyone,true
152060922,2024-11-23T15:04:43.941Z,dwightlyman@gmail.com,newsletter,everyone,true
152060922,2024-11-23T15:04:43.979Z,beansocolofsky@gmail.com,newsletter,everyone,true
152060922,2024-11-23T15:04:44.310Z,mrnononsense02@gmail.com,newsletter,everyone,true
152060922,2024-11-23T15:04:44.463Z,zach.bartell.writer@gmail.com,newsletter,everyone,true
152060922,2024-11-23T15:04:44.481Z,nathanhaile11@gmail.com,newsletter,everyone,true
152060922,2024-11-23T15:04:44.500Z,beer64925@gmail.com,newsletter,everyone,true
152060922,2024-11-23T15:04:44.536Z,gdg2018mm5@gmail.com,newsletter,everyone,true
152060922,2024-11-23T15:04:44.596Z,djcart137@gmail.com,newsletter,everyone,true
152060922,2024-11-23T15:04:44.612Z,raynottwoodbead@gmail.com,newsletter,everyone,true
152060922,2024-11-23T15:04:44.613Z,justinaugustwellington@gmail.com,newsletter,everyone,true
152060922,2024-11-23T15:04:44.654Z,lennoxgravox@gmail.com,newsletter,everyone,true
152060922,2024-11-23T15:04:44.708Z,joliefleur3435@gmail.com,newsletter,everyone,true
152060922,2024-11-23T15:04:44.803Z,evangelinepressblog@gmail.com,newsletter,everyone,true
152060922,2024-11-23T15:04:44.805Z,kadirgemici066@gmail.com,newsletter,everyone,true
152060922,2024-11-23T15:04:44.844Z,kalakaldruzuzu@gmail.com,newsletter,everyone,true
152060922,2024-11-23T15:04:44.904Z,3d0f86f2-e17f-4f2a-8ca5-154e98f6d68a@deletion-request.substack.com,newsletter,everyone,true
152060922,2024-11-23T15:04:45.592Z,ozs2@cornell.edu,newsletter,everyone,true
152060922,2024-11-23T15:04:46.079Z,adooleycox@gmail.com,newsletter,everyone,true
152060922,2024-11-23T15:04:46.307Z,daniellemtobias@gmail.com,newsletter,everyone,true
152060922,2024-11-23T15:04:49.350Z,bky074a@gmail.com,newsletter,everyone,true
152060922,2024-11-23T15:04:50.679Z,briana.j.carroll@gmail.com,newsletter,everyone,true
152060922,2024-11-23T15:04:50.760Z,shien.getsuto@gmail.com,newsletter,everyone,true
152060922,2024-11-23T15:04:50.761Z,calebgrasse@gmail.com,newsletter,everyone,true
152060922,2024-11-23T15:04:50.867Z,omarionburgess45@gmail.com,newsletter,everyone,true
152060922,2024-11-23T15:04:50.910Z,alminivdmerwe@gmail.com,newsletter,everyone,true
152060922,2024-11-23T15:04:50.951Z,rimbsweiler@gmail.com,newsletter,everyone,true
152060922,2024-11-23T15:04:50.952Z,ianwilmoth@gmail.com,newsletter,everyone,true
152060922,2024-11-23T15:04:50.981Z,Twadley@gmail.com,newsletter,everyone,true
152060922,2024-11-23T15:04:50.989Z,apollohlynch@gmail.com,newsletter,everyone,true
152060922,2024-11-23T15:04:51.101Z,tyrickstarksatt@gmail.com,newsletter,everyone,true
152060922,2024-11-23T15:04:51.151Z,itzhak.samara@gmail.com,newsletter,everyone,true
152060922,2024-11-23T15:04:51.158Z,zutorilla@gmail.com,newsletter,everyone,true
152060922,2024-11-23T15:04:51.199Z,rwlbmitchell@gmail.com,newsletter,everyone,true
152060922,2024-11-23T15:04:52.301Z,theory.nifty438@passinbox.com,newsletter,everyone,true
152060922,2024-11-23T15:04:52.313Z,ahershmc@aol.com,newsletter,everyone,true
152060922,2024-11-23T15:04:52.418Z,borealspain@yahoo.co.uk,newsletter,everyone,true
152060922,2024-11-23T15:04:55.301Z,dennis@burns.org,newsletter,everyone,true
152060922,2024-11-23T15:04:57.508Z,skyjensen@icloud.com,newsletter,everyone,true
152060922,2024-11-23T15:14:47.284Z,ptdaris@uol.com.br,newsletter,everyone,true
