post_id,timestamp,email,post_type,post_audience,active_subscription
152063406,2024-11-23T16:05:19.366Z,nathanhaile11@gmail.com,newsletter,everyone,true
152063406,2024-11-23T16:05:19.418Z,gdg2018mm5@gmail.com,newsletter,everyone,true
152063406,2024-11-23T16:05:19.437Z,evangelinepressblog@gmail.com,newsletter,everyone,true
152063406,2024-11-23T16:05:19.493Z,3d0f86f2-e17f-4f2a-8ca5-154e98f6d68a@deletion-request.substack.com,newsletter,everyone,true
152063406,2024-11-23T16:05:19.517Z,kadirgemici066@gmail.com,newsletter,everyone,true
152063406,2024-11-23T16:05:19.608Z,mrnononsense02@gmail.com,newsletter,everyone,true
152063406,2024-11-23T16:05:19.624Z,lennoxgravox@gmail.com,newsletter,everyone,true
152063406,2024-11-23T16:05:19.721Z,beer64925@gmail.com,newsletter,everyone,true
152063406,2024-11-23T16:05:19.759Z,justinaugustwellington@gmail.com,newsletter,everyone,true
152063406,2024-11-23T16:05:19.766Z,joliefleur3435@gmail.com,newsletter,everyone,true
152063406,2024-11-23T16:05:19.813Z,kalakaldruzuzu@gmail.com,newsletter,everyone,true
152063406,2024-11-23T16:05:20.058Z,raynottwoodbead@gmail.com,newsletter,everyone,true
152063406,2024-11-23T16:05:20.127Z,rimbsweiler@yahoo.com,newsletter,everyone,false
152063406,2024-11-23T16:05:20.129Z,adooleycox@gmail.com,newsletter,everyone,true
152063406,2024-11-23T16:05:20.222Z,daniellemtobias@gmail.com,newsletter,everyone,true
152063406,2024-11-23T16:05:20.340Z,bky074a@gmail.com,newsletter,everyone,true
152063406,2024-11-23T16:05:20.483Z,Experimentalunit317@gmail.com,newsletter,everyone,false
152063406,2024-11-23T16:05:20.707Z,djcart137@gmail.com,newsletter,everyone,true
152063406,2024-11-23T16:05:20.722Z,zach.bartell.writer@gmail.com,newsletter,everyone,true
152063406,2024-11-23T16:05:20.831Z,ozs2@cornell.edu,newsletter,everyone,true
152063406,2024-11-23T16:05:21.165Z,rimbsweiler@gmail.com,newsletter,everyone,true
152063406,2024-11-23T16:05:21.224Z,ptdaris@uol.com.br,newsletter,everyone,true
152063406,2024-11-23T16:05:21.231Z,zutorilla@gmail.com,newsletter,everyone,true
152063406,2024-11-23T16:05:21.328Z,calebgrasse@gmail.com,newsletter,everyone,true
152063406,2024-11-23T16:05:21.329Z,tyrickstarksatt@gmail.com,newsletter,everyone,true
152063406,2024-11-23T16:05:21.342Z,dwightlyman@gmail.com,newsletter,everyone,true
152063406,2024-11-23T16:05:21.349Z,omarionburgess45@gmail.com,newsletter,everyone,true
152063406,2024-11-23T16:05:21.411Z,shien.getsuto@gmail.com,newsletter,everyone,true
152063406,2024-11-23T16:05:21.568Z,Twadley@gmail.com,newsletter,everyone,true
152063406,2024-11-23T16:05:21.732Z,ianwilmoth@gmail.com,newsletter,everyone,true
152063406,2024-11-23T16:05:21.734Z,itzhak.samara@gmail.com,newsletter,everyone,true
152063406,2024-11-23T16:05:21.750Z,apollohlynch@gmail.com,newsletter,everyone,true
152063406,2024-11-23T16:05:21.769Z,rwlbmitchell@gmail.com,newsletter,everyone,true
152063406,2024-11-23T16:05:21.784Z,ahershmc@aol.com,newsletter,everyone,true
152063406,2024-11-23T16:05:21.807Z,mileswilsondc@gmail.com,newsletter,everyone,true
152063406,2024-11-23T16:05:21.833Z,beansocolofsky@gmail.com,newsletter,everyone,true
152063406,2024-11-23T16:05:21.838Z,alminivdmerwe@gmail.com,newsletter,everyone,true
152063406,2024-11-23T16:05:21.906Z,briana.j.carroll@gmail.com,newsletter,everyone,true
152063406,2024-11-23T16:05:22.066Z,borealspain@yahoo.co.uk,newsletter,everyone,true
152063406,2024-11-23T16:05:22.155Z,theory.nifty438@passinbox.com,newsletter,everyone,true
152063406,2024-11-23T16:05:22.990Z,skyjensen@icloud.com,newsletter,everyone,true
152063406,2024-11-23T16:05:24.074Z,dennis@burns.org,newsletter,everyone,true
