post_id,timestamp,email,post_type,post_audience,active_subscription
152141014,2024-11-25T15:26:30.800Z,Experimentalunit317@gmail.com,newsletter,everyone,false
152141014,2024-11-25T15:26:31.150Z,mileswilsondc@gmail.com,newsletter,everyone,true
152141014,2024-11-25T15:26:31.259Z,beansocolofsky@gmail.com,newsletter,everyone,true
152141014,2024-11-25T15:26:31.467Z,dwightlyman@gmail.com,newsletter,everyone,true
152141014,2024-11-25T15:26:31.550Z,rimbsweiler@yahoo.com,newsletter,everyone,false
152141014,2024-11-25T15:26:31.780Z,3d0f86f2-e17f-4f2a-8ca5-154e98f6d68a@deletion-request.substack.com,newsletter,everyone,true
152141014,2024-11-25T15:26:31.851Z,mrnononsense02@gmail.com,newsletter,everyone,true
152141014,2024-11-25T15:26:31.889Z,djcart137@gmail.com,newsletter,everyone,true
152141014,2024-11-25T15:26:31.921Z,raynottwoodbead@gmail.com,newsletter,everyone,true
152141014,2024-11-25T15:26:32.028Z,kalakaldruzuzu@gmail.com,newsletter,everyone,true
152141014,2024-11-25T15:26:32.321Z,justinaugustwellington@gmail.com,newsletter,everyone,true
152141014,2024-11-25T15:26:32.570Z,lennoxgravox@gmail.com,newsletter,everyone,true
152141014,2024-11-25T15:26:32.660Z,nathanhaile11@gmail.com,newsletter,everyone,true
152141014,2024-11-25T15:26:32.922Z,evangelinepressblog@gmail.com,newsletter,everyone,true
152141014,2024-11-25T15:26:32.972Z,zach.bartell.writer@gmail.com,newsletter,everyone,true
152141014,2024-11-25T15:26:33.007Z,gdg2018mm5@gmail.com,newsletter,everyone,true
152141014,2024-11-25T15:26:33.065Z,rimbsweiler@gmail.com,newsletter,everyone,true
152141014,2024-11-25T15:26:33.169Z,shien.getsuto@gmail.com,newsletter,everyone,true
152141014,2024-11-25T15:26:33.174Z,alminivdmerwe@gmail.com,newsletter,everyone,true
152141014,2024-11-25T15:26:33.443Z,bky074a@gmail.com,newsletter,everyone,true
152141014,2024-11-25T15:26:33.649Z,briana.j.carroll@gmail.com,newsletter,everyone,true
152141014,2024-11-25T15:26:33.653Z,beer64925@gmail.com,newsletter,everyone,true
152141014,2024-11-25T15:26:33.820Z,kadirgemici066@gmail.com,newsletter,everyone,true
152141014,2024-11-25T15:26:33.902Z,ozs2@cornell.edu,newsletter,everyone,true
152141014,2024-11-25T15:26:33.905Z,zutorilla@gmail.com,newsletter,everyone,true
152141014,2024-11-25T15:26:33.940Z,ianwilmoth@gmail.com,newsletter,everyone,true
152141014,2024-11-25T15:26:34.075Z,apollohlynch@gmail.com,newsletter,everyone,true
152141014,2024-11-25T15:26:34.233Z,daniellemtobias@gmail.com,newsletter,everyone,true
152141014,2024-11-25T15:26:34.308Z,ahershmc@aol.com,newsletter,everyone,true
152141014,2024-11-25T15:26:34.336Z,Twadley@gmail.com,newsletter,everyone,true
152141014,2024-11-25T15:26:34.336Z,adooleycox@gmail.com,newsletter,everyone,true
152141014,2024-11-25T15:26:34.490Z,calebgrasse@gmail.com,newsletter,everyone,true
152141014,2024-11-25T15:26:34.562Z,itzhak.samara@gmail.com,newsletter,everyone,true
152141014,2024-11-25T15:26:34.573Z,borealspain@yahoo.co.uk,newsletter,everyone,true
152141014,2024-11-25T15:26:34.578Z,omarionburgess45@gmail.com,newsletter,everyone,true
152141014,2024-11-25T15:26:34.754Z,tyrickstarksatt@gmail.com,newsletter,everyone,true
152141014,2024-11-25T15:26:35.644Z,theory.nifty438@passinbox.com,newsletter,everyone,true
152141014,2024-11-25T15:26:35.888Z,dennis@burns.org,newsletter,everyone,true
152141014,2024-11-25T15:26:35.966Z,rwlbmitchell@gmail.com,newsletter,everyone,true
152141014,2024-11-25T15:26:38.000Z,ptdaris@uol.com.br,newsletter,everyone,true
152141014,2024-11-25T15:26:38.911Z,skyjensen@icloud.com,newsletter,everyone,true
