post_id,timestamp,email,post_type,post_audience,active_subscription,country,city,region,device_type,client_os,client_type,user_agent
152225535,2024-11-27T05:23:39.843Z,skyjensen@icloud.com,podcast,everyone,true,NL,,,,,,Mozilla/5.0
152225535,2024-11-27T05:27:56.719Z,ptdaris@uol.com.br,podcast,everyone,true,BR,,,,,,Mozilla/4.0 (compatible; ms-office; MSOffice 16)
152225535,2024-11-27T05:34:34.673Z,mileswilsondc@gmail.com,podcast,everyone,true,GB,,,,,,Mozilla/5.0
152225535,2024-11-27T05:42:05.183Z,skyjensen@icloud.com,podcast,everyone,true,US,,,,,,Mozilla/5.0
152225535,2024-11-27T05:55:05.797Z,zach.bartell.writer@gmail.com,podcast,everyone,true,US,,,,,,Mozilla/5.0
152225535,2024-11-27T06:10:58.849Z,borealspain@yahoo.co.uk,podcast,everyone,true,US,,,,,,Mozilla/5.0
152225535,2024-11-27T06:23:40.208Z,nathanhaile11@gmail.com,podcast,everyone,true,US,,,,,,Mozilla/5.0
152225535,2024-11-27T06:32:32.792Z,dwightlyman@gmail.com,podcast,everyone,true,US,,,,,,Mozilla/5.0
152225535,2024-11-27T06:35:14.347Z,dwightlyman@gmail.com,podcast,everyone,true,US,,,,,,Mozilla/5.0
152225535,2024-11-27T06:40:10.161Z,dennis@burns.org,podcast,everyone,true,US,,,,,,Mozilla/4.0 (compatible; ms-office; MSOffice 16)
152225535,2024-11-27T06:40:10.788Z,dennis@burns.org,podcast,everyone,true,US,,,,,,Mozilla/4.0 (compatible; ms-office; MSOffice 16)
152225535,2024-11-27T07:20:50.632Z,briana.j.carroll@gmail.com,podcast,everyone,true,US,,,,,,Mozilla/5.0 (Windows NT 5.1; rv:11.0) Gecko Firefox/11.0 (via ggpht.com GoogleImageProxy)
152225535,2024-11-27T07:38:19.832Z,lennoxgravox@gmail.com,podcast,everyone,true,US,,,,,,Mozilla/5.0 (Windows NT 5.1; rv:11.0) Gecko Firefox/11.0 (via ggpht.com GoogleImageProxy)
152225535,2024-11-27T07:51:14.046Z,alminivdmerwe@gmail.com,podcast,everyone,true,LI,,,,,,Mozilla/5.0
152225535,2024-11-27T08:22:09.567Z,ianwilmoth@gmail.com,podcast,everyone,true,US,,,,,,Mozilla/5.0
152225535,2024-11-27T11:20:50.092Z,apollohlynch@gmail.com,podcast,everyone,true,US,,,,,,Mozilla/5.0
152225535,2024-11-27T11:29:24.681Z,daniellemtobias@gmail.com,podcast,everyone,true,US,,,,,,Mozilla/5.0 (Windows NT 5.1; rv:11.0) Gecko Firefox/11.0 (via ggpht.com GoogleImageProxy)
152225535,2024-11-27T12:17:35.996Z,beansocolofsky@gmail.com,podcast,everyone,true,US,,,,,,Mozilla/5.0 (Windows NT 5.1; rv:11.0) Gecko Firefox/11.0 (via ggpht.com GoogleImageProxy)
152225535,2024-11-27T12:34:03.375Z,nathanhaile11@gmail.com,podcast,everyone,true,US,,,,,,Mozilla/5.0 (Windows NT 5.1; rv:11.0) Gecko Firefox/11.0 (via ggpht.com GoogleImageProxy)
152225535,2024-11-27T13:07:26.892Z,rimbsweiler@yahoo.com,podcast,everyone,false,NL,,,,,,Mozilla/5.0
152225535,2024-11-27T13:07:41.856Z,adooleycox@gmail.com,podcast,everyone,true,US,,,,,,Mozilla/5.0 (Windows NT 5.1; rv:11.0) Gecko Firefox/11.0 (via ggpht.com GoogleImageProxy)
152225535,2024-11-27T13:25:02.306Z,rwlbmitchell@gmail.com,podcast,everyone,true,US,,,,,,Mozilla/5.0 (Windows NT 5.1; rv:11.0) Gecko Firefox/11.0 (via ggpht.com GoogleImageProxy)
152225535,2024-11-27T13:59:53.388Z,adooleycox@gmail.com,podcast,everyone,true,US,,,,,,Mozilla/5.0 (Windows NT 5.1; rv:11.0) Gecko Firefox/11.0 (via ggpht.com GoogleImageProxy)
152225535,2024-11-28T08:13:55.899Z,alminivdmerwe@gmail.com,podcast,everyone,true,LI,,,,,,Mozilla/5.0
152225535,2024-11-30T16:58:43.733Z,evangelinepressblog@gmail.com,podcast,everyone,true,US,,,,,,Mozilla/5.0 (Windows NT 5.1; rv:11.0) Gecko Firefox/11.0 (via ggpht.com GoogleImageProxy)
152225535,2024-12-03T18:46:45.480Z,ianwilmoth@gmail.com,podcast,everyone,true,US,,,,,,Mozilla/5.0 (Windows NT 5.1; rv:11.0) Gecko Firefox/11.0 (via ggpht.com GoogleImageProxy)
152225535,2024-12-18T02:42:33.816Z,dwightlyman@gmail.com,podcast,everyone,true,US,,,,,,Mozilla/5.0
152225535,2024-12-19T18:03:54.937Z,rwlbmitchell@gmail.com,podcast,everyone,true,US,,,,,,Mozilla/5.0 (Windows NT 5.1; rv:11.0) Gecko Firefox/11.0 (via ggpht.com GoogleImageProxy)
152225535,2024-12-23T04:09:29.008Z,dwightlyman@gmail.com,podcast,everyone,true,US,,,,,,Mozilla/5.0
