post_id,timestamp,email,post_type,post_audience,active_subscription
152225535,2024-11-27T05:20:49.836Z,rimbsweiler@yahoo.com,podcast,everyone,false
152225535,2024-11-27T05:20:50.014Z,dwightlyman@gmail.com,podcast,everyone,true
152225535,2024-11-27T05:20:50.214Z,beansocolofsky@gmail.com,podcast,everyone,true
152225535,2024-11-27T05:20:50.642Z,Experimentalunit317@gmail.com,podcast,everyone,false
152225535,2024-11-27T05:20:50.698Z,nathanhaile11@gmail.com,podcast,everyone,true
152225535,2024-11-27T05:20:50.708Z,raynottwoodbead@gmail.com,podcast,everyone,true
152225535,2024-11-27T05:20:50.729Z,beer64925@gmail.com,podcast,everyone,true
152225535,2024-11-27T05:20:50.738Z,djcart137@gmail.com,podcast,everyone,true
152225535,2024-11-27T05:20:50.794Z,evangelinepressblog@gmail.com,podcast,everyone,true
152225535,2024-11-27T05:20:50.964Z,mileswilsondc@gmail.com,podcast,everyone,true
152225535,2024-11-27T05:20:51.004Z,justinaugustwellington@gmail.com,podcast,everyone,true
152225535,2024-11-27T05:20:51.064Z,lennoxgravox@gmail.com,podcast,everyone,true
152225535,2024-11-27T05:20:51.239Z,mrnononsense02@gmail.com,podcast,everyone,true
152225535,2024-11-27T05:20:51.241Z,bky074a@gmail.com,podcast,everyone,true
152225535,2024-11-27T05:20:51.258Z,zach.bartell.writer@gmail.com,podcast,everyone,true
152225535,2024-11-27T05:20:51.261Z,3d0f86f2-e17f-4f2a-8ca5-154e98f6d68a@deletion-request.substack.com,podcast,everyone,true
152225535,2024-11-27T05:20:51.362Z,kadirgemici066@gmail.com,podcast,everyone,true
152225535,2024-11-27T05:20:51.505Z,adooleycox@gmail.com,podcast,everyone,true
152225535,2024-11-27T05:20:51.605Z,daniellemtobias@gmail.com,podcast,everyone,true
152225535,2024-11-27T05:20:51.823Z,gdg2018mm5@gmail.com,podcast,everyone,true
152225535,2024-11-27T05:20:51.937Z,briana.j.carroll@gmail.com,podcast,everyone,true
152225535,2024-11-27T05:20:51.995Z,Twadley@gmail.com,podcast,everyone,true
152225535,2024-11-27T05:20:52.000Z,zutorilla@gmail.com,podcast,everyone,true
152225535,2024-11-27T05:20:52.004Z,shien.getsuto@gmail.com,podcast,everyone,true
152225535,2024-11-27T05:20:52.020Z,kalakaldruzuzu@gmail.com,podcast,everyone,true
152225535,2024-11-27T05:20:52.043Z,rimbsweiler@gmail.com,podcast,everyone,true
152225535,2024-11-27T05:20:52.116Z,calebgrasse@gmail.com,podcast,everyone,true
152225535,2024-11-27T05:20:52.134Z,apollohlynch@gmail.com,podcast,everyone,true
152225535,2024-11-27T05:20:52.189Z,itzhak.samara@gmail.com,podcast,everyone,true
152225535,2024-11-27T05:20:52.279Z,tyrickstarksatt@gmail.com,podcast,everyone,true
152225535,2024-11-27T05:20:52.297Z,rwlbmitchell@gmail.com,podcast,everyone,true
152225535,2024-11-27T05:20:52.303Z,alminivdmerwe@gmail.com,podcast,everyone,true
152225535,2024-11-27T05:20:52.405Z,ianwilmoth@gmail.com,podcast,everyone,true
152225535,2024-11-27T05:20:52.580Z,omarionburgess45@gmail.com,podcast,everyone,true
152225535,2024-11-27T05:20:52.700Z,ahershmc@aol.com,podcast,everyone,true
152225535,2024-11-27T05:20:52.915Z,borealspain@yahoo.co.uk,podcast,everyone,true
152225535,2024-11-27T05:20:53.068Z,ptdaris@uol.com.br,podcast,everyone,true
152225535,2024-11-27T05:20:53.108Z,ozs2@cornell.edu,podcast,everyone,true
152225535,2024-11-27T05:20:54.058Z,theory.nifty438@passinbox.com,podcast,everyone,true
152225535,2024-11-27T05:20:54.688Z,dennis@burns.org,podcast,everyone,true
152225535,2024-11-27T05:20:55.858Z,skyjensen@icloud.com,podcast,everyone,true
