post_id,timestamp,email,post_type,post_audience,active_subscription
152360143,2025-02-09T19:31:27.344Z,Experimentalunit317@gmail.com,newsletter,everyone,false
152360143,2025-02-09T19:31:28.974Z,beansocolofsky@gmail.com,newsletter,everyone,true
152360143,2025-02-09T19:31:29.093Z,beer64925@gmail.com,newsletter,everyone,true
152360143,2025-02-09T19:31:29.094Z,raynottwoodbead@gmail.com,newsletter,everyone,true
152360143,2025-02-09T19:31:29.127Z,3d0f86f2-e17f-4f2a-8ca5-154e98f6d68a@deletion-request.substack.com,newsletter,everyone,true
152360143,2025-02-09T19:31:29.137Z,kalakaldruzuzu@gmail.com,newsletter,everyone,true
152360143,2025-02-09T19:31:29.582Z,djcart137@gmail.com,newsletter,everyone,true
152360143,2025-02-09T19:31:29.858Z,dwightlyman@gmail.com,newsletter,everyone,true
152360143,2025-02-09T19:31:29.930Z,zach.bartell.writer@gmail.com,newsletter,everyone,true
152360143,2025-02-09T19:31:30.124Z,justinaugustwellington@gmail.com,newsletter,everyone,true
152360143,2025-02-09T19:31:30.135Z,lennoxgravox@gmail.com,newsletter,everyone,true
152360143,2025-02-09T19:31:30.168Z,nathanhaile11@gmail.com,newsletter,everyone,true
152360143,2025-02-09T19:31:30.259Z,gdg2018mm5@gmail.com,newsletter,everyone,true
152360143,2025-02-09T19:31:30.276Z,evangelinepressblog@gmail.com,newsletter,everyone,true
152360143,2025-02-09T19:31:30.393Z,kadirgemici066@gmail.com,newsletter,everyone,true
152360143,2025-02-09T19:31:30.603Z,ptdaris@uol.com.br,newsletter,everyone,true
152360143,2025-02-09T19:31:30.634Z,mrnononsense02@gmail.com,newsletter,everyone,true
152360143,2025-02-09T19:31:30.651Z,bky074a@gmail.com,newsletter,everyone,true
152360143,2025-02-09T19:31:30.749Z,rimbsweiler@yahoo.com,newsletter,everyone,false
152360143,2025-02-09T19:31:30.901Z,harrisbrian321@gmail.com,newsletter,everyone,true
152360143,2025-02-09T19:31:31.423Z,mileswilsondc@gmail.com,newsletter,everyone,true
152360143,2025-02-09T19:31:31.504Z,ianwilmoth@gmail.com,newsletter,everyone,true
152360143,2025-02-09T19:31:31.508Z,adooleycox@gmail.com,newsletter,everyone,true
152360143,2025-02-09T19:31:31.548Z,calebgrasse@gmail.com,newsletter,everyone,true
152360143,2025-02-09T19:31:31.558Z,briana.j.carroll@gmail.com,newsletter,everyone,true
152360143,2025-02-09T19:31:31.567Z,semakpa@gmail.com,newsletter,everyone,true
152360143,2025-02-09T19:31:31.577Z,shien.getsuto@gmail.com,newsletter,everyone,true
152360143,2025-02-09T19:31:31.577Z,jasontrew@gmail.com,newsletter,everyone,true
152360143,2025-02-09T19:31:31.578Z,apollohlynch@gmail.com,newsletter,everyone,true
152360143,2025-02-09T19:31:31.680Z,rwlbmitchell@gmail.com,newsletter,everyone,true
152360143,2025-02-09T19:31:31.764Z,ahershmc@aol.com,newsletter,everyone,true
152360143,2025-02-09T19:31:31.795Z,virknavkaur@gmail.com,newsletter,everyone,true
152360143,2025-02-09T19:31:31.878Z,growlyted@gmail.com,newsletter,everyone,true
152360143,2025-02-09T19:31:31.893Z,Twadley@gmail.com,newsletter,everyone,true
152360143,2025-02-09T19:31:31.939Z,borealspain@yahoo.co.uk,newsletter,everyone,true
152360143,2025-02-09T19:31:31.972Z,zutorilla@gmail.com,newsletter,everyone,true
152360143,2025-02-09T19:31:32.031Z,itzhak.samara@gmail.com,newsletter,everyone,true
152360143,2025-02-09T19:31:32.146Z,ozs2@cornell.edu,newsletter,everyone,true
152360143,2025-02-09T19:31:32.643Z,rimbsweiler@gmail.com,newsletter,everyone,true
152360143,2025-02-09T19:31:32.702Z,alminivdmerwe@gmail.com,newsletter,everyone,true
152360143,2025-02-09T19:31:33.590Z,theory.nifty438@passinbox.com,newsletter,everyone,true
152360143,2025-02-09T19:31:34.622Z,dennis@burns.org,newsletter,everyone,true
152360143,2025-02-09T19:31:37.996Z,skyjensen@icloud.com,newsletter,everyone,true
