post_id,timestamp,email,post_type,post_audience,active_subscription,country,city,region,device_type,client_os,client_type,user_agent
152360143,2025-02-09T19:49:06.016Z,skyjensen@icloud.com,newsletter,everyone,true,US,,,,,,Mozilla/5.0
152360143,2025-02-09T19:49:41.479Z,briana.j.carroll@gmail.com,newsletter,everyone,true,US,,,,,,Mozilla/5.0 (Windows NT 5.1; rv:11.0) Gecko Firefox/11.0 (via ggpht.com GoogleImageProxy)
152360143,2025-02-09T19:51:40.763Z,virknavkaur@gmail.com,newsletter,everyone,true,US,,,,,,Mozilla/5.0 (Windows NT 5.1; rv:11.0) Gecko Firefox/11.0 (via ggpht.com GoogleImageProxy)
152360143,2025-02-09T20:16:11.621Z,borealspain@yahoo.co.uk,newsletter,everyone,true,US,,,,,,Mozilla/5.0
152360143,2025-02-09T20:26:20.384Z,alminivdmerwe@gmail.com,newsletter,everyone,true,LI,,,,,,Mozilla/5.0
152360143,2025-02-09T20:53:30.174Z,mileswilsondc@gmail.com,newsletter,everyone,true,US,,,,,,Mozilla/5.0 (Windows NT 5.1; rv:11.0) Gecko Firefox/11.0 (via ggpht.com GoogleImageProxy)
152360143,2025-02-09T20:54:03.238Z,mileswilsondc@gmail.com,newsletter,everyone,true,US,,,,,,Mozilla/5.0
152360143,2025-02-09T22:19:10.152Z,ptdaris@uol.com.br,newsletter,everyone,true,BR,,,,,,Mozilla/4.0 (compatible; ms-office; MSOffice 16)
152360143,2025-02-10T03:30:22.478Z,ianwilmoth@gmail.com,newsletter,everyone,true,US,,,,,,Mozilla/5.0
152360143,2025-02-10T03:58:05.684Z,jasontrew@gmail.com,newsletter,everyone,true,US,,,,,,Mozilla/5.0
152360143,2025-02-10T05:02:59.315Z,skyjensen@icloud.com,newsletter,everyone,true,US,,,,,,Mozilla/5.0
152360143,2025-02-10T07:55:49.113Z,alminivdmerwe@gmail.com,newsletter,everyone,true,LI,,,,,,Mozilla/5.0
152360143,2025-02-10T14:29:30.247Z,rimbsweiler@yahoo.com,newsletter,everyone,false,US,,,,,,Mozilla/5.0
152360143,2025-02-10T15:57:37.897Z,apollohlynch@gmail.com,newsletter,everyone,true,US,,,,,,Mozilla/5.0
152360143,2025-02-10T16:03:05.423Z,harrisbrian321@gmail.com,newsletter,everyone,true,CA,,,,,,Mozilla/5.0
152360143,2025-02-11T02:54:51.379Z,zach.bartell.writer@gmail.com,newsletter,everyone,true,US,,,,,,Mozilla/5.0
152360143,2025-02-26T04:22:27.938Z,nathanhaile11@gmail.com,newsletter,everyone,true,MX,,,,,,Mozilla/5.0
