post_id,timestamp,email,post_type,post_audience,active_subscription
152761717,2025-02-09T19:30:59.196Z,Experimentalunit317@gmail.com,podcast,everyone,false
152761717,2025-02-09T19:30:59.386Z,beansocolofsky@gmail.com,podcast,everyone,true
152761717,2025-02-09T19:30:59.542Z,lennoxgravox@gmail.com,podcast,everyone,true
152761717,2025-02-09T19:30:59.588Z,nathanhaile11@gmail.com,podcast,everyone,true
152761717,2025-02-09T19:30:59.619Z,justinaugustwellington@gmail.com,podcast,everyone,true
152761717,2025-02-09T19:30:59.631Z,evangelinepressblog@gmail.com,podcast,everyone,true
152761717,2025-02-09T19:30:59.632Z,kadirgemici066@gmail.com,podcast,everyone,true
152761717,2025-02-09T19:30:59.689Z,gdg2018mm5@gmail.com,podcast,everyone,true
152761717,2025-02-09T19:30:59.711Z,dwightlyman@gmail.com,podcast,everyone,true
152761717,2025-02-09T19:30:59.964Z,bky074a@gmail.com,podcast,everyone,true
152761717,2025-02-09T19:31:00.012Z,3d0f86f2-e17f-4f2a-8ca5-154e98f6d68a@deletion-request.substack.com,podcast,everyone,true
152761717,2025-02-09T19:31:00.012Z,kalakaldruzuzu@gmail.com,podcast,everyone,true
152761717,2025-02-09T19:31:00.016Z,zach.bartell.writer@gmail.com,podcast,everyone,true
152761717,2025-02-09T19:31:00.036Z,djcart137@gmail.com,podcast,everyone,true
152761717,2025-02-09T19:31:00.116Z,mileswilsondc@gmail.com,podcast,everyone,true
152761717,2025-02-09T19:31:00.145Z,harrisbrian321@gmail.com,podcast,everyone,true
152761717,2025-02-09T19:31:00.244Z,mrnononsense02@gmail.com,podcast,everyone,true
152761717,2025-02-09T19:31:00.267Z,rimbsweiler@yahoo.com,podcast,everyone,false
152761717,2025-02-09T19:31:00.358Z,raynottwoodbead@gmail.com,podcast,everyone,true
152761717,2025-02-09T19:31:00.499Z,beer64925@gmail.com,podcast,everyone,true
152761717,2025-02-09T19:31:01.092Z,ptdaris@uol.com.br,podcast,everyone,true
152761717,2025-02-09T19:31:01.484Z,semakpa@gmail.com,podcast,everyone,true
152761717,2025-02-09T19:31:01.895Z,briana.j.carroll@gmail.com,podcast,everyone,true
152761717,2025-02-09T19:31:01.905Z,calebgrasse@gmail.com,podcast,everyone,true
152761717,2025-02-09T19:31:01.911Z,Twadley@gmail.com,podcast,everyone,true
152761717,2025-02-09T19:31:01.994Z,adooleycox@gmail.com,podcast,everyone,true
152761717,2025-02-09T19:31:02.014Z,ianwilmoth@gmail.com,podcast,everyone,true
152761717,2025-02-09T19:31:02.021Z,ozs2@cornell.edu,podcast,everyone,true
152761717,2025-02-09T19:31:02.038Z,zutorilla@gmail.com,podcast,everyone,true
152761717,2025-02-09T19:31:02.042Z,alminivdmerwe@gmail.com,podcast,everyone,true
152761717,2025-02-09T19:31:02.046Z,apollohlynch@gmail.com,podcast,everyone,true
152761717,2025-02-09T19:31:02.054Z,rwlbmitchell@gmail.com,podcast,everyone,true
152761717,2025-02-09T19:31:02.120Z,shien.getsuto@gmail.com,podcast,everyone,true
152761717,2025-02-09T19:31:02.277Z,growlyted@gmail.com,podcast,everyone,true
152761717,2025-02-09T19:31:02.765Z,jasontrew@gmail.com,podcast,everyone,true
152761717,2025-02-09T19:31:02.879Z,virknavkaur@gmail.com,podcast,everyone,true
152761717,2025-02-09T19:31:02.972Z,ahershmc@aol.com,podcast,everyone,true
152761717,2025-02-09T19:31:03.037Z,borealspain@yahoo.co.uk,podcast,everyone,true
152761717,2025-02-09T19:31:03.110Z,itzhak.samara@gmail.com,podcast,everyone,true
152761717,2025-02-09T19:31:03.210Z,rimbsweiler@gmail.com,podcast,everyone,true
152761717,2025-02-09T19:31:04.145Z,skyjensen@icloud.com,podcast,everyone,true
152761717,2025-02-09T19:31:04.680Z,theory.nifty438@passinbox.com,podcast,everyone,true
152761717,2025-02-09T19:31:04.780Z,dennis@burns.org,podcast,everyone,true
