post_id,timestamp,email,post_type,post_audience,active_subscription,country,city,region,device_type,client_os,client_type,user_agent
152761717,2025-02-09T19:42:55.397Z,dwightlyman@gmail.com,podcast,everyone,true,US,,,,,,Mozilla/5.0
152761717,2025-02-09T19:49:06.015Z,skyjensen@icloud.com,podcast,everyone,true,US,,,,,,Mozilla/5.0
152761717,2025-02-09T19:57:46.743Z,briana.j.carroll@gmail.com,podcast,everyone,true,US,,,,,,Mozilla/5.0 (Windows NT 5.1; rv:11.0) Gecko Firefox/11.0 (via ggpht.com GoogleImageProxy)
152761717,2025-02-09T20:16:11.622Z,borealspain@yahoo.co.uk,podcast,everyone,true,US,,,,,,Mozilla/5.0
152761717,2025-02-09T20:26:20.383Z,alminivdmerwe@gmail.com,podcast,everyone,true,LI,,,,,,Mozilla/5.0
152761717,2025-02-09T20:53:30.016Z,mileswilsondc@gmail.com,podcast,everyone,true,US,,,,,,Mozilla/5.0 (Windows NT 5.1; rv:11.0) Gecko Firefox/11.0 (via ggpht.com GoogleImageProxy)
152761717,2025-02-09T20:54:03.247Z,mileswilsondc@gmail.com,podcast,everyone,true,US,,,,,,Mozilla/5.0
152761717,2025-02-09T22:19:11.378Z,ptdaris@uol.com.br,podcast,everyone,true,BR,,,,,,Mozilla/4.0 (compatible; ms-office; MSOffice 16)
152761717,2025-02-10T00:55:57.671Z,dwightlyman@gmail.com,podcast,everyone,true,US,,,,,,Mozilla/5.0
152761717,2025-02-10T03:30:22.481Z,ianwilmoth@gmail.com,podcast,everyone,true,US,,,,,,Mozilla/5.0
152761717,2025-02-10T04:17:00.902Z,jasontrew@gmail.com,podcast,everyone,true,US,,,,,,Mozilla/5.0
152761717,2025-02-10T05:02:59.314Z,skyjensen@icloud.com,podcast,everyone,true,US,,,,,,Mozilla/5.0
152761717,2025-02-10T07:55:49.113Z,alminivdmerwe@gmail.com,podcast,everyone,true,LI,,,,,,Mozilla/5.0
152761717,2025-02-10T12:03:53.881Z,bky074a@gmail.com,podcast,everyone,true,US,,,,,,Mozilla/5.0 (Windows NT 5.1; rv:11.0) Gecko Firefox/11.0 (via ggpht.com GoogleImageProxy)
152761717,2025-02-10T14:29:30.249Z,rimbsweiler@yahoo.com,podcast,everyone,false,US,,,,,,Mozilla/5.0
152761717,2025-02-10T15:57:37.898Z,apollohlynch@gmail.com,podcast,everyone,true,US,,,,,,Mozilla/5.0
152761717,2025-02-10T16:03:05.426Z,harrisbrian321@gmail.com,podcast,everyone,true,CA,,,,,,Mozilla/5.0
152761717,2025-02-11T02:54:51.376Z,zach.bartell.writer@gmail.com,podcast,everyone,true,US,,,,,,Mozilla/5.0
152761717,2025-02-14T22:29:19.884Z,briana.j.carroll@gmail.com,podcast,everyone,true,US,,,,,,Mozilla/5.0 (Windows NT 5.1; rv:11.0) Gecko Firefox/11.0 (via ggpht.com GoogleImageProxy)
152761717,2025-02-26T04:22:27.941Z,nathanhaile11@gmail.com,podcast,everyone,true,MX,,,,,,Mozilla/5.0
