post_id,timestamp,email,post_type,post_audience,active_subscription
152820048,2024-12-09T01:09:26.358Z,dwightlyman@gmail.com,newsletter,everyone,true
152820048,2024-12-09T01:09:26.445Z,beansocolofsky@gmail.com,newsletter,everyone,true
152820048,2024-12-09T01:09:27.069Z,Experimentalunit317@gmail.com,newsletter,everyone,false
152820048,2024-12-09T01:09:27.093Z,rimbsweiler@yahoo.com,newsletter,everyone,false
152820048,2024-12-09T01:09:27.793Z,kadirgemici066@gmail.com,newsletter,everyone,true
152820048,2024-12-09T01:09:27.907Z,lennoxgravox@gmail.com,newsletter,everyone,true
152820048,2024-12-09T01:09:27.928Z,evangelinepressblog@gmail.com,newsletter,everyone,true
152820048,2024-12-09T01:09:28.068Z,gdg2018mm5@gmail.com,newsletter,everyone,true
152820048,2024-12-09T01:09:28.354Z,justinaugustwellington@gmail.com,newsletter,everyone,true
152820048,2024-12-09T01:09:28.769Z,Twadley@gmail.com,newsletter,everyone,true
152820048,2024-12-09T01:09:28.824Z,zach.bartell.writer@gmail.com,newsletter,everyone,true
152820048,2024-12-09T01:09:28.869Z,shien.getsuto@gmail.com,newsletter,everyone,true
152820048,2024-12-09T01:09:28.881Z,ozs2@cornell.edu,newsletter,everyone,true
152820048,2024-12-09T01:09:28.891Z,omarionburgess45@gmail.com,newsletter,everyone,true
152820048,2024-12-09T01:09:28.905Z,kalakaldruzuzu@gmail.com,newsletter,everyone,true
152820048,2024-12-09T01:09:28.913Z,3d0f86f2-e17f-4f2a-8ca5-154e98f6d68a@deletion-request.substack.com,newsletter,everyone,true
152820048,2024-12-09T01:09:28.920Z,itzhak.samara@gmail.com,newsletter,everyone,true
152820048,2024-12-09T01:09:28.944Z,adooleycox@gmail.com,newsletter,everyone,true
152820048,2024-12-09T01:09:28.958Z,daniellemtobias@gmail.com,newsletter,everyone,true
152820048,2024-12-09T01:09:28.977Z,ianwilmoth@gmail.com,newsletter,everyone,true
152820048,2024-12-09T01:09:28.996Z,rimbsweiler@gmail.com,newsletter,everyone,true
152820048,2024-12-09T01:09:29.026Z,beer64925@gmail.com,newsletter,everyone,true
152820048,2024-12-09T01:09:29.046Z,mileswilsondc@gmail.com,newsletter,everyone,true
152820048,2024-12-09T01:09:29.084Z,alminivdmerwe@gmail.com,newsletter,everyone,true
152820048,2024-12-09T01:09:29.086Z,harrisbrian321@gmail.com,newsletter,everyone,true
152820048,2024-12-09T01:09:29.112Z,calebgrasse@gmail.com,newsletter,everyone,true
152820048,2024-12-09T01:09:29.134Z,apollohlynch@gmail.com,newsletter,everyone,true
152820048,2024-12-09T01:09:29.143Z,zutorilla@gmail.com,newsletter,everyone,true
152820048,2024-12-09T01:09:29.168Z,nathanhaile11@gmail.com,newsletter,everyone,true
152820048,2024-12-09T01:09:29.174Z,rwlbmitchell@gmail.com,newsletter,everyone,true
152820048,2024-12-09T01:09:29.249Z,mrnononsense02@gmail.com,newsletter,everyone,true
152820048,2024-12-09T01:09:29.332Z,bky074a@gmail.com,newsletter,everyone,true
152820048,2024-12-09T01:09:29.498Z,ahershmc@aol.com,newsletter,everyone,true
152820048,2024-12-09T01:09:29.524Z,briana.j.carroll@gmail.com,newsletter,everyone,true
152820048,2024-12-09T01:09:29.682Z,tyrickstarksatt@gmail.com,newsletter,everyone,true
152820048,2024-12-09T01:09:29.700Z,borealspain@yahoo.co.uk,newsletter,everyone,true
152820048,2024-12-09T01:09:30.055Z,raynottwoodbead@gmail.com,newsletter,everyone,true
152820048,2024-12-09T01:09:30.058Z,djcart137@gmail.com,newsletter,everyone,true
152820048,2024-12-09T01:09:30.553Z,theory.nifty438@passinbox.com,newsletter,everyone,true
152820048,2024-12-09T01:09:30.604Z,ptdaris@uol.com.br,newsletter,everyone,true
152820048,2024-12-09T01:09:31.506Z,skyjensen@icloud.com,newsletter,everyone,true
152820048,2024-12-09T01:09:31.587Z,dennis@burns.org,newsletter,everyone,true
