post_id,timestamp,email,post_type,post_audience,active_subscription,country,city,region,device_type,client_os,client_type,user_agent
152820048,2024-12-09T01:13:59.036Z,ianwilmoth@gmail.com,newsletter,everyone,true,US,,,,,,Mozilla/5.0 (Windows NT 5.1; rv:11.0) Gecko Firefox/11.0 (via ggpht.com GoogleImageProxy)
152820048,2024-12-09T01:33:19.750Z,briana.j.carroll@gmail.com,newsletter,everyone,true,US,,,,,,Mozilla/5.0 (Windows NT 5.1; rv:11.0) Gecko Firefox/11.0 (via ggpht.com GoogleImageProxy)
152820048,2024-12-09T01:37:24.953Z,skyjensen@icloud.com,newsletter,everyone,true,US,,,,,,Mozilla/5.0
152820048,2024-12-09T01:42:43.052Z,borealspain@yahoo.co.uk,newsletter,everyone,true,US,,,,,,Mozilla/5.0
152820048,2024-12-09T01:52:34.426Z,rwlbmitchell@gmail.com,newsletter,everyone,true,US,,,,,,Mozilla/5.0 (Windows NT 5.1; rv:11.0) Gecko Firefox/11.0 (via ggpht.com GoogleImageProxy)
152820048,2024-12-09T02:11:58.107Z,ianwilmoth@gmail.com,newsletter,everyone,true,US,,,,,,Mozilla/5.0
152820048,2024-12-09T02:25:02.838Z,zach.bartell.writer@gmail.com,newsletter,everyone,true,US,,,,,,Mozilla/5.0
152820048,2024-12-09T02:26:38.524Z,mileswilsondc@gmail.com,newsletter,everyone,true,GB,,,,,,Mozilla/5.0
152820048,2024-12-09T03:03:42.549Z,alminivdmerwe@gmail.com,newsletter,everyone,true,LI,,,,,,Mozilla/5.0
152820048,2024-12-09T03:49:31.668Z,ptdaris@uol.com.br,newsletter,everyone,true,BR,,,,,,Mozilla/4.0 (compatible; ms-office; MSOffice 16)
152820048,2024-12-09T04:13:14.372Z,tyrickstarksatt@gmail.com,newsletter,everyone,true,US,,,,,,Mozilla/5.0 (Windows NT 5.1; rv:11.0) Gecko Firefox/11.0 (via ggpht.com GoogleImageProxy)
152820048,2024-12-09T05:50:51.132Z,skyjensen@icloud.com,newsletter,everyone,true,US,,,,,,Mozilla/5.0
152820048,2024-12-09T06:30:04.369Z,rimbsweiler@yahoo.com,newsletter,everyone,false,IE,,,,,,Mozilla/5.0
152820048,2024-12-09T08:10:54.468Z,alminivdmerwe@gmail.com,newsletter,everyone,true,LI,,,,,,Mozilla/5.0
152820048,2024-12-09T13:38:07.482Z,rwlbmitchell@gmail.com,newsletter,everyone,true,US,,,,,,Mozilla/5.0 (Windows NT 5.1; rv:11.0) Gecko Firefox/11.0 (via ggpht.com GoogleImageProxy)
152820048,2024-12-09T14:06:58.892Z,evangelinepressblog@gmail.com,newsletter,everyone,true,US,,,,,,Mozilla/5.0 (Windows NT 5.1; rv:11.0) Gecko Firefox/11.0 (via ggpht.com GoogleImageProxy)
152820048,2024-12-09T14:15:29.082Z,harrisbrian321@gmail.com,newsletter,everyone,true,CA,,,,,,Mozilla/5.0
152820048,2024-12-09T14:51:42.893Z,rwlbmitchell@gmail.com,newsletter,everyone,true,US,,,,,,Mozilla/5.0 (Windows NT 5.1; rv:11.0) Gecko Firefox/11.0 (via ggpht.com GoogleImageProxy)
152820048,2024-12-09T14:58:44.832Z,nathanhaile11@gmail.com,newsletter,everyone,true,US,,,,,,Mozilla/5.0 (Windows NT 5.1; rv:11.0) Gecko Firefox/11.0 (via ggpht.com GoogleImageProxy)
152820048,2024-12-09T15:02:53.702Z,briana.j.carroll@gmail.com,newsletter,everyone,true,US,,,,,,Mozilla/5.0 (Windows NT 5.1; rv:11.0) Gecko Firefox/11.0 (via ggpht.com GoogleImageProxy)
152820048,2024-12-09T16:49:08.289Z,apollohlynch@gmail.com,newsletter,everyone,true,US,,,,,,Mozilla/5.0 (Windows NT 5.1; rv:11.0) Gecko Firefox/11.0 (via ggpht.com GoogleImageProxy)
152820048,2024-12-09T17:17:53.836Z,nathanhaile11@gmail.com,newsletter,everyone,true,US,,,,,,Mozilla/5.0
152820048,2024-12-09T22:27:12.511Z,skyjensen@icloud.com,newsletter,everyone,true,US,,,,,,Mozilla/5.0
152820048,2024-12-10T06:48:22.991Z,apollohlynch@gmail.com,newsletter,everyone,true,NL,,,,,,Mozilla/5.0
152820048,2024-12-13T09:30:50.089Z,bky074a@gmail.com,newsletter,everyone,true,US,,,,,,Mozilla/5.0 (Windows NT 5.1; rv:11.0) Gecko Firefox/11.0 (via ggpht.com GoogleImageProxy)
152820048,2024-12-23T03:34:00.372Z,dwightlyman@gmail.com,newsletter,everyone,true,US,,,,,,Mozilla/5.0
