post_id,timestamp,email,post_type,post_audience,active_subscription
152867869,2025-02-09T19:30:25.523Z,Experimentalunit317@gmail.com,newsletter,everyone,false
152867869,2025-02-09T19:30:25.942Z,dwightlyman@gmail.com,newsletter,everyone,true
152867869,2025-02-09T19:30:26.008Z,beansocolofsky@gmail.com,newsletter,everyone,true
152867869,2025-02-09T19:30:26.350Z,kadirgemici066@gmail.com,newsletter,everyone,true
152867869,2025-02-09T19:30:26.365Z,evangelinepressblog@gmail.com,newsletter,everyone,true
152867869,2025-02-09T19:30:26.495Z,lennoxgravox@gmail.com,newsletter,everyone,true
152867869,2025-02-09T19:30:26.543Z,nathanhaile11@gmail.com,newsletter,everyone,true
152867869,2025-02-09T19:30:26.877Z,rimbsweiler@gmail.com,newsletter,everyone,true
152867869,2025-02-09T19:30:26.924Z,justinaugustwellington@gmail.com,newsletter,everyone,true
152867869,2025-02-09T19:30:26.935Z,zach.bartell.writer@gmail.com,newsletter,everyone,true
152867869,2025-02-09T19:30:26.946Z,adooleycox@gmail.com,newsletter,everyone,true
152867869,2025-02-09T19:30:26.975Z,ianwilmoth@gmail.com,newsletter,everyone,true
152867869,2025-02-09T19:30:26.977Z,briana.j.carroll@gmail.com,newsletter,everyone,true
152867869,2025-02-09T19:30:26.987Z,mrnononsense02@gmail.com,newsletter,everyone,true
152867869,2025-02-09T19:30:27.007Z,kalakaldruzuzu@gmail.com,newsletter,everyone,true
152867869,2025-02-09T19:30:27.020Z,gdg2018mm5@gmail.com,newsletter,everyone,true
152867869,2025-02-09T19:30:27.028Z,alminivdmerwe@gmail.com,newsletter,everyone,true
152867869,2025-02-09T19:30:27.038Z,itzhak.samara@gmail.com,newsletter,everyone,true
152867869,2025-02-09T19:30:27.068Z,Twadley@gmail.com,newsletter,everyone,true
152867869,2025-02-09T19:30:27.070Z,rwlbmitchell@gmail.com,newsletter,everyone,true
152867869,2025-02-09T19:30:27.086Z,rimbsweiler@yahoo.com,newsletter,everyone,false
152867869,2025-02-09T19:30:27.096Z,shien.getsuto@gmail.com,newsletter,everyone,true
152867869,2025-02-09T19:30:27.122Z,apollohlynch@gmail.com,newsletter,everyone,true
152867869,2025-02-09T19:30:27.150Z,mileswilsondc@gmail.com,newsletter,everyone,true
152867869,2025-02-09T19:30:27.151Z,jasontrew@gmail.com,newsletter,everyone,true
152867869,2025-02-09T19:30:27.178Z,bky074a@gmail.com,newsletter,everyone,true
152867869,2025-02-09T19:30:27.190Z,growlyted@gmail.com,newsletter,everyone,true
152867869,2025-02-09T19:30:27.231Z,semakpa@gmail.com,newsletter,everyone,true
152867869,2025-02-09T19:30:27.280Z,raynottwoodbead@gmail.com,newsletter,everyone,true
152867869,2025-02-09T19:30:27.421Z,3d0f86f2-e17f-4f2a-8ca5-154e98f6d68a@deletion-request.substack.com,newsletter,everyone,true
152867869,2025-02-09T19:30:27.454Z,ahershmc@aol.com,newsletter,everyone,true
152867869,2025-02-09T19:30:27.482Z,djcart137@gmail.com,newsletter,everyone,true
152867869,2025-02-09T19:30:27.581Z,zutorilla@gmail.com,newsletter,everyone,true
152867869,2025-02-09T19:30:27.609Z,ozs2@cornell.edu,newsletter,everyone,true
152867869,2025-02-09T19:30:27.633Z,harrisbrian321@gmail.com,newsletter,everyone,true
152867869,2025-02-09T19:30:27.633Z,calebgrasse@gmail.com,newsletter,everyone,true
152867869,2025-02-09T19:30:27.672Z,beer64925@gmail.com,newsletter,everyone,true
152867869,2025-02-09T19:30:27.792Z,virknavkaur@gmail.com,newsletter,everyone,true
152867869,2025-02-09T19:30:27.812Z,ptdaris@uol.com.br,newsletter,everyone,true
152867869,2025-02-09T19:30:28.100Z,borealspain@yahoo.co.uk,newsletter,everyone,true
152867869,2025-02-09T19:30:28.692Z,theory.nifty438@passinbox.com,newsletter,everyone,true
152867869,2025-02-09T19:30:31.169Z,dennis@burns.org,newsletter,everyone,true
152867869,2025-02-09T19:30:32.365Z,skyjensen@icloud.com,newsletter,everyone,true
