post_id,timestamp,email,post_type,post_audience,active_subscription,country,city,region,device_type,client_os,client_type,user_agent
152877223,2024-12-10T05:33:50.336Z,omarionburgess45@gmail.com,newsletter,everyone,true,US,,,,,,Mozilla/5.0 (Windows NT 5.1; rv:11.0) Gecko Firefox/11.0 (via ggpht.com GoogleImageProxy)
152877223,2024-12-10T05:34:03.309Z,ozs2@cornell.edu,newsletter,everyone,true,US,,,,,,"Mozilla/5.0 (Windows NT 10.0; Win64; x64) AppleWebKit/537.36 (KHTML, like Gecko) Chrome/109.0.0.0 Safari/537.36"
152877223,2024-12-10T06:03:41.487Z,apollohlynch@gmail.com,newsletter,everyone,true,US,,,,,,Mozilla/5.0 (Windows NT 5.1; rv:11.0) Gecko Firefox/11.0 (via ggpht.com GoogleImageProxy)
152877223,2024-12-10T06:10:49.300Z,borealspain@yahoo.co.uk,newsletter,everyone,true,US,,,,,,Mozilla/5.0
152877223,2024-12-10T06:19:08.626Z,ianwilmoth@gmail.com,newsletter,everyone,true,US,,,,,,Mozilla/5.0
152877223,2024-12-10T06:19:14.753Z,rimbsweiler@yahoo.com,newsletter,everyone,false,IE,,,,,,Mozilla/5.0
152877223,2024-12-10T06:23:03.577Z,nathanhaile11@gmail.com,newsletter,everyone,true,US,,,,,,Mozilla/5.0
152877223,2024-12-10T07:13:24.223Z,apollohlynch@gmail.com,newsletter,everyone,true,US,,,,,,Mozilla/5.0
152877223,2024-12-10T07:15:38.774Z,alminivdmerwe@gmail.com,newsletter,everyone,true,LI,,,,,,Mozilla/5.0
152877223,2024-12-10T07:34:05.314Z,mileswilsondc@gmail.com,newsletter,everyone,true,GB,,,,,,Mozilla/5.0
152877223,2024-12-10T09:01:01.294Z,skyjensen@icloud.com,newsletter,everyone,true,NL,,,,,,Mozilla/5.0
152877223,2024-12-10T09:06:17.927Z,skyjensen@icloud.com,newsletter,everyone,true,US,,,,,,Mozilla/5.0
152877223,2024-12-10T11:22:51.713Z,zutorilla@gmail.com,newsletter,everyone,true,US,,,,,,Mozilla/5.0 (Windows NT 5.1; rv:11.0) Gecko Firefox/11.0 (via ggpht.com GoogleImageProxy)
152877223,2024-12-10T12:14:46.518Z,alminivdmerwe@gmail.com,newsletter,everyone,true,LI,,,,,,Mozilla/5.0
152877223,2024-12-10T13:07:57.687Z,beansocolofsky@gmail.com,newsletter,everyone,true,US,,,,,,Mozilla/5.0 (Windows NT 5.1; rv:11.0) Gecko Firefox/11.0 (via ggpht.com GoogleImageProxy)
152877223,2024-12-10T14:30:02.773Z,briana.j.carroll@gmail.com,newsletter,everyone,true,US,,,,,,Mozilla/5.0 (Windows NT 5.1; rv:11.0) Gecko Firefox/11.0 (via ggpht.com GoogleImageProxy)
152877223,2024-12-10T18:04:45.491Z,briana.j.carroll@gmail.com,newsletter,everyone,true,US,,,,,,Mozilla/5.0 (Windows NT 5.1; rv:11.0) Gecko Firefox/11.0 (via ggpht.com GoogleImageProxy)
152877223,2024-12-11T02:02:07.201Z,briana.j.carroll@gmail.com,newsletter,everyone,true,US,,,,,,Mozilla/5.0 (Windows NT 5.1; rv:11.0) Gecko Firefox/11.0 (via ggpht.com GoogleImageProxy)
152877223,2024-12-11T05:10:52.180Z,zach.bartell.writer@gmail.com,newsletter,everyone,true,US,,,,,,Mozilla/5.0
152877223,2024-12-11T09:10:11.736Z,zutorilla@gmail.com,newsletter,everyone,true,US,,,,,,Mozilla/5.0 (Windows NT 5.1; rv:11.0) Gecko Firefox/11.0 (via ggpht.com GoogleImageProxy)
152877223,2024-12-12T17:39:47.474Z,harrisbrian321@gmail.com,newsletter,everyone,true,CA,,,,,,Mozilla/5.0
152877223,2024-12-14T21:41:53.577Z,djcart137@gmail.com,newsletter,everyone,true,US,,,,,,Mozilla/5.0 (Windows NT 5.1; rv:11.0) Gecko Firefox/11.0 (via ggpht.com GoogleImageProxy)
152877223,2024-12-23T03:27:05.761Z,dwightlyman@gmail.com,newsletter,everyone,true,US,,,,,,Mozilla/5.0
