post_id,timestamp,email,post_type,post_audience,active_subscription,country,city,region,device_type,client_os,client_type,user_agent
152867869,2025-02-09T19:42:55.397Z,dwightlyman@gmail.com,newsletter,everyone,true,US,,,,,,Mozilla/5.0
152867869,2025-02-09T19:46:25.526Z,briana.j.carroll@gmail.com,newsletter,everyone,true,US,,,,,,Mozilla/5.0 (Windows NT 5.1; rv:11.0) Gecko Firefox/11.0 (via ggpht.com GoogleImageProxy)
152867869,2025-02-09T19:49:06.015Z,skyjensen@icloud.com,newsletter,everyone,true,US,,,,,,Mozilla/5.0
152867869,2025-02-09T19:51:40.770Z,virknavkaur@gmail.com,newsletter,everyone,true,US,,,,,,Mozilla/5.0 (Windows NT 5.1; rv:11.0) Gecko Firefox/11.0 (via ggpht.com GoogleImageProxy)
152867869,2025-02-09T20:16:11.622Z,borealspain@yahoo.co.uk,newsletter,everyone,true,US,,,,,,Mozilla/5.0
152867869,2025-02-09T20:26:20.383Z,alminivdmerwe@gmail.com,newsletter,everyone,true,LI,,,,,,Mozilla/5.0
152867869,2025-02-09T20:53:30.031Z,mileswilsondc@gmail.com,newsletter,everyone,true,US,,,,,,Mozilla/5.0 (Windows NT 5.1; rv:11.0) Gecko Firefox/11.0 (via ggpht.com GoogleImageProxy)
152867869,2025-02-09T20:54:03.237Z,mileswilsondc@gmail.com,newsletter,everyone,true,US,,,,,,Mozilla/5.0
152867869,2025-02-09T22:19:12.196Z,ptdaris@uol.com.br,newsletter,everyone,true,BR,,,,,,Mozilla/4.0 (compatible; ms-office; MSOffice 16)
152867869,2025-02-09T22:19:20.918Z,ptdaris@uol.com.br,newsletter,everyone,true,BR,,,,,,Mozilla/4.0 (compatible; ms-office; MSOffice 16)
152867869,2025-02-10T00:55:57.675Z,dwightlyman@gmail.com,newsletter,everyone,true,US,,,,,,Mozilla/5.0
152867869,2025-02-10T03:30:22.480Z,ianwilmoth@gmail.com,newsletter,everyone,true,US,,,,,,Mozilla/5.0
152867869,2025-02-10T04:17:00.867Z,jasontrew@gmail.com,newsletter,everyone,true,US,,,,,,Mozilla/5.0
152867869,2025-02-10T05:02:59.314Z,skyjensen@icloud.com,newsletter,everyone,true,US,,,,,,Mozilla/5.0
152867869,2025-02-10T07:55:49.114Z,alminivdmerwe@gmail.com,newsletter,everyone,true,LI,,,,,,Mozilla/5.0
152867869,2025-02-10T12:03:53.538Z,bky074a@gmail.com,newsletter,everyone,true,US,,,,,,Mozilla/5.0 (Windows NT 5.1; rv:11.0) Gecko Firefox/11.0 (via ggpht.com GoogleImageProxy)
152867869,2025-02-10T15:57:37.896Z,apollohlynch@gmail.com,newsletter,everyone,true,US,,,,,,Mozilla/5.0
152867869,2025-02-10T16:03:05.422Z,harrisbrian321@gmail.com,newsletter,everyone,true,CA,,,,,,Mozilla/5.0
152867869,2025-02-10T17:11:38.205Z,rimbsweiler@yahoo.com,newsletter,everyone,false,US,,,,,,Mozilla/5.0
152867869,2025-02-11T02:54:51.375Z,zach.bartell.writer@gmail.com,newsletter,everyone,true,US,,,,,,Mozilla/5.0
152867869,2025-02-26T04:22:27.945Z,nathanhaile11@gmail.com,newsletter,everyone,true,MX,,,,,,Mozilla/5.0
