post_id,timestamp,email,post_type,post_audience,active_subscription
152877223,2024-12-10T05:33:32.485Z,Experimentalunit317@gmail.com,newsletter,everyone,false
152877223,2024-12-10T05:33:33.643Z,dwightlyman@gmail.com,newsletter,everyone,true
152877223,2024-12-10T05:33:33.678Z,beansocolofsky@gmail.com,newsletter,everyone,true
152877223,2024-12-10T05:33:33.689Z,raynottwoodbead@gmail.com,newsletter,everyone,true
152877223,2024-12-10T05:33:33.778Z,lennoxgravox@gmail.com,newsletter,everyone,true
152877223,2024-12-10T05:33:33.881Z,evangelinepressblog@gmail.com,newsletter,everyone,true
152877223,2024-12-10T05:33:33.888Z,kalakaldruzuzu@gmail.com,newsletter,everyone,true
152877223,2024-12-10T05:33:33.938Z,3d0f86f2-e17f-4f2a-8ca5-154e98f6d68a@deletion-request.substack.com,newsletter,everyone,true
152877223,2024-12-10T05:33:33.959Z,zach.bartell.writer@gmail.com,newsletter,everyone,true
152877223,2024-12-10T05:33:34.002Z,gdg2018mm5@gmail.com,newsletter,everyone,true
152877223,2024-12-10T05:33:34.054Z,beer64925@gmail.com,newsletter,everyone,true
152877223,2024-12-10T05:33:34.074Z,bky074a@gmail.com,newsletter,everyone,true
152877223,2024-12-10T05:33:34.091Z,justinaugustwellington@gmail.com,newsletter,everyone,true
152877223,2024-12-10T05:33:34.261Z,daniellemtobias@gmail.com,newsletter,everyone,true
152877223,2024-12-10T05:33:34.315Z,mileswilsondc@gmail.com,newsletter,everyone,true
152877223,2024-12-10T05:33:34.358Z,nathanhaile11@gmail.com,newsletter,everyone,true
152877223,2024-12-10T05:33:34.392Z,Twadley@gmail.com,newsletter,everyone,true
152877223,2024-12-10T05:33:34.415Z,omarionburgess45@gmail.com,newsletter,everyone,true
152877223,2024-12-10T05:33:34.448Z,harrisbrian321@gmail.com,newsletter,everyone,true
152877223,2024-12-10T05:33:34.541Z,rimbsweiler@yahoo.com,newsletter,everyone,false
152877223,2024-12-10T05:33:34.590Z,shien.getsuto@gmail.com,newsletter,everyone,true
152877223,2024-12-10T05:33:34.613Z,itzhak.samara@gmail.com,newsletter,everyone,true
152877223,2024-12-10T05:33:34.638Z,apollohlynch@gmail.com,newsletter,everyone,true
152877223,2024-12-10T05:33:34.641Z,rwlbmitchell@gmail.com,newsletter,everyone,true
152877223,2024-12-10T05:33:34.655Z,ozs2@cornell.edu,newsletter,everyone,true
152877223,2024-12-10T05:33:34.659Z,zutorilla@gmail.com,newsletter,everyone,true
152877223,2024-12-10T05:33:34.676Z,djcart137@gmail.com,newsletter,everyone,true
152877223,2024-12-10T05:33:34.722Z,calebgrasse@gmail.com,newsletter,everyone,true
152877223,2024-12-10T05:33:34.851Z,ianwilmoth@gmail.com,newsletter,everyone,true
152877223,2024-12-10T05:33:35.062Z,ahershmc@aol.com,newsletter,everyone,true
152877223,2024-12-10T05:33:35.067Z,adooleycox@gmail.com,newsletter,everyone,true
152877223,2024-12-10T05:33:35.108Z,kadirgemici066@gmail.com,newsletter,everyone,true
152877223,2024-12-10T05:33:35.147Z,rimbsweiler@gmail.com,newsletter,everyone,true
152877223,2024-12-10T05:33:35.433Z,mrnononsense02@gmail.com,newsletter,everyone,true
152877223,2024-12-10T05:33:35.750Z,borealspain@yahoo.co.uk,newsletter,everyone,true
152877223,2024-12-10T05:33:35.840Z,ptdaris@uol.com.br,newsletter,everyone,true
152877223,2024-12-10T05:33:35.865Z,briana.j.carroll@gmail.com,newsletter,everyone,true
152877223,2024-12-10T05:33:35.869Z,tyrickstarksatt@gmail.com,newsletter,everyone,true
152877223,2024-12-10T05:33:35.897Z,alminivdmerwe@gmail.com,newsletter,everyone,true
152877223,2024-12-10T05:33:36.314Z,theory.nifty438@passinbox.com,newsletter,everyone,true
152877223,2024-12-10T05:33:37.217Z,dennis@burns.org,newsletter,everyone,true
152877223,2024-12-10T05:33:37.708Z,skyjensen@icloud.com,newsletter,everyone,true
