post_id,timestamp,email,post_type,post_audience,active_subscription
152823976,2024-12-09T03:08:13.931Z,rimbsweiler@yahoo.com,podcast,everyone,false
152823976,2024-12-09T03:08:14.551Z,dwightlyman@gmail.com,podcast,everyone,true
152823976,2024-12-09T03:08:14.769Z,mileswilsondc@gmail.com,podcast,everyone,true
152823976,2024-12-09T03:08:14.769Z,bky074a@gmail.com,podcast,everyone,true
152823976,2024-12-09T03:08:14.776Z,kalakaldruzuzu@gmail.com,podcast,everyone,true
152823976,2024-12-09T03:08:14.809Z,Experimentalunit317@gmail.com,podcast,everyone,false
152823976,2024-12-09T03:08:14.815Z,beansocolofsky@gmail.com,podcast,everyone,true
152823976,2024-12-09T03:08:14.842Z,raynottwoodbead@gmail.com,podcast,everyone,true
152823976,2024-12-09T03:08:14.865Z,zach.bartell.writer@gmail.com,podcast,everyone,true
152823976,2024-12-09T03:08:14.919Z,djcart137@gmail.com,podcast,everyone,true
152823976,2024-12-09T03:08:14.922Z,3d0f86f2-e17f-4f2a-8ca5-154e98f6d68a@deletion-request.substack.com,podcast,everyone,true
152823976,2024-12-09T03:08:14.978Z,beer64925@gmail.com,podcast,everyone,true
152823976,2024-12-09T03:08:15.001Z,kadirgemici066@gmail.com,podcast,everyone,true
152823976,2024-12-09T03:08:15.002Z,mrnononsense02@gmail.com,podcast,everyone,true
152823976,2024-12-09T03:08:15.042Z,gdg2018mm5@gmail.com,podcast,everyone,true
152823976,2024-12-09T03:08:15.074Z,justinaugustwellington@gmail.com,podcast,everyone,true
152823976,2024-12-09T03:08:15.137Z,evangelinepressblog@gmail.com,podcast,everyone,true
152823976,2024-12-09T03:08:15.176Z,nathanhaile11@gmail.com,podcast,everyone,true
152823976,2024-12-09T03:08:15.420Z,daniellemtobias@gmail.com,podcast,everyone,true
152823976,2024-12-09T03:08:15.503Z,harrisbrian321@gmail.com,podcast,everyone,true
152823976,2024-12-09T03:08:15.793Z,rimbsweiler@gmail.com,podcast,everyone,true
152823976,2024-12-09T03:08:15.871Z,briana.j.carroll@gmail.com,podcast,everyone,true
152823976,2024-12-09T03:08:15.890Z,shien.getsuto@gmail.com,podcast,everyone,true
152823976,2024-12-09T03:08:15.920Z,Twadley@gmail.com,podcast,everyone,true
152823976,2024-12-09T03:08:15.930Z,itzhak.samara@gmail.com,podcast,everyone,true
152823976,2024-12-09T03:08:15.930Z,omarionburgess45@gmail.com,podcast,everyone,true
152823976,2024-12-09T03:08:15.936Z,ianwilmoth@gmail.com,podcast,everyone,true
152823976,2024-12-09T03:08:15.944Z,rwlbmitchell@gmail.com,podcast,everyone,true
152823976,2024-12-09T03:08:15.959Z,ozs2@cornell.edu,podcast,everyone,true
152823976,2024-12-09T03:08:15.972Z,calebgrasse@gmail.com,podcast,everyone,true
152823976,2024-12-09T03:08:15.973Z,zutorilla@gmail.com,podcast,everyone,true
152823976,2024-12-09T03:08:16.257Z,ahershmc@aol.com,podcast,everyone,true
152823976,2024-12-09T03:08:16.301Z,apollohlynch@gmail.com,podcast,everyone,true
152823976,2024-12-09T03:08:16.398Z,lennoxgravox@gmail.com,podcast,everyone,true
152823976,2024-12-09T03:08:16.463Z,alminivdmerwe@gmail.com,podcast,everyone,true
152823976,2024-12-09T03:08:16.512Z,adooleycox@gmail.com,podcast,everyone,true
152823976,2024-12-09T03:08:16.731Z,ptdaris@uol.com.br,podcast,everyone,true
152823976,2024-12-09T03:08:17.183Z,tyrickstarksatt@gmail.com,podcast,everyone,true
152823976,2024-12-09T03:08:17.507Z,borealspain@yahoo.co.uk,podcast,everyone,true
152823976,2024-12-09T03:08:17.717Z,theory.nifty438@passinbox.com,podcast,everyone,true
152823976,2024-12-09T03:08:18.697Z,dennis@burns.org,podcast,everyone,true
152823976,2024-12-09T03:08:26.328Z,skyjensen@icloud.com,podcast,everyone,true
