post_id,timestamp,email,post_type,post_audience,active_subscription,country,city,region,device_type,client_os,client_type,user_agent
152823976,2024-12-09T03:08:41.708Z,ozs2@cornell.edu,podcast,everyone,true,US,,,,,,"Mozilla/5.0 (Windows NT 10.0; Win64; x64) AppleWebKit/537.36 (KHTML, like Gecko) Chrome/109.0.0.0 Safari/537.36"
152823976,2024-12-09T03:13:04.507Z,skyjensen@icloud.com,podcast,everyone,true,US,,,,,,Mozilla/5.0
152823976,2024-12-09T03:22:04.345Z,borealspain@yahoo.co.uk,podcast,everyone,true,US,,,,,,Mozilla/5.0
152823976,2024-12-09T04:04:38.730Z,alminivdmerwe@gmail.com,podcast,everyone,true,LI,,,,,,Mozilla/5.0
152823976,2024-12-09T04:12:24.616Z,dwightlyman@gmail.com,podcast,everyone,true,US,,,,,,Mozilla/5.0
152823976,2024-12-09T04:20:29.616Z,ianwilmoth@gmail.com,podcast,everyone,true,US,,,,,,Mozilla/5.0
152823976,2024-12-09T04:25:41.321Z,mileswilsondc@gmail.com,podcast,everyone,true,GB,,,,,,Mozilla/5.0
152823976,2024-12-09T05:50:51.133Z,skyjensen@icloud.com,podcast,everyone,true,US,,,,,,Mozilla/5.0
152823976,2024-12-09T06:30:41.646Z,rimbsweiler@yahoo.com,podcast,everyone,false,IE,,,,,,Mozilla/5.0
152823976,2024-12-09T06:44:07.302Z,lennoxgravox@gmail.com,podcast,everyone,true,US,,,,,,Mozilla/5.0 (Windows NT 5.1; rv:11.0) Gecko Firefox/11.0 (via ggpht.com GoogleImageProxy)
152823976,2024-12-09T08:10:54.468Z,alminivdmerwe@gmail.com,podcast,everyone,true,LI,,,,,,Mozilla/5.0
152823976,2024-12-09T14:15:29.081Z,harrisbrian321@gmail.com,podcast,everyone,true,CA,,,,,,Mozilla/5.0
152823976,2024-12-09T15:44:15.201Z,briana.j.carroll@gmail.com,podcast,everyone,true,US,,,,,,Mozilla/5.0 (Windows NT 5.1; rv:11.0) Gecko Firefox/11.0 (via ggpht.com GoogleImageProxy)
152823976,2024-12-09T22:27:08.665Z,skyjensen@icloud.com,podcast,everyone,true,US,,,,,,Mozilla/5.0
152823976,2024-12-10T00:36:17.984Z,zach.bartell.writer@gmail.com,podcast,everyone,true,US,,,,,,Mozilla/5.0
152823976,2024-12-10T06:48:22.991Z,apollohlynch@gmail.com,podcast,everyone,true,NL,,,,,,Mozilla/5.0
152823976,2024-12-12T16:48:41.130Z,rwlbmitchell@gmail.com,podcast,everyone,true,US,,,,,,Mozilla/5.0 (Windows NT 5.1; rv:11.0) Gecko Firefox/11.0 (via ggpht.com GoogleImageProxy)
152823976,2024-12-13T09:31:13.460Z,bky074a@gmail.com,podcast,everyone,true,US,,,,,,Mozilla/5.0 (Windows NT 5.1; rv:11.0) Gecko Firefox/11.0 (via ggpht.com GoogleImageProxy)
152823976,2024-12-22T04:42:14.419Z,dwightlyman@gmail.com,podcast,everyone,true,US,,,,,,Mozilla/5.0
152823976,2024-12-23T03:34:00.371Z,dwightlyman@gmail.com,podcast,everyone,true,US,,,,,,Mozilla/5.0
