post_id,timestamp,email,post_type,post_audience,active_subscription,country,city,region,device_type,client_os,client_type,user_agent
152990337,2025-02-09T19:49:06.015Z,skyjensen@icloud.com,newsletter,everyone,true,US,,,,,,Mozilla/5.0
152990337,2025-02-09T19:49:49.178Z,briana.j.carroll@gmail.com,newsletter,everyone,true,US,,,,,,Mozilla/5.0 (Windows NT 5.1; rv:11.0) Gecko Firefox/11.0 (via ggpht.com GoogleImageProxy)
152990337,2025-02-09T19:51:40.759Z,virknavkaur@gmail.com,newsletter,everyone,true,US,,,,,,Mozilla/5.0 (Windows NT 5.1; rv:11.0) Gecko Firefox/11.0 (via ggpht.com GoogleImageProxy)
152990337,2025-02-09T20:16:11.623Z,borealspain@yahoo.co.uk,newsletter,everyone,true,US,,,,,,Mozilla/5.0
152990337,2025-02-09T20:26:20.386Z,alminivdmerwe@gmail.com,newsletter,everyone,true,LI,,,,,,Mozilla/5.0
152990337,2025-02-09T20:53:30.145Z,mileswilsondc@gmail.com,newsletter,everyone,true,US,,,,,,Mozilla/5.0 (Windows NT 5.1; rv:11.0) Gecko Firefox/11.0 (via ggpht.com GoogleImageProxy)
152990337,2025-02-09T20:54:03.249Z,mileswilsondc@gmail.com,newsletter,everyone,true,US,,,,,,Mozilla/5.0
152990337,2025-02-09T20:58:59.520Z,briana.j.carroll@gmail.com,newsletter,everyone,true,US,,,,,,Mozilla/5.0 (Windows NT 5.1; rv:11.0) Gecko Firefox/11.0 (via ggpht.com GoogleImageProxy)
152990337,2025-02-09T22:19:16.028Z,ptdaris@uol.com.br,newsletter,everyone,true,BR,,,,,,Mozilla/4.0 (compatible; ms-office; MSOffice 16)
152990337,2025-02-10T03:30:22.481Z,ianwilmoth@gmail.com,newsletter,everyone,true,US,,,,,,Mozilla/5.0
152990337,2025-02-10T04:41:28.817Z,jasontrew@gmail.com,newsletter,everyone,true,US,,,,,,Mozilla/5.0
152990337,2025-02-10T05:02:59.313Z,skyjensen@icloud.com,newsletter,everyone,true,US,,,,,,Mozilla/5.0
152990337,2025-02-10T07:55:49.114Z,alminivdmerwe@gmail.com,newsletter,everyone,true,LI,,,,,,Mozilla/5.0
152990337,2025-02-10T14:29:30.223Z,rimbsweiler@yahoo.com,newsletter,everyone,false,US,,,,,,Mozilla/5.0
152990337,2025-02-10T16:03:05.428Z,harrisbrian321@gmail.com,newsletter,everyone,true,CA,,,,,,Mozilla/5.0
152990337,2025-02-10T16:47:35.212Z,apollohlynch@gmail.com,newsletter,everyone,true,US,,,,,,Mozilla/5.0
152990337,2025-02-11T02:54:51.378Z,zach.bartell.writer@gmail.com,newsletter,everyone,true,US,,,,,,Mozilla/5.0
152990337,2025-02-26T04:22:27.942Z,nathanhaile11@gmail.com,newsletter,everyone,true,MX,,,,,,Mozilla/5.0
