post_id,timestamp,email,post_type,post_audience,active_subscription
152990337,2025-02-09T19:28:58.833Z,Experimentalunit317@gmail.com,newsletter,everyone,false
152990337,2025-02-09T19:28:58.833Z,dwightlyman@gmail.com,newsletter,everyone,true
152990337,2025-02-09T19:28:59.256Z,rimbsweiler@yahoo.com,newsletter,everyone,false
152990337,2025-02-09T19:29:00.568Z,beansocolofsky@gmail.com,newsletter,everyone,true
152990337,2025-02-09T19:29:00.669Z,harrisbrian321@gmail.com,newsletter,everyone,true
152990337,2025-02-09T19:29:00.853Z,mileswilsondc@gmail.com,newsletter,everyone,true
152990337,2025-02-09T19:29:00.928Z,raynottwoodbead@gmail.com,newsletter,everyone,true
152990337,2025-02-09T19:29:00.994Z,ptdaris@uol.com.br,newsletter,everyone,true
152990337,2025-02-09T19:29:01.025Z,djcart137@gmail.com,newsletter,everyone,true
152990337,2025-02-09T19:29:01.106Z,zach.bartell.writer@gmail.com,newsletter,everyone,true
152990337,2025-02-09T19:29:01.141Z,adooleycox@gmail.com,newsletter,everyone,true
152990337,2025-02-09T19:29:01.145Z,mrnononsense02@gmail.com,newsletter,everyone,true
152990337,2025-02-09T19:29:01.146Z,kalakaldruzuzu@gmail.com,newsletter,everyone,true
152990337,2025-02-09T19:29:01.369Z,evangelinepressblog@gmail.com,newsletter,everyone,true
152990337,2025-02-09T19:29:01.379Z,gdg2018mm5@gmail.com,newsletter,everyone,true
152990337,2025-02-09T19:29:01.426Z,itzhak.samara@gmail.com,newsletter,everyone,true
152990337,2025-02-09T19:29:01.426Z,calebgrasse@gmail.com,newsletter,everyone,true
152990337,2025-02-09T19:29:01.462Z,shien.getsuto@gmail.com,newsletter,everyone,true
152990337,2025-02-09T19:29:01.489Z,alminivdmerwe@gmail.com,newsletter,everyone,true
152990337,2025-02-09T19:29:01.513Z,zutorilla@gmail.com,newsletter,everyone,true
152990337,2025-02-09T19:29:01.570Z,apollohlynch@gmail.com,newsletter,everyone,true
152990337,2025-02-09T19:29:01.570Z,beer64925@gmail.com,newsletter,everyone,true
152990337,2025-02-09T19:29:01.580Z,jasontrew@gmail.com,newsletter,everyone,true
152990337,2025-02-09T19:29:01.596Z,rwlbmitchell@gmail.com,newsletter,everyone,true
152990337,2025-02-09T19:29:01.598Z,ianwilmoth@gmail.com,newsletter,everyone,true
152990337,2025-02-09T19:29:01.621Z,growlyted@gmail.com,newsletter,everyone,true
152990337,2025-02-09T19:29:01.648Z,ozs2@cornell.edu,newsletter,everyone,true
152990337,2025-02-09T19:29:01.655Z,justinaugustwellington@gmail.com,newsletter,everyone,true
152990337,2025-02-09T19:29:01.671Z,virknavkaur@gmail.com,newsletter,everyone,true
152990337,2025-02-09T19:29:01.727Z,bky074a@gmail.com,newsletter,everyone,true
152990337,2025-02-09T19:29:01.772Z,Twadley@gmail.com,newsletter,everyone,true
152990337,2025-02-09T19:29:01.810Z,lennoxgravox@gmail.com,newsletter,everyone,true
152990337,2025-02-09T19:29:01.940Z,briana.j.carroll@gmail.com,newsletter,everyone,true
152990337,2025-02-09T19:29:01.963Z,nathanhaile11@gmail.com,newsletter,everyone,true
152990337,2025-02-09T19:29:02.139Z,kadirgemici066@gmail.com,newsletter,everyone,true
152990337,2025-02-09T19:29:02.260Z,semakpa@gmail.com,newsletter,everyone,true
152990337,2025-02-09T19:29:02.332Z,3d0f86f2-e17f-4f2a-8ca5-154e98f6d68a@deletion-request.substack.com,newsletter,everyone,true
152990337,2025-02-09T19:29:02.469Z,ahershmc@aol.com,newsletter,everyone,true
152990337,2025-02-09T19:29:02.616Z,borealspain@yahoo.co.uk,newsletter,everyone,true
152990337,2025-02-09T19:29:02.645Z,rimbsweiler@gmail.com,newsletter,everyone,true
152990337,2025-02-09T19:29:03.129Z,theory.nifty438@passinbox.com,newsletter,everyone,true
152990337,2025-02-09T19:29:05.902Z,dennis@burns.org,newsletter,everyone,true
152990337,2025-02-09T19:29:07.388Z,skyjensen@icloud.com,newsletter,everyone,true
