post_id,timestamp,email,post_type,post_audience,active_subscription,country,city,region,device_type,client_os,client_type,user_agent
153202805,2025-02-09T17:15:55.389Z,jasontrew@gmail.com,newsletter,everyone,true,US,,,,,,Mozilla/5.0 (Windows NT 5.1; rv:11.0) Gecko Firefox/11.0 (via ggpht.com GoogleImageProxy)
153202805,2025-02-09T17:20:11.066Z,harrisbrian321@gmail.com,newsletter,everyone,true,US,,,,,,Mozilla/5.0 (Windows NT 5.1; rv:11.0) Gecko Firefox/11.0 (via ggpht.com GoogleImageProxy)
153202805,2025-02-09T17:23:57.935Z,skyjensen@icloud.com,newsletter,everyone,true,US,,,,,,Mozilla/5.0
153202805,2025-02-09T17:37:51.680Z,borealspain@yahoo.co.uk,newsletter,everyone,true,US,,,,,,Mozilla/5.0
153202805,2025-02-09T17:41:37.178Z,ianwilmoth@gmail.com,newsletter,everyone,true,US,,,,,,Mozilla/5.0
153202805,2025-02-09T18:44:57.096Z,alminivdmerwe@gmail.com,newsletter,everyone,true,LI,,,,,,Mozilla/5.0
153202805,2025-02-09T20:53:36.240Z,mileswilsondc@gmail.com,newsletter,everyone,true,US,,,,,,Mozilla/5.0 (Windows NT 5.1; rv:11.0) Gecko Firefox/11.0 (via ggpht.com GoogleImageProxy)
153202805,2025-02-09T20:54:03.207Z,mileswilsondc@gmail.com,newsletter,everyone,true,US,,,,,,Mozilla/5.0
153202805,2025-02-09T21:42:41.388Z,ozs2@cornell.edu,newsletter,everyone,true,US,,,,,,Mozilla/5.0 (Windows NT 5.1; rv:11.0) Gecko Firefox/11.0 (via ggpht.com GoogleImageProxy)
153202805,2025-02-10T04:17:00.873Z,jasontrew@gmail.com,newsletter,everyone,true,US,,,,,,Mozilla/5.0
153202805,2025-02-10T04:23:29.253Z,zach.bartell.writer@gmail.com,newsletter,everyone,true,US,,,,,,Mozilla/5.0
153202805,2025-02-10T04:53:23.344Z,skyjensen@icloud.com,newsletter,everyone,true,US,,,,,,Mozilla/5.0
153202805,2025-02-10T07:55:49.110Z,alminivdmerwe@gmail.com,newsletter,everyone,true,LI,,,,,,Mozilla/5.0
153202805,2025-02-10T14:29:30.250Z,rimbsweiler@yahoo.com,newsletter,everyone,false,US,,,,,,Mozilla/5.0
153202805,2025-02-10T17:17:54.838Z,apollohlynch@gmail.com,newsletter,everyone,true,US,,,,,,Mozilla/5.0
153202805,2025-02-11T11:50:23.339Z,harrisbrian321@gmail.com,newsletter,everyone,true,CA,,,,,,Mozilla/5.0
153202805,2025-02-26T04:22:30.325Z,nathanhaile11@gmail.com,newsletter,everyone,true,MX,,,,,,Mozilla/5.0
