post_id,timestamp,email,post_type,post_audience,active_subscription
153202805,2025-02-09T17:15:12.328Z,Experimentalunit317@gmail.com,newsletter,everyone,false
153202805,2025-02-09T17:15:12.982Z,dwightlyman@gmail.com,newsletter,everyone,true
153202805,2025-02-09T17:15:13.016Z,bky074a@gmail.com,newsletter,everyone,true
153202805,2025-02-09T17:15:13.067Z,harrisbrian321@gmail.com,newsletter,everyone,true
153202805,2025-02-09T17:15:13.101Z,semakpa@gmail.com,newsletter,everyone,true
153202805,2025-02-09T17:15:13.211Z,rimbsweiler@yahoo.com,newsletter,everyone,false
153202805,2025-02-09T17:15:13.246Z,beansocolofsky@gmail.com,newsletter,everyone,true
153202805,2025-02-09T17:15:13.279Z,beer64925@gmail.com,newsletter,everyone,true
153202805,2025-02-09T17:15:13.293Z,zach.bartell.writer@gmail.com,newsletter,everyone,true
153202805,2025-02-09T17:15:13.309Z,kalakaldruzuzu@gmail.com,newsletter,everyone,true
153202805,2025-02-09T17:15:13.317Z,rimbsweiler@gmail.com,newsletter,everyone,true
153202805,2025-02-09T17:15:13.318Z,Twadley@gmail.com,newsletter,everyone,true
153202805,2025-02-09T17:15:13.391Z,kadirgemici066@gmail.com,newsletter,everyone,true
153202805,2025-02-09T17:15:13.398Z,calebgrasse@gmail.com,newsletter,everyone,true
153202805,2025-02-09T17:15:13.412Z,lennoxgravox@gmail.com,newsletter,everyone,true
153202805,2025-02-09T17:15:13.467Z,shien.getsuto@gmail.com,newsletter,everyone,true
153202805,2025-02-09T17:15:13.489Z,evangelinepressblog@gmail.com,newsletter,everyone,true
153202805,2025-02-09T17:15:13.538Z,briana.j.carroll@gmail.com,newsletter,everyone,true
153202805,2025-02-09T17:15:13.549Z,alminivdmerwe@gmail.com,newsletter,everyone,true
153202805,2025-02-09T17:15:13.549Z,zutorilla@gmail.com,newsletter,everyone,true
153202805,2025-02-09T17:15:13.587Z,mrnononsense02@gmail.com,newsletter,everyone,true
153202805,2025-02-09T17:15:13.599Z,itzhak.samara@gmail.com,newsletter,everyone,true
153202805,2025-02-09T17:15:13.602Z,djcart137@gmail.com,newsletter,everyone,true
153202805,2025-02-09T17:15:13.613Z,raynottwoodbead@gmail.com,newsletter,everyone,true
153202805,2025-02-09T17:15:13.621Z,jasontrew@gmail.com,newsletter,everyone,true
153202805,2025-02-09T17:15:13.638Z,rwlbmitchell@gmail.com,newsletter,everyone,true
153202805,2025-02-09T17:15:13.653Z,apollohlynch@gmail.com,newsletter,everyone,true
153202805,2025-02-09T17:15:13.754Z,virknavkaur@gmail.com,newsletter,everyone,true
153202805,2025-02-09T17:15:13.788Z,3d0f86f2-e17f-4f2a-8ca5-154e98f6d68a@deletion-request.substack.com,newsletter,everyone,true
153202805,2025-02-09T17:15:13.849Z,nathanhaile11@gmail.com,newsletter,everyone,true
153202805,2025-02-09T17:15:13.887Z,ahershmc@aol.com,newsletter,everyone,true
153202805,2025-02-09T17:15:14.109Z,ianwilmoth@gmail.com,newsletter,everyone,true
153202805,2025-02-09T17:15:14.262Z,adooleycox@gmail.com,newsletter,everyone,true
153202805,2025-02-09T17:15:14.323Z,justinaugustwellington@gmail.com,newsletter,everyone,true
153202805,2025-02-09T17:15:14.332Z,mileswilsondc@gmail.com,newsletter,everyone,true
153202805,2025-02-09T17:15:14.524Z,growlyted@gmail.com,newsletter,everyone,true
153202805,2025-02-09T17:15:14.611Z,ptdaris@uol.com.br,newsletter,everyone,true
153202805,2025-02-09T17:15:14.697Z,ozs2@cornell.edu,newsletter,everyone,true
153202805,2025-02-09T17:15:14.714Z,gdg2018mm5@gmail.com,newsletter,everyone,true
153202805,2025-02-09T17:15:14.808Z,theory.nifty438@passinbox.com,newsletter,everyone,true
153202805,2025-02-09T17:15:15.397Z,borealspain@yahoo.co.uk,newsletter,everyone,true
153202805,2025-02-09T17:15:15.792Z,skyjensen@icloud.com,newsletter,everyone,true
153202805,2025-02-09T17:15:16.496Z,dennis@burns.org,newsletter,everyone,true
