post_id,timestamp,email,post_type,post_audience,active_subscription
153743025,2025-02-09T17:14:49.553Z,rimbsweiler@yahoo.com,newsletter,everyone,false
153743025,2025-02-09T17:14:50.138Z,Experimentalunit317@gmail.com,newsletter,everyone,false
153743025,2025-02-09T17:14:50.213Z,beansocolofsky@gmail.com,newsletter,everyone,true
153743025,2025-02-09T17:14:50.308Z,mrnononsense02@gmail.com,newsletter,everyone,true
153743025,2025-02-09T17:14:50.369Z,kalakaldruzuzu@gmail.com,newsletter,everyone,true
153743025,2025-02-09T17:14:50.525Z,justinaugustwellington@gmail.com,newsletter,everyone,true
153743025,2025-02-09T17:14:50.590Z,djcart137@gmail.com,newsletter,everyone,true
153743025,2025-02-09T17:14:50.598Z,lennoxgravox@gmail.com,newsletter,everyone,true
153743025,2025-02-09T17:14:50.625Z,dwightlyman@gmail.com,newsletter,everyone,true
153743025,2025-02-09T17:14:50.659Z,mileswilsondc@gmail.com,newsletter,everyone,true
153743025,2025-02-09T17:14:50.725Z,evangelinepressblog@gmail.com,newsletter,everyone,true
153743025,2025-02-09T17:14:50.738Z,harrisbrian321@gmail.com,newsletter,everyone,true
153743025,2025-02-09T17:14:50.756Z,beer64925@gmail.com,newsletter,everyone,true
153743025,2025-02-09T17:14:50.794Z,semakpa@gmail.com,newsletter,everyone,true
153743025,2025-02-09T17:14:50.912Z,raynottwoodbead@gmail.com,newsletter,everyone,true
153743025,2025-02-09T17:14:51.052Z,kadirgemici066@gmail.com,newsletter,everyone,true
153743025,2025-02-09T17:14:51.167Z,gdg2018mm5@gmail.com,newsletter,everyone,true
153743025,2025-02-09T17:14:51.351Z,adooleycox@gmail.com,newsletter,everyone,true
153743025,2025-02-09T17:14:51.376Z,ozs2@cornell.edu,newsletter,everyone,true
153743025,2025-02-09T17:14:51.393Z,bky074a@gmail.com,newsletter,everyone,true
153743025,2025-02-09T17:14:51.653Z,ptdaris@uol.com.br,newsletter,everyone,true
153743025,2025-02-09T17:14:51.731Z,nathanhaile11@gmail.com,newsletter,everyone,true
153743025,2025-02-09T17:14:51.849Z,zach.bartell.writer@gmail.com,newsletter,everyone,true
153743025,2025-02-09T17:14:51.868Z,3d0f86f2-e17f-4f2a-8ca5-154e98f6d68a@deletion-request.substack.com,newsletter,everyone,true
153743025,2025-02-09T17:14:53.425Z,rimbsweiler@gmail.com,newsletter,everyone,true
153743025,2025-02-09T17:14:53.436Z,alminivdmerwe@gmail.com,newsletter,everyone,true
153743025,2025-02-09T17:14:53.482Z,calebgrasse@gmail.com,newsletter,everyone,true
153743025,2025-02-09T17:14:53.489Z,briana.j.carroll@gmail.com,newsletter,everyone,true
153743025,2025-02-09T17:14:53.543Z,zutorilla@gmail.com,newsletter,everyone,true
153743025,2025-02-09T17:14:53.574Z,jasontrew@gmail.com,newsletter,everyone,true
153743025,2025-02-09T17:14:53.588Z,apollohlynch@gmail.com,newsletter,everyone,true
153743025,2025-02-09T17:14:53.591Z,shien.getsuto@gmail.com,newsletter,everyone,true
153743025,2025-02-09T17:14:53.690Z,ianwilmoth@gmail.com,newsletter,everyone,true
153743025,2025-02-09T17:14:53.695Z,rwlbmitchell@gmail.com,newsletter,everyone,true
153743025,2025-02-09T17:14:53.810Z,Twadley@gmail.com,newsletter,everyone,true
153743025,2025-02-09T17:14:53.837Z,growlyted@gmail.com,newsletter,everyone,true
153743025,2025-02-09T17:14:53.989Z,itzhak.samara@gmail.com,newsletter,everyone,true
153743025,2025-02-09T17:14:54.149Z,virknavkaur@gmail.com,newsletter,everyone,true
153743025,2025-02-09T17:14:54.201Z,ahershmc@aol.com,newsletter,everyone,true
153743025,2025-02-09T17:14:55.041Z,theory.nifty438@passinbox.com,newsletter,everyone,true
153743025,2025-02-09T17:14:55.071Z,borealspain@yahoo.co.uk,newsletter,everyone,true
153743025,2025-02-09T17:14:56.134Z,dennis@burns.org,newsletter,everyone,true
153743025,2025-02-09T17:15:00.230Z,skyjensen@icloud.com,newsletter,everyone,true
