post_id,timestamp,email,post_type,post_audience,active_subscription
153780278,2025-02-09T17:13:48.327Z,dwightlyman@gmail.com,newsletter,everyone,true
153780278,2025-02-09T17:13:48.587Z,beansocolofsky@gmail.com,newsletter,everyone,true
153780278,2025-02-09T17:13:48.836Z,kadirgemici066@gmail.com,newsletter,everyone,true
153780278,2025-02-09T17:13:48.868Z,kalakaldruzuzu@gmail.com,newsletter,everyone,true
153780278,2025-02-09T17:13:48.883Z,gdg2018mm5@gmail.com,newsletter,everyone,true
153780278,2025-02-09T17:13:48.883Z,mrnononsense02@gmail.com,newsletter,everyone,true
153780278,2025-02-09T17:13:48.931Z,evangelinepressblog@gmail.com,newsletter,everyone,true
153780278,2025-02-09T17:13:48.975Z,Experimentalunit317@gmail.com,newsletter,everyone,false
153780278,2025-02-09T17:13:48.981Z,beer64925@gmail.com,newsletter,everyone,true
153780278,2025-02-09T17:13:48.987Z,3d0f86f2-e17f-4f2a-8ca5-154e98f6d68a@deletion-request.substack.com,newsletter,everyone,true
153780278,2025-02-09T17:13:48.993Z,nathanhaile11@gmail.com,newsletter,everyone,true
153780278,2025-02-09T17:13:49.016Z,justinaugustwellington@gmail.com,newsletter,everyone,true
153780278,2025-02-09T17:13:49.112Z,zach.bartell.writer@gmail.com,newsletter,everyone,true
153780278,2025-02-09T17:13:49.278Z,raynottwoodbead@gmail.com,newsletter,everyone,true
153780278,2025-02-09T17:13:49.393Z,semakpa@gmail.com,newsletter,everyone,true
153780278,2025-02-09T17:13:49.429Z,harrisbrian321@gmail.com,newsletter,everyone,true
153780278,2025-02-09T17:13:49.436Z,bky074a@gmail.com,newsletter,everyone,true
153780278,2025-02-09T17:13:49.464Z,rimbsweiler@yahoo.com,newsletter,everyone,false
153780278,2025-02-09T17:13:49.570Z,lennoxgravox@gmail.com,newsletter,everyone,true
153780278,2025-02-09T17:13:49.709Z,adooleycox@gmail.com,newsletter,everyone,true
153780278,2025-02-09T17:13:49.947Z,rimbsweiler@gmail.com,newsletter,everyone,true
153780278,2025-02-09T17:13:49.954Z,briana.j.carroll@gmail.com,newsletter,everyone,true
153780278,2025-02-09T17:13:49.969Z,ianwilmoth@gmail.com,newsletter,everyone,true
153780278,2025-02-09T17:13:49.993Z,Twadley@gmail.com,newsletter,everyone,true
153780278,2025-02-09T17:13:50.060Z,alminivdmerwe@gmail.com,newsletter,everyone,true
153780278,2025-02-09T17:13:50.109Z,calebgrasse@gmail.com,newsletter,everyone,true
153780278,2025-02-09T17:13:50.113Z,mileswilsondc@gmail.com,newsletter,everyone,true
153780278,2025-02-09T17:13:50.121Z,apollohlynch@gmail.com,newsletter,everyone,true
153780278,2025-02-09T17:13:50.121Z,shien.getsuto@gmail.com,newsletter,everyone,true
153780278,2025-02-09T17:13:50.147Z,zutorilla@gmail.com,newsletter,everyone,true
153780278,2025-02-09T17:13:50.150Z,rwlbmitchell@gmail.com,newsletter,everyone,true
153780278,2025-02-09T17:13:50.176Z,ptdaris@uol.com.br,newsletter,everyone,true
153780278,2025-02-09T17:13:50.241Z,growlyted@gmail.com,newsletter,everyone,true
153780278,2025-02-09T17:13:50.314Z,ahershmc@aol.com,newsletter,everyone,true
153780278,2025-02-09T17:13:50.325Z,jasontrew@gmail.com,newsletter,everyone,true
153780278,2025-02-09T17:13:50.342Z,djcart137@gmail.com,newsletter,everyone,true
153780278,2025-02-09T17:13:50.459Z,itzhak.samara@gmail.com,newsletter,everyone,true
153780278,2025-02-09T17:13:50.843Z,borealspain@yahoo.co.uk,newsletter,everyone,true
153780278,2025-02-09T17:13:50.979Z,virknavkaur@gmail.com,newsletter,everyone,true
153780278,2025-02-09T17:13:51.331Z,ozs2@cornell.edu,newsletter,everyone,true
153780278,2025-02-09T17:13:51.695Z,theory.nifty438@passinbox.com,newsletter,everyone,true
153780278,2025-02-09T17:13:52.708Z,dennis@burns.org,newsletter,everyone,true
153780278,2025-02-09T17:13:53.178Z,skyjensen@icloud.com,newsletter,everyone,true
