post_id,timestamp,email,post_type,post_audience,active_subscription
153741752,2025-02-09T17:14:24.494Z,Experimentalunit317@gmail.com,newsletter,everyone,false
153741752,2025-02-09T17:14:24.911Z,dwightlyman@gmail.com,newsletter,everyone,true
153741752,2025-02-09T17:14:25.033Z,beansocolofsky@gmail.com,newsletter,everyone,true
153741752,2025-02-09T17:14:25.202Z,rimbsweiler@yahoo.com,newsletter,everyone,false
153741752,2025-02-09T17:14:25.368Z,mrnononsense02@gmail.com,newsletter,everyone,true
153741752,2025-02-09T17:14:25.474Z,kadirgemici066@gmail.com,newsletter,everyone,true
153741752,2025-02-09T17:14:25.530Z,justinaugustwellington@gmail.com,newsletter,everyone,true
153741752,2025-02-09T17:14:25.650Z,raynottwoodbead@gmail.com,newsletter,everyone,true
153741752,2025-02-09T17:14:25.772Z,3d0f86f2-e17f-4f2a-8ca5-154e98f6d68a@deletion-request.substack.com,newsletter,everyone,true
153741752,2025-02-09T17:14:25.799Z,djcart137@gmail.com,newsletter,everyone,true
153741752,2025-02-09T17:14:25.814Z,adooleycox@gmail.com,newsletter,everyone,true
153741752,2025-02-09T17:14:25.818Z,mileswilsondc@gmail.com,newsletter,everyone,true
153741752,2025-02-09T17:14:25.835Z,beer64925@gmail.com,newsletter,everyone,true
153741752,2025-02-09T17:14:25.869Z,harrisbrian321@gmail.com,newsletter,everyone,true
153741752,2025-02-09T17:14:25.956Z,bky074a@gmail.com,newsletter,everyone,true
153741752,2025-02-09T17:14:26.003Z,lennoxgravox@gmail.com,newsletter,everyone,true
153741752,2025-02-09T17:14:26.102Z,Twadley@gmail.com,newsletter,everyone,true
153741752,2025-02-09T17:14:26.122Z,semakpa@gmail.com,newsletter,everyone,true
153741752,2025-02-09T17:14:26.151Z,shien.getsuto@gmail.com,newsletter,everyone,true
153741752,2025-02-09T17:14:26.166Z,nathanhaile11@gmail.com,newsletter,everyone,true
153741752,2025-02-09T17:14:26.200Z,itzhak.samara@gmail.com,newsletter,everyone,true
153741752,2025-02-09T17:14:26.225Z,ianwilmoth@gmail.com,newsletter,everyone,true
153741752,2025-02-09T17:14:26.267Z,apollohlynch@gmail.com,newsletter,everyone,true
153741752,2025-02-09T17:14:26.287Z,calebgrasse@gmail.com,newsletter,everyone,true
153741752,2025-02-09T17:14:26.323Z,rwlbmitchell@gmail.com,newsletter,everyone,true
153741752,2025-02-09T17:14:26.368Z,virknavkaur@gmail.com,newsletter,everyone,true
153741752,2025-02-09T17:14:26.388Z,briana.j.carroll@gmail.com,newsletter,everyone,true
153741752,2025-02-09T17:14:26.442Z,growlyted@gmail.com,newsletter,everyone,true
153741752,2025-02-09T17:14:26.508Z,kalakaldruzuzu@gmail.com,newsletter,everyone,true
153741752,2025-02-09T17:14:26.524Z,ozs2@cornell.edu,newsletter,everyone,true
153741752,2025-02-09T17:14:26.550Z,evangelinepressblog@gmail.com,newsletter,everyone,true
153741752,2025-02-09T17:14:26.589Z,zach.bartell.writer@gmail.com,newsletter,everyone,true
153741752,2025-02-09T17:14:26.675Z,gdg2018mm5@gmail.com,newsletter,everyone,true
153741752,2025-02-09T17:14:26.688Z,jasontrew@gmail.com,newsletter,everyone,true
153741752,2025-02-09T17:14:27.050Z,borealspain@yahoo.co.uk,newsletter,everyone,true
153741752,2025-02-09T17:14:27.187Z,rimbsweiler@gmail.com,newsletter,everyone,true
153741752,2025-02-09T17:14:27.281Z,ptdaris@uol.com.br,newsletter,everyone,true
153741752,2025-02-09T17:14:27.328Z,zutorilla@gmail.com,newsletter,everyone,true
153741752,2025-02-09T17:14:27.431Z,alminivdmerwe@gmail.com,newsletter,everyone,true
153741752,2025-02-09T17:14:27.697Z,ahershmc@aol.com,newsletter,everyone,true
153741752,2025-02-09T17:14:27.802Z,theory.nifty438@passinbox.com,newsletter,everyone,true
153741752,2025-02-09T17:14:29.514Z,skyjensen@icloud.com,newsletter,everyone,true
153741752,2025-02-09T17:14:30.574Z,dennis@burns.org,newsletter,everyone,true
