post_id,timestamp,email,post_type,post_audience,active_subscription,country,city,region,device_type,client_os,client_type,user_agent
153743025,2025-02-09T17:23:57.934Z,skyjensen@icloud.com,newsletter,everyone,true,US,,,,,,Mozilla/5.0
153743025,2025-02-09T17:37:51.680Z,borealspain@yahoo.co.uk,newsletter,everyone,true,US,,,,,,Mozilla/5.0
153743025,2025-02-09T17:41:37.177Z,ianwilmoth@gmail.com,newsletter,everyone,true,US,,,,,,Mozilla/5.0
153743025,2025-02-09T17:43:09.500Z,dwightlyman@gmail.com,newsletter,everyone,true,US,,,,,,Mozilla/5.0
153743025,2025-02-09T20:26:20.380Z,alminivdmerwe@gmail.com,newsletter,everyone,true,LI,,,,,,Mozilla/5.0
153743025,2025-02-09T20:53:36.335Z,mileswilsondc@gmail.com,newsletter,everyone,true,US,,,,,,Mozilla/5.0 (Windows NT 5.1; rv:11.0) Gecko Firefox/11.0 (via ggpht.com GoogleImageProxy)
153743025,2025-02-09T20:54:03.202Z,mileswilsondc@gmail.com,newsletter,everyone,true,US,,,,,,Mozilla/5.0
153743025,2025-02-10T00:55:57.676Z,dwightlyman@gmail.com,newsletter,everyone,true,US,,,,,,Mozilla/5.0
153743025,2025-02-10T03:58:05.681Z,jasontrew@gmail.com,newsletter,everyone,true,US,,,,,,Mozilla/5.0
153743025,2025-02-10T04:23:29.245Z,zach.bartell.writer@gmail.com,newsletter,everyone,true,US,,,,,,Mozilla/5.0
153743025,2025-02-10T04:53:23.343Z,skyjensen@icloud.com,newsletter,everyone,true,US,,,,,,Mozilla/5.0
153743025,2025-02-10T07:55:49.109Z,alminivdmerwe@gmail.com,newsletter,everyone,true,LI,,,,,,Mozilla/5.0
153743025,2025-02-10T14:29:30.256Z,rimbsweiler@yahoo.com,newsletter,everyone,false,US,,,,,,Mozilla/5.0
153743025,2025-02-10T17:17:54.839Z,apollohlynch@gmail.com,newsletter,everyone,true,US,,,,,,Mozilla/5.0
153743025,2025-02-11T11:50:23.333Z,harrisbrian321@gmail.com,newsletter,everyone,true,CA,,,,,,Mozilla/5.0
153743025,2025-02-13T21:20:28.895Z,briana.j.carroll@gmail.com,newsletter,everyone,true,US,,,,,,Mozilla/5.0 (Windows NT 5.1; rv:11.0) Gecko Firefox/11.0 (via ggpht.com GoogleImageProxy)
153743025,2025-02-13T21:20:42.114Z,briana.j.carroll@gmail.com,newsletter,everyone,true,US,,,,,,Mozilla/5.0 (Windows NT 5.1; rv:11.0) Gecko Firefox/11.0 (via ggpht.com GoogleImageProxy)
153743025,2025-02-26T04:22:27.945Z,nathanhaile11@gmail.com,newsletter,everyone,true,MX,,,,,,Mozilla/5.0
