post_id,timestamp,email,post_type,post_audience,active_subscription,country,city,region,device_type,client_os,client_type,user_agent
153741752,2025-02-09T17:23:57.933Z,skyjensen@icloud.com,newsletter,everyone,true,US,,,,,,Mozilla/5.0
153741752,2025-02-09T17:37:51.678Z,borealspain@yahoo.co.uk,newsletter,everyone,true,US,,,,,,Mozilla/5.0
153741752,2025-02-09T17:41:37.176Z,ianwilmoth@gmail.com,newsletter,everyone,true,US,,,,,,Mozilla/5.0
153741752,2025-02-09T17:43:09.500Z,dwightlyman@gmail.com,newsletter,everyone,true,US,,,,,,Mozilla/5.0
153741752,2025-02-09T20:26:20.379Z,alminivdmerwe@gmail.com,newsletter,everyone,true,LI,,,,,,Mozilla/5.0
153741752,2025-02-09T20:53:36.334Z,mileswilsondc@gmail.com,newsletter,everyone,true,US,,,,,,Mozilla/5.0 (Windows NT 5.1; rv:11.0) Gecko Firefox/11.0 (via ggpht.com GoogleImageProxy)
153741752,2025-02-09T20:54:03.204Z,mileswilsondc@gmail.com,newsletter,everyone,true,US,,,,,,Mozilla/5.0
153741752,2025-02-10T00:55:57.673Z,dwightlyman@gmail.com,newsletter,everyone,true,US,,,,,,Mozilla/5.0
153741752,2025-02-10T04:17:00.900Z,jasontrew@gmail.com,newsletter,everyone,true,US,,,,,,Mozilla/5.0
153741752,2025-02-10T04:23:29.251Z,zach.bartell.writer@gmail.com,newsletter,everyone,true,US,,,,,,Mozilla/5.0
153741752,2025-02-10T04:53:23.343Z,skyjensen@icloud.com,newsletter,everyone,true,US,,,,,,Mozilla/5.0
153741752,2025-02-10T07:55:49.110Z,alminivdmerwe@gmail.com,newsletter,everyone,true,LI,,,,,,Mozilla/5.0
153741752,2025-02-10T14:29:30.250Z,rimbsweiler@yahoo.com,newsletter,everyone,false,US,,,,,,Mozilla/5.0
153741752,2025-02-10T17:17:54.834Z,apollohlynch@gmail.com,newsletter,everyone,true,US,,,,,,Mozilla/5.0
153741752,2025-02-11T11:50:23.335Z,harrisbrian321@gmail.com,newsletter,everyone,true,CA,,,,,,Mozilla/5.0
153741752,2025-02-26T04:22:27.949Z,nathanhaile11@gmail.com,newsletter,everyone,true,MX,,,,,,Mozilla/5.0
