post_id,timestamp,email,post_type,post_audience,active_subscription,country,city,region,device_type,client_os,client_type,user_agent
153780278,2025-02-09T17:23:57.933Z,skyjensen@icloud.com,newsletter,everyone,true,US,,,,,,Mozilla/5.0
153780278,2025-02-09T17:37:51.677Z,borealspain@yahoo.co.uk,newsletter,everyone,true,US,,,,,,Mozilla/5.0
153780278,2025-02-09T17:41:37.177Z,ianwilmoth@gmail.com,newsletter,everyone,true,US,,,,,,Mozilla/5.0
153780278,2025-02-09T18:17:09.581Z,ptdaris@uol.com.br,newsletter,everyone,true,BR,,,,,,Mozilla/4.0 (compatible; ms-office; MSOffice 16)
153780278,2025-02-09T20:26:20.381Z,alminivdmerwe@gmail.com,newsletter,everyone,true,LI,,,,,,Mozilla/5.0
153780278,2025-02-09T20:48:55.046Z,ianwilmoth@gmail.com,newsletter,everyone,true,US,,,,,,Mozilla/5.0 (Windows NT 5.1; rv:11.0) Gecko Firefox/11.0 (via ggpht.com GoogleImageProxy)
153780278,2025-02-09T20:53:36.247Z,mileswilsondc@gmail.com,newsletter,everyone,true,US,,,,,,Mozilla/5.0 (Windows NT 5.1; rv:11.0) Gecko Firefox/11.0 (via ggpht.com GoogleImageProxy)
153780278,2025-02-09T20:54:03.203Z,mileswilsondc@gmail.com,newsletter,everyone,true,US,,,,,,Mozilla/5.0
153780278,2025-02-10T03:58:05.682Z,jasontrew@gmail.com,newsletter,everyone,true,US,,,,,,Mozilla/5.0
153780278,2025-02-10T04:23:29.253Z,zach.bartell.writer@gmail.com,newsletter,everyone,true,US,,,,,,Mozilla/5.0
153780278,2025-02-10T04:53:23.342Z,skyjensen@icloud.com,newsletter,everyone,true,US,,,,,,Mozilla/5.0
153780278,2025-02-10T07:55:49.110Z,alminivdmerwe@gmail.com,newsletter,everyone,true,LI,,,,,,Mozilla/5.0
153780278,2025-02-10T14:29:30.256Z,rimbsweiler@yahoo.com,newsletter,everyone,false,US,,,,,,Mozilla/5.0
153780278,2025-02-10T17:17:54.842Z,apollohlynch@gmail.com,newsletter,everyone,true,US,,,,,,Mozilla/5.0
153780278,2025-02-11T11:50:23.332Z,harrisbrian321@gmail.com,newsletter,everyone,true,CA,,,,,,Mozilla/5.0
153780278,2025-02-26T04:22:30.322Z,nathanhaile11@gmail.com,newsletter,everyone,true,MX,,,,,,Mozilla/5.0
