post_id,timestamp,email,post_type,post_audience,active_subscription,country,city,region,device_type,client_os,client_type,user_agent
153801255,2025-02-09T17:23:57.932Z,skyjensen@icloud.com,newsletter,everyone,true,US,,,,,,Mozilla/5.0
153801255,2025-02-09T17:37:51.679Z,borealspain@yahoo.co.uk,newsletter,everyone,true,US,,,,,,Mozilla/5.0
153801255,2025-02-09T17:41:37.177Z,ianwilmoth@gmail.com,newsletter,everyone,true,US,,,,,,Mozilla/5.0
153801255,2025-02-09T18:17:13.716Z,ptdaris@uol.com.br,newsletter,everyone,true,BR,,,,,,Mozilla/4.0 (compatible; ms-office; MSOffice 16)
153801255,2025-02-09T18:17:22.425Z,ptdaris@uol.com.br,newsletter,everyone,true,BR,,,,,,Mozilla/4.0 (compatible; ms-office; MSOffice 16)
153801255,2025-02-09T20:26:20.380Z,alminivdmerwe@gmail.com,newsletter,everyone,true,LI,,,,,,Mozilla/5.0
153801255,2025-02-09T20:54:03.206Z,mileswilsondc@gmail.com,newsletter,everyone,true,US,,,,,,Mozilla/5.0
153801255,2025-02-10T04:17:00.865Z,jasontrew@gmail.com,newsletter,everyone,true,US,,,,,,Mozilla/5.0
153801255,2025-02-10T04:23:29.244Z,zach.bartell.writer@gmail.com,newsletter,everyone,true,US,,,,,,Mozilla/5.0
153801255,2025-02-10T04:53:23.341Z,skyjensen@icloud.com,newsletter,everyone,true,US,,,,,,Mozilla/5.0
153801255,2025-02-10T07:55:49.111Z,alminivdmerwe@gmail.com,newsletter,everyone,true,LI,,,,,,Mozilla/5.0
153801255,2025-02-10T14:29:30.252Z,rimbsweiler@yahoo.com,newsletter,everyone,false,US,,,,,,Mozilla/5.0
153801255,2025-02-10T17:17:54.842Z,apollohlynch@gmail.com,newsletter,everyone,true,US,,,,,,Mozilla/5.0
153801255,2025-02-11T11:50:23.336Z,harrisbrian321@gmail.com,newsletter,everyone,true,CA,,,,,,Mozilla/5.0
153801255,2025-02-26T04:22:30.321Z,nathanhaile11@gmail.com,newsletter,everyone,true,MX,,,,,,Mozilla/5.0
