post_id,timestamp,email,post_type,post_audience,active_subscription
153800528,2025-02-09T17:13:19.791Z,nathanhaile11@gmail.com,newsletter,everyone,true
153800528,2025-02-09T17:13:19.861Z,evangelinepressblog@gmail.com,newsletter,everyone,true
153800528,2025-02-09T17:13:19.924Z,Experimentalunit317@gmail.com,newsletter,everyone,false
153800528,2025-02-09T17:13:19.949Z,gdg2018mm5@gmail.com,newsletter,everyone,true
153800528,2025-02-09T17:13:20.070Z,djcart137@gmail.com,newsletter,everyone,true
153800528,2025-02-09T17:13:20.086Z,raynottwoodbead@gmail.com,newsletter,everyone,true
153800528,2025-02-09T17:13:20.123Z,3d0f86f2-e17f-4f2a-8ca5-154e98f6d68a@deletion-request.substack.com,newsletter,everyone,true
153800528,2025-02-09T17:13:20.226Z,kalakaldruzuzu@gmail.com,newsletter,everyone,true
153800528,2025-02-09T17:13:20.227Z,zach.bartell.writer@gmail.com,newsletter,everyone,true
153800528,2025-02-09T17:13:20.239Z,beer64925@gmail.com,newsletter,everyone,true
153800528,2025-02-09T17:13:20.438Z,justinaugustwellington@gmail.com,newsletter,everyone,true
153800528,2025-02-09T17:13:20.443Z,kadirgemici066@gmail.com,newsletter,everyone,true
153800528,2025-02-09T17:13:20.450Z,mrnononsense02@gmail.com,newsletter,everyone,true
153800528,2025-02-09T17:13:20.464Z,bky074a@gmail.com,newsletter,everyone,true
153800528,2025-02-09T17:13:20.469Z,calebgrasse@gmail.com,newsletter,everyone,true
153800528,2025-02-09T17:13:20.600Z,Twadley@gmail.com,newsletter,everyone,true
153800528,2025-02-09T17:13:20.620Z,ianwilmoth@gmail.com,newsletter,everyone,true
153800528,2025-02-09T17:13:20.623Z,itzhak.samara@gmail.com,newsletter,everyone,true
153800528,2025-02-09T17:13:20.627Z,alminivdmerwe@gmail.com,newsletter,everyone,true
153800528,2025-02-09T17:13:20.640Z,apollohlynch@gmail.com,newsletter,everyone,true
153800528,2025-02-09T17:13:20.707Z,zutorilla@gmail.com,newsletter,everyone,true
153800528,2025-02-09T17:13:20.733Z,growlyted@gmail.com,newsletter,everyone,true
153800528,2025-02-09T17:13:20.778Z,mileswilsondc@gmail.com,newsletter,everyone,true
153800528,2025-02-09T17:13:20.810Z,rwlbmitchell@gmail.com,newsletter,everyone,true
153800528,2025-02-09T17:13:20.837Z,rimbsweiler@yahoo.com,newsletter,everyone,false
153800528,2025-02-09T17:13:20.841Z,jasontrew@gmail.com,newsletter,everyone,true
153800528,2025-02-09T17:13:20.880Z,virknavkaur@gmail.com,newsletter,everyone,true
153800528,2025-02-09T17:13:20.944Z,semakpa@gmail.com,newsletter,everyone,true
153800528,2025-02-09T17:13:20.968Z,beansocolofsky@gmail.com,newsletter,everyone,true
153800528,2025-02-09T17:13:20.973Z,harrisbrian321@gmail.com,newsletter,everyone,true
153800528,2025-02-09T17:13:21.067Z,dwightlyman@gmail.com,newsletter,everyone,true
153800528,2025-02-09T17:13:21.071Z,adooleycox@gmail.com,newsletter,everyone,true
153800528,2025-02-09T17:13:21.106Z,lennoxgravox@gmail.com,newsletter,everyone,true
153800528,2025-02-09T17:13:21.160Z,briana.j.carroll@gmail.com,newsletter,everyone,true
153800528,2025-02-09T17:13:21.198Z,shien.getsuto@gmail.com,newsletter,everyone,true
153800528,2025-02-09T17:13:21.227Z,ahershmc@aol.com,newsletter,everyone,true
153800528,2025-02-09T17:13:21.581Z,ozs2@cornell.edu,newsletter,everyone,true
153800528,2025-02-09T17:13:21.611Z,borealspain@yahoo.co.uk,newsletter,everyone,true
153800528,2025-02-09T17:13:21.741Z,ptdaris@uol.com.br,newsletter,everyone,true
153800528,2025-02-09T17:13:21.850Z,rimbsweiler@gmail.com,newsletter,everyone,true
153800528,2025-02-09T17:13:22.343Z,theory.nifty438@passinbox.com,newsletter,everyone,true
153800528,2025-02-09T17:13:24.057Z,skyjensen@icloud.com,newsletter,everyone,true
153800528,2025-02-09T17:13:24.459Z,dennis@burns.org,newsletter,everyone,true
