post_id,timestamp,email,post_type,post_audience,active_subscription,country,city,region,device_type,client_os,client_type,user_agent
153893179,2025-01-01T05:35:12.198Z,briana.j.carroll@gmail.com,newsletter,everyone,true,US,,,,,,Mozilla/5.0 (Windows NT 5.1; rv:11.0) Gecko Firefox/11.0 (via ggpht.com GoogleImageProxy)
153893179,2025-01-01T05:54:17.447Z,dwightlyman@gmail.com,newsletter,everyone,true,US,,,,,,Mozilla/5.0
153893179,2025-01-01T06:08:34.855Z,borealspain@yahoo.co.uk,newsletter,everyone,true,US,,,,,,Mozilla/5.0
153893179,2025-01-01T06:14:39.095Z,skyjensen@icloud.com,newsletter,everyone,true,US,,,,,,Mozilla/5.0
153893179,2025-01-01T08:51:42.199Z,skyjensen@icloud.com,newsletter,everyone,true,NL,,,,,,Mozilla/5.0
153893179,2025-01-01T09:46:43.857Z,zach.bartell.writer@gmail.com,newsletter,everyone,true,US,,,,,,Mozilla/5.0
153893179,2025-01-01T10:20:00.727Z,alminivdmerwe@gmail.com,newsletter,everyone,true,LI,,,,,,Mozilla/5.0
153893179,2025-01-01T13:52:13.755Z,rimbsweiler@yahoo.com,newsletter,everyone,false,US,,,,,,Mozilla/5.0
153893179,2025-01-01T15:40:19.656Z,beansocolofsky@gmail.com,newsletter,everyone,true,US,,,,,,Mozilla/5.0 (Windows NT 5.1; rv:11.0) Gecko Firefox/11.0 (via ggpht.com GoogleImageProxy)
153893179,2025-01-01T16:32:08.276Z,skyjensen@icloud.com,newsletter,everyone,true,US,,,,,,Mozilla/5.0
153893179,2025-01-01T16:41:03.465Z,beer64925@gmail.com,newsletter,everyone,true,US,,,,,,Mozilla/5.0 (Windows NT 5.1; rv:11.0) Gecko Firefox/11.0 (via ggpht.com GoogleImageProxy)
153893179,2025-01-01T18:28:47.323Z,harrisbrian321@gmail.com,newsletter,everyone,true,NL,,,,,,Mozilla/5.0
153893179,2025-01-01T18:50:57.664Z,joliefleur3435@gmail.com,newsletter,everyone,true,MA,,,,,,Mozilla/5.0
153893179,2025-01-01T18:57:29.395Z,ianwilmoth@gmail.com,newsletter,everyone,true,US,,,,,,Mozilla/5.0
153893179,2025-01-01T19:08:41.726Z,alminivdmerwe@gmail.com,newsletter,everyone,true,LI,,,,,,Mozilla/5.0
153893179,2025-01-01T19:54:33.703Z,mileswilsondc@gmail.com,newsletter,everyone,true,US,,,,,,Mozilla/5.0
153893179,2025-01-01T20:06:00.452Z,nathanhaile11@gmail.com,newsletter,everyone,true,US,,,,,,Mozilla/5.0
153893179,2025-01-01T21:00:53.124Z,ianwilmoth@gmail.com,newsletter,everyone,true,US,,,,,,Mozilla/5.0 (Windows NT 5.1; rv:11.0) Gecko Firefox/11.0 (via ggpht.com GoogleImageProxy)
153893179,2025-01-01T23:44:48.812Z,briana.j.carroll@gmail.com,newsletter,everyone,true,US,,,,,,Mozilla/5.0 (Windows NT 5.1; rv:11.0) Gecko Firefox/11.0 (via ggpht.com GoogleImageProxy)
153893179,2025-01-02T00:37:16.719Z,itzhak.samara@gmail.com,newsletter,everyone,true,US,,,,,,Mozilla/5.0 (Windows NT 5.1; rv:11.0) Gecko Firefox/11.0 (via ggpht.com GoogleImageProxy)
153893179,2025-01-02T07:43:36.595Z,apollohlynch@gmail.com,newsletter,everyone,true,US,,,,,,Mozilla/5.0
153893179,2025-01-02T15:36:11.195Z,briana.j.carroll@gmail.com,newsletter,everyone,true,US,,,,,,Mozilla/5.0 (Windows NT 5.1; rv:11.0) Gecko Firefox/11.0 (via ggpht.com GoogleImageProxy)
