post_id,timestamp,email,post_type,post_audience,active_subscription,country,city,region,device_type,client_os,client_type,user_agent
153800528,2025-02-09T17:13:59.876Z,ianwilmoth@gmail.com,newsletter,everyone,true,US,,,,,,Mozilla/5.0 (Windows NT 5.1; rv:11.0) Gecko Firefox/11.0 (via ggpht.com GoogleImageProxy)
153800528,2025-02-09T17:23:57.932Z,skyjensen@icloud.com,newsletter,everyone,true,US,,,,,,Mozilla/5.0
153800528,2025-02-09T17:37:51.678Z,borealspain@yahoo.co.uk,newsletter,everyone,true,US,,,,,,Mozilla/5.0
153800528,2025-02-09T17:41:37.176Z,ianwilmoth@gmail.com,newsletter,everyone,true,US,,,,,,Mozilla/5.0
153800528,2025-02-09T17:43:09.500Z,dwightlyman@gmail.com,newsletter,everyone,true,US,,,,,,Mozilla/5.0
153800528,2025-02-09T18:17:11.684Z,ptdaris@uol.com.br,newsletter,everyone,true,BR,,,,,,Mozilla/4.0 (compatible; ms-office; MSOffice 16)
153800528,2025-02-09T20:26:20.378Z,alminivdmerwe@gmail.com,newsletter,everyone,true,LI,,,,,,Mozilla/5.0
153800528,2025-02-09T20:54:03.205Z,mileswilsondc@gmail.com,newsletter,everyone,true,US,,,,,,Mozilla/5.0
153800528,2025-02-10T00:55:57.675Z,dwightlyman@gmail.com,newsletter,everyone,true,US,,,,,,Mozilla/5.0
153800528,2025-02-10T04:17:00.903Z,jasontrew@gmail.com,newsletter,everyone,true,US,,,,,,Mozilla/5.0
153800528,2025-02-10T04:23:29.252Z,zach.bartell.writer@gmail.com,newsletter,everyone,true,US,,,,,,Mozilla/5.0
153800528,2025-02-10T04:53:23.342Z,skyjensen@icloud.com,newsletter,everyone,true,US,,,,,,Mozilla/5.0
153800528,2025-02-10T07:55:49.111Z,alminivdmerwe@gmail.com,newsletter,everyone,true,LI,,,,,,Mozilla/5.0
153800528,2025-02-10T14:29:30.251Z,rimbsweiler@yahoo.com,newsletter,everyone,false,US,,,,,,Mozilla/5.0
153800528,2025-02-10T17:17:54.835Z,apollohlynch@gmail.com,newsletter,everyone,true,US,,,,,,Mozilla/5.0
153800528,2025-02-11T11:50:23.335Z,harrisbrian321@gmail.com,newsletter,everyone,true,CA,,,,,,Mozilla/5.0
153800528,2025-02-26T04:22:27.948Z,nathanhaile11@gmail.com,newsletter,everyone,true,MX,,,,,,Mozilla/5.0
