post_id,timestamp,email,post_type,post_audience,active_subscription,country,city,region,device_type,client_os,client_type,user_agent
153892109,2025-01-01T05:02:50.762Z,dwightlyman@gmail.com,newsletter,everyone,true,US,,,,,,Mozilla/5.0
153892109,2025-01-01T05:31:27.601Z,skyjensen@icloud.com,newsletter,everyone,true,US,,,,,,Mozilla/5.0
153892109,2025-01-01T05:35:09.951Z,briana.j.carroll@gmail.com,newsletter,everyone,true,US,,,,,,Mozilla/5.0 (Windows NT 5.1; rv:11.0) Gecko Firefox/11.0 (via ggpht.com GoogleImageProxy)
153892109,2025-01-01T05:38:32.030Z,borealspain@yahoo.co.uk,newsletter,everyone,true,US,,,,,,Mozilla/5.0
153892109,2025-01-01T08:48:10.228Z,ptdaris@uol.com.br,newsletter,everyone,true,IT,,,,,,"Mozilla/5.0 (Linux; Android 14; SM-S926B Build/UP1A.231005.007; wv) AppleWebKit/537.36 (KHTML, like Gecko) Version/4.0 Chrome/131.0.6778.135 Mobile Safari/537.36"
153892109,2025-01-01T08:51:42.198Z,skyjensen@icloud.com,newsletter,everyone,true,NL,,,,,,Mozilla/5.0
153892109,2025-01-01T10:20:00.726Z,alminivdmerwe@gmail.com,newsletter,everyone,true,LI,,,,,,Mozilla/5.0
153892109,2025-01-01T14:48:03.340Z,rimbsweiler@yahoo.com,newsletter,everyone,false,US,,,,,,Mozilla/5.0
153892109,2025-01-01T16:32:08.275Z,skyjensen@icloud.com,newsletter,everyone,true,US,,,,,,Mozilla/5.0
153892109,2025-01-01T18:28:47.322Z,harrisbrian321@gmail.com,newsletter,everyone,true,NL,,,,,,Mozilla/5.0
153892109,2025-01-01T18:50:57.661Z,joliefleur3435@gmail.com,newsletter,everyone,true,MA,,,,,,Mozilla/5.0
153892109,2025-01-01T18:57:29.395Z,ianwilmoth@gmail.com,newsletter,everyone,true,US,,,,,,Mozilla/5.0
153892109,2025-01-01T19:08:41.725Z,alminivdmerwe@gmail.com,newsletter,everyone,true,LI,,,,,,Mozilla/5.0
153892109,2025-01-01T19:54:33.703Z,mileswilsondc@gmail.com,newsletter,everyone,true,US,,,,,,Mozilla/5.0
153892109,2025-01-01T20:06:00.452Z,nathanhaile11@gmail.com,newsletter,everyone,true,US,,,,,,Mozilla/5.0
153892109,2025-01-01T21:00:53.044Z,ianwilmoth@gmail.com,newsletter,everyone,true,US,,,,,,Mozilla/5.0 (Windows NT 5.1; rv:11.0) Gecko Firefox/11.0 (via ggpht.com GoogleImageProxy)
153892109,2025-01-01T23:44:49.021Z,briana.j.carroll@gmail.com,newsletter,everyone,true,US,,,,,,Mozilla/5.0 (Windows NT 5.1; rv:11.0) Gecko Firefox/11.0 (via ggpht.com GoogleImageProxy)
153892109,2025-01-02T05:25:06.239Z,tyrickstarksatt@gmail.com,newsletter,everyone,true,US,,,,,,Mozilla/5.0 (Windows NT 5.1; rv:11.0) Gecko Firefox/11.0 (via ggpht.com GoogleImageProxy)
153892109,2025-01-02T07:43:36.594Z,apollohlynch@gmail.com,newsletter,everyone,true,US,,,,,,Mozilla/5.0
153892109,2025-01-02T15:36:43.635Z,briana.j.carroll@gmail.com,newsletter,everyone,true,US,,,,,,Mozilla/5.0 (Windows NT 5.1; rv:11.0) Gecko Firefox/11.0 (via ggpht.com GoogleImageProxy)
153892109,2025-01-02T22:13:55.556Z,briana.j.carroll@gmail.com,newsletter,everyone,true,US,,,,,,Mozilla/5.0 (Windows NT 5.1; rv:11.0) Gecko Firefox/11.0 (via ggpht.com GoogleImageProxy)
153892109,2025-01-03T06:57:40.968Z,zach.bartell.writer@gmail.com,newsletter,everyone,true,US,,,,,,Mozilla/5.0
