post_id,timestamp,email,post_type,post_audience,active_subscription
153892109,2025-01-01T04:59:15.533Z,joliefleur3435@gmail.com,newsletter,everyone,true
153892109,2025-01-01T04:59:15.549Z,Experimentalunit317@gmail.com,newsletter,everyone,false
153892109,2025-01-01T04:59:15.654Z,justinaugustwellington@gmail.com,newsletter,everyone,true
153892109,2025-01-01T04:59:15.710Z,nathanhaile11@gmail.com,newsletter,everyone,true
153892109,2025-01-01T04:59:15.803Z,mrnononsense02@gmail.com,newsletter,everyone,true
153892109,2025-01-01T04:59:15.807Z,gdg2018mm5@gmail.com,newsletter,everyone,true
153892109,2025-01-01T04:59:15.831Z,beansocolofsky@gmail.com,newsletter,everyone,true
153892109,2025-01-01T04:59:15.945Z,dwightlyman@gmail.com,newsletter,everyone,true
153892109,2025-01-01T04:59:15.967Z,lennoxgravox@gmail.com,newsletter,everyone,true
153892109,2025-01-01T04:59:16.040Z,kalakaldruzuzu@gmail.com,newsletter,everyone,true
153892109,2025-01-01T04:59:16.100Z,beer64925@gmail.com,newsletter,everyone,true
153892109,2025-01-01T04:59:16.248Z,kadirgemici066@gmail.com,newsletter,everyone,true
153892109,2025-01-01T04:59:16.258Z,raynottwoodbead@gmail.com,newsletter,everyone,true
153892109,2025-01-01T04:59:16.341Z,3d0f86f2-e17f-4f2a-8ca5-154e98f6d68a@deletion-request.substack.com,newsletter,everyone,true
153892109,2025-01-01T04:59:16.565Z,rimbsweiler@yahoo.com,newsletter,everyone,false
153892109,2025-01-01T04:59:16.726Z,daniellemtobias@gmail.com,newsletter,everyone,true
153892109,2025-01-01T04:59:16.981Z,ozs2@cornell.edu,newsletter,everyone,true
153892109,2025-01-01T04:59:17.054Z,mileswilsondc@gmail.com,newsletter,everyone,true
153892109,2025-01-01T04:59:17.210Z,zach.bartell.writer@gmail.com,newsletter,everyone,true
153892109,2025-01-01T04:59:17.329Z,calebgrasse@gmail.com,newsletter,everyone,true
153892109,2025-01-01T04:59:17.333Z,adooleycox@gmail.com,newsletter,everyone,true
153892109,2025-01-01T04:59:17.351Z,evangelinepressblog@gmail.com,newsletter,everyone,true
153892109,2025-01-01T04:59:17.419Z,rimbsweiler@gmail.com,newsletter,everyone,true
153892109,2025-01-01T04:59:17.420Z,omarionburgess45@gmail.com,newsletter,everyone,true
153892109,2025-01-01T04:59:17.443Z,growlyted@gmail.com,newsletter,everyone,true
153892109,2025-01-01T04:59:17.466Z,djcart137@gmail.com,newsletter,everyone,true
153892109,2025-01-01T04:59:17.495Z,itzhak.samara@gmail.com,newsletter,everyone,true
153892109,2025-01-01T04:59:17.503Z,harrisbrian321@gmail.com,newsletter,everyone,true
153892109,2025-01-01T04:59:17.507Z,tyrickstarksatt@gmail.com,newsletter,everyone,true
153892109,2025-01-01T04:59:17.525Z,briana.j.carroll@gmail.com,newsletter,everyone,true
153892109,2025-01-01T04:59:17.585Z,Twadley@gmail.com,newsletter,everyone,true
153892109,2025-01-01T04:59:17.640Z,ianwilmoth@gmail.com,newsletter,everyone,true
153892109,2025-01-01T04:59:17.700Z,bky074a@gmail.com,newsletter,everyone,true
153892109,2025-01-01T04:59:17.763Z,ahershmc@aol.com,newsletter,everyone,true
153892109,2025-01-01T04:59:18.316Z,zutorilla@gmail.com,newsletter,everyone,true
153892109,2025-01-01T04:59:18.457Z,rwlbmitchell@gmail.com,newsletter,everyone,true
153892109,2025-01-01T04:59:18.480Z,apollohlynch@gmail.com,newsletter,everyone,true
153892109,2025-01-01T04:59:18.590Z,alminivdmerwe@gmail.com,newsletter,everyone,true
153892109,2025-01-01T04:59:18.617Z,shien.getsuto@gmail.com,newsletter,everyone,true
153892109,2025-01-01T04:59:18.896Z,skyjensen@icloud.com,newsletter,everyone,true
153892109,2025-01-01T04:59:18.951Z,borealspain@yahoo.co.uk,newsletter,everyone,true
153892109,2025-01-01T04:59:19.366Z,ptdaris@uol.com.br,newsletter,everyone,true
153892109,2025-01-01T04:59:19.638Z,theory.nifty438@passinbox.com,newsletter,everyone,true
153892109,2025-01-01T04:59:20.571Z,dennis@burns.org,newsletter,everyone,true
