post_id,timestamp,email,post_type,post_audience,active_subscription
153893179,2025-01-01T05:34:18.485Z,Experimentalunit317@gmail.com,newsletter,everyone,false
153893179,2025-01-01T05:34:18.869Z,dwightlyman@gmail.com,newsletter,everyone,true
153893179,2025-01-01T05:34:19.005Z,beansocolofsky@gmail.com,newsletter,everyone,true
153893179,2025-01-01T05:34:19.092Z,justinaugustwellington@gmail.com,newsletter,everyone,true
153893179,2025-01-01T05:34:19.110Z,mrnononsense02@gmail.com,newsletter,everyone,true
153893179,2025-01-01T05:34:19.119Z,evangelinepressblog@gmail.com,newsletter,everyone,true
153893179,2025-01-01T05:34:19.135Z,nathanhaile11@gmail.com,newsletter,everyone,true
153893179,2025-01-01T05:34:19.164Z,gdg2018mm5@gmail.com,newsletter,everyone,true
153893179,2025-01-01T05:34:19.240Z,lennoxgravox@gmail.com,newsletter,everyone,true
153893179,2025-01-01T05:34:19.259Z,joliefleur3435@gmail.com,newsletter,everyone,true
153893179,2025-01-01T05:34:19.291Z,raynottwoodbead@gmail.com,newsletter,everyone,true
153893179,2025-01-01T05:34:19.400Z,beer64925@gmail.com,newsletter,everyone,true
153893179,2025-01-01T05:34:19.442Z,zach.bartell.writer@gmail.com,newsletter,everyone,true
153893179,2025-01-01T05:34:19.765Z,daniellemtobias@gmail.com,newsletter,everyone,true
153893179,2025-01-01T05:34:19.886Z,kadirgemici066@gmail.com,newsletter,everyone,true
153893179,2025-01-01T05:34:19.999Z,harrisbrian321@gmail.com,newsletter,everyone,true
153893179,2025-01-01T05:34:20.062Z,kalakaldruzuzu@gmail.com,newsletter,everyone,true
153893179,2025-01-01T05:34:20.156Z,mileswilsondc@gmail.com,newsletter,everyone,true
153893179,2025-01-01T05:34:20.239Z,djcart137@gmail.com,newsletter,everyone,true
153893179,2025-01-01T05:34:20.264Z,briana.j.carroll@gmail.com,newsletter,everyone,true
153893179,2025-01-01T05:34:20.286Z,3d0f86f2-e17f-4f2a-8ca5-154e98f6d68a@deletion-request.substack.com,newsletter,everyone,true
153893179,2025-01-01T05:34:20.290Z,adooleycox@gmail.com,newsletter,everyone,true
153893179,2025-01-01T05:34:20.305Z,rimbsweiler@gmail.com,newsletter,everyone,true
153893179,2025-01-01T05:34:20.328Z,bky074a@gmail.com,newsletter,everyone,true
153893179,2025-01-01T05:34:20.352Z,omarionburgess45@gmail.com,newsletter,everyone,true
153893179,2025-01-01T05:34:20.368Z,rimbsweiler@yahoo.com,newsletter,everyone,false
153893179,2025-01-01T05:34:20.396Z,Twadley@gmail.com,newsletter,everyone,true
153893179,2025-01-01T05:34:20.402Z,zutorilla@gmail.com,newsletter,everyone,true
153893179,2025-01-01T05:34:20.421Z,ianwilmoth@gmail.com,newsletter,everyone,true
153893179,2025-01-01T05:34:20.485Z,calebgrasse@gmail.com,newsletter,everyone,true
153893179,2025-01-01T05:34:20.491Z,tyrickstarksatt@gmail.com,newsletter,everyone,true
153893179,2025-01-01T05:34:20.503Z,growlyted@gmail.com,newsletter,everyone,true
153893179,2025-01-01T05:34:20.508Z,apollohlynch@gmail.com,newsletter,everyone,true
153893179,2025-01-01T05:34:20.511Z,itzhak.samara@gmail.com,newsletter,everyone,true
153893179,2025-01-01T05:34:20.567Z,ahershmc@aol.com,newsletter,everyone,true
153893179,2025-01-01T05:34:20.569Z,alminivdmerwe@gmail.com,newsletter,everyone,true
153893179,2025-01-01T05:34:20.688Z,ozs2@cornell.edu,newsletter,everyone,true
153893179,2025-01-01T05:34:20.705Z,borealspain@yahoo.co.uk,newsletter,everyone,true
153893179,2025-01-01T05:34:20.865Z,rwlbmitchell@gmail.com,newsletter,everyone,true
153893179,2025-01-01T05:34:20.885Z,shien.getsuto@gmail.com,newsletter,everyone,true
153893179,2025-01-01T05:34:22.081Z,theory.nifty438@passinbox.com,newsletter,everyone,true
153893179,2025-01-01T05:34:22.226Z,ptdaris@uol.com.br,newsletter,everyone,true
153893179,2025-01-01T05:34:23.268Z,skyjensen@icloud.com,newsletter,everyone,true
153893179,2025-01-01T05:34:23.329Z,dennis@burns.org,newsletter,everyone,true
