post_id,timestamp,email,post_type,post_audience,active_subscription
153801255,2025-02-09T17:13:04.143Z,zach.bartell.writer@gmail.com,newsletter,everyone,true
153801255,2025-02-09T17:13:04.145Z,raynottwoodbead@gmail.com,newsletter,everyone,true
153801255,2025-02-09T17:13:04.256Z,kalakaldruzuzu@gmail.com,newsletter,everyone,true
153801255,2025-02-09T17:13:04.282Z,beer64925@gmail.com,newsletter,everyone,true
153801255,2025-02-09T17:13:04.286Z,Experimentalunit317@gmail.com,newsletter,everyone,false
153801255,2025-02-09T17:13:04.359Z,djcart137@gmail.com,newsletter,everyone,true
153801255,2025-02-09T17:13:04.784Z,3d0f86f2-e17f-4f2a-8ca5-154e98f6d68a@deletion-request.substack.com,newsletter,everyone,true
153801255,2025-02-09T17:13:05.314Z,beansocolofsky@gmail.com,newsletter,everyone,true
153801255,2025-02-09T17:13:05.390Z,rimbsweiler@gmail.com,newsletter,everyone,true
153801255,2025-02-09T17:13:05.440Z,itzhak.samara@gmail.com,newsletter,everyone,true
153801255,2025-02-09T17:13:05.476Z,briana.j.carroll@gmail.com,newsletter,everyone,true
153801255,2025-02-09T17:13:05.493Z,adooleycox@gmail.com,newsletter,everyone,true
153801255,2025-02-09T17:13:05.498Z,rimbsweiler@yahoo.com,newsletter,everyone,false
153801255,2025-02-09T17:13:05.535Z,calebgrasse@gmail.com,newsletter,everyone,true
153801255,2025-02-09T17:13:05.595Z,shien.getsuto@gmail.com,newsletter,everyone,true
153801255,2025-02-09T17:13:05.723Z,jasontrew@gmail.com,newsletter,everyone,true
153801255,2025-02-09T17:13:05.727Z,rwlbmitchell@gmail.com,newsletter,everyone,true
153801255,2025-02-09T17:13:05.759Z,apollohlynch@gmail.com,newsletter,everyone,true
153801255,2025-02-09T17:13:05.775Z,mrnononsense02@gmail.com,newsletter,everyone,true
153801255,2025-02-09T17:13:05.799Z,Twadley@gmail.com,newsletter,everyone,true
153801255,2025-02-09T17:13:05.844Z,justinaugustwellington@gmail.com,newsletter,everyone,true
153801255,2025-02-09T17:13:05.884Z,ianwilmoth@gmail.com,newsletter,everyone,true
153801255,2025-02-09T17:13:05.908Z,virknavkaur@gmail.com,newsletter,everyone,true
153801255,2025-02-09T17:13:05.948Z,kadirgemici066@gmail.com,newsletter,everyone,true
153801255,2025-02-09T17:13:06.054Z,gdg2018mm5@gmail.com,newsletter,everyone,true
153801255,2025-02-09T17:13:06.062Z,zutorilla@gmail.com,newsletter,everyone,true
153801255,2025-02-09T17:13:06.120Z,alminivdmerwe@gmail.com,newsletter,everyone,true
153801255,2025-02-09T17:13:06.140Z,dwightlyman@gmail.com,newsletter,everyone,true
153801255,2025-02-09T17:13:06.143Z,semakpa@gmail.com,newsletter,everyone,true
153801255,2025-02-09T17:13:06.384Z,lennoxgravox@gmail.com,newsletter,everyone,true
153801255,2025-02-09T17:13:06.579Z,mileswilsondc@gmail.com,newsletter,everyone,true
153801255,2025-02-09T17:13:06.612Z,ahershmc@aol.com,newsletter,everyone,true
153801255,2025-02-09T17:13:06.659Z,nathanhaile11@gmail.com,newsletter,everyone,true
153801255,2025-02-09T17:13:06.810Z,ozs2@cornell.edu,newsletter,everyone,true
153801255,2025-02-09T17:13:06.882Z,theory.nifty438@passinbox.com,newsletter,everyone,true
153801255,2025-02-09T17:13:06.948Z,growlyted@gmail.com,newsletter,everyone,true
153801255,2025-02-09T17:13:07.420Z,evangelinepressblog@gmail.com,newsletter,everyone,true
153801255,2025-02-09T17:13:07.442Z,bky074a@gmail.com,newsletter,everyone,true
153801255,2025-02-09T17:13:07.471Z,harrisbrian321@gmail.com,newsletter,everyone,true
153801255,2025-02-09T17:13:08.129Z,ptdaris@uol.com.br,newsletter,everyone,true
153801255,2025-02-09T17:13:09.756Z,borealspain@yahoo.co.uk,newsletter,everyone,true
153801255,2025-02-09T17:13:09.819Z,dennis@burns.org,newsletter,everyone,true
153801255,2025-02-09T17:13:12.828Z,skyjensen@icloud.com,newsletter,everyone,true
