post_id,timestamp,email,post_type,post_audience,active_subscription
154199207,2025-01-05T16:37:44.098Z,dwightlyman@gmail.com,newsletter,everyone,true
154199207,2025-01-05T16:37:44.416Z,beansocolofsky@gmail.com,newsletter,everyone,true
154199207,2025-01-05T16:37:44.507Z,raynottwoodbead@gmail.com,newsletter,everyone,true
154199207,2025-01-05T16:37:44.542Z,djcart137@gmail.com,newsletter,everyone,true
154199207,2025-01-05T16:37:44.576Z,3d0f86f2-e17f-4f2a-8ca5-154e98f6d68a@deletion-request.substack.com,newsletter,everyone,true
154199207,2025-01-05T16:37:44.620Z,kalakaldruzuzu@gmail.com,newsletter,everyone,true
154199207,2025-01-05T16:37:44.652Z,ptdaris@uol.com.br,newsletter,everyone,true
154199207,2025-01-05T16:37:45.142Z,beer64925@gmail.com,newsletter,everyone,true
154199207,2025-01-05T16:37:45.210Z,zach.bartell.writer@gmail.com,newsletter,everyone,true
154199207,2025-01-05T16:37:45.379Z,rimbsweiler@yahoo.com,newsletter,everyone,false
154199207,2025-01-05T16:37:45.532Z,bky074a@gmail.com,newsletter,everyone,true
154199207,2025-01-05T16:37:45.601Z,Experimentalunit317@gmail.com,newsletter,everyone,false
154199207,2025-01-05T16:37:45.671Z,zutorilla@gmail.com,newsletter,everyone,true
154199207,2025-01-05T16:37:45.696Z,Twadley@gmail.com,newsletter,everyone,true
154199207,2025-01-05T16:37:45.719Z,mileswilsondc@gmail.com,newsletter,everyone,true
154199207,2025-01-05T16:37:45.743Z,alminivdmerwe@gmail.com,newsletter,everyone,true
154199207,2025-01-05T16:37:45.748Z,apollohlynch@gmail.com,newsletter,everyone,true
154199207,2025-01-05T16:37:45.792Z,tyrickstarksatt@gmail.com,newsletter,everyone,true
154199207,2025-01-05T16:37:45.831Z,briana.j.carroll@gmail.com,newsletter,everyone,true
154199207,2025-01-05T16:37:45.850Z,shien.getsuto@gmail.com,newsletter,everyone,true
154199207,2025-01-05T16:37:45.950Z,rwlbmitchell@gmail.com,newsletter,everyone,true
154199207,2025-01-05T16:37:45.961Z,itzhak.samara@gmail.com,newsletter,everyone,true
154199207,2025-01-05T16:37:46.037Z,ianwilmoth@gmail.com,newsletter,everyone,true
154199207,2025-01-05T16:37:46.183Z,growlyted@gmail.com,newsletter,everyone,true
154199207,2025-01-05T16:37:46.215Z,borealspain@yahoo.co.uk,newsletter,everyone,true
154199207,2025-01-05T16:37:46.224Z,harrisbrian321@gmail.com,newsletter,everyone,true
154199207,2025-01-05T16:37:46.242Z,calebgrasse@gmail.com,newsletter,everyone,true
154199207,2025-01-05T16:37:46.312Z,ozs2@cornell.edu,newsletter,everyone,true
154199207,2025-01-05T16:37:46.322Z,mrnononsense02@gmail.com,newsletter,everyone,true
154199207,2025-01-05T16:37:46.328Z,kadirgemici066@gmail.com,newsletter,everyone,true
154199207,2025-01-05T16:37:46.331Z,lennoxgravox@gmail.com,newsletter,everyone,true
154199207,2025-01-05T16:37:46.342Z,gdg2018mm5@gmail.com,newsletter,everyone,true
154199207,2025-01-05T16:37:46.343Z,omarionburgess45@gmail.com,newsletter,everyone,true
154199207,2025-01-05T16:37:46.350Z,joliefleur3435@gmail.com,newsletter,everyone,true
154199207,2025-01-05T16:37:46.359Z,justinaugustwellington@gmail.com,newsletter,everyone,true
154199207,2025-01-05T16:37:46.369Z,nathanhaile11@gmail.com,newsletter,everyone,true
154199207,2025-01-05T16:37:46.376Z,ahershmc@aol.com,newsletter,everyone,true
154199207,2025-01-05T16:37:46.426Z,rimbsweiler@gmail.com,newsletter,everyone,true
154199207,2025-01-05T16:37:46.791Z,evangelinepressblog@gmail.com,newsletter,everyone,true
154199207,2025-01-05T16:37:47.495Z,theory.nifty438@passinbox.com,newsletter,everyone,true
154199207,2025-01-05T16:37:48.768Z,dennis@burns.org,newsletter,everyone,true
154199207,2025-01-05T16:37:48.847Z,skyjensen@icloud.com,newsletter,everyone,true
