post_id,timestamp,email,post_type,post_audience,active_subscription,country,city,region,device_type,client_os,client_type,user_agent
154199207,2025-01-05T16:38:08.399Z,beer64925@gmail.com,newsletter,everyone,true,US,,,,,,Mozilla/5.0 (Windows NT 5.1; rv:11.0) Gecko Firefox/11.0 (via ggpht.com GoogleImageProxy)
154199207,2025-01-05T16:48:32.059Z,rimbsweiler@yahoo.com,newsletter,everyone,false,NL,,,,,,Mozilla/5.0
154199207,2025-01-05T16:52:57.509Z,dwightlyman@gmail.com,newsletter,everyone,true,US,,,,,,Mozilla/5.0
154199207,2025-01-05T16:53:11.196Z,ptdaris@uol.com.br,newsletter,everyone,true,BR,,,,,,Mozilla/4.0 (compatible; ms-office; MSOffice 16)
154199207,2025-01-05T16:57:25.799Z,ianwilmoth@gmail.com,newsletter,everyone,true,US,,,,,,Mozilla/5.0
154199207,2025-01-05T17:02:51.596Z,skyjensen@icloud.com,newsletter,everyone,true,US,,,,,,Mozilla/5.0
154199207,2025-01-05T17:31:13.976Z,borealspain@yahoo.co.uk,newsletter,everyone,true,US,,,,,,Mozilla/5.0
154199207,2025-01-05T18:16:14.244Z,zach.bartell.writer@gmail.com,newsletter,everyone,true,US,,,,,,Mozilla/5.0 (Windows NT 5.1; rv:11.0) Gecko Firefox/11.0 (via ggpht.com GoogleImageProxy)
154199207,2025-01-05T18:44:54.877Z,zach.bartell.writer@gmail.com,newsletter,everyone,true,US,,,,,,Mozilla/5.0
154199207,2025-01-05T22:19:24.707Z,skyjensen@icloud.com,newsletter,everyone,true,US,,,,,,Mozilla/5.0
154199207,2025-01-06T00:01:39.411Z,nathanhaile11@gmail.com,newsletter,everyone,true,PR,,,,,,Mozilla/5.0
154199207,2025-01-06T02:45:54.657Z,lennoxgravox@gmail.com,newsletter,everyone,true,US,,,,,,Mozilla/5.0 (Windows NT 5.1; rv:11.0) Gecko Firefox/11.0 (via ggpht.com GoogleImageProxy)
154199207,2025-01-06T05:54:01.154Z,mileswilsondc@gmail.com,newsletter,everyone,true,US,,,,,,Mozilla/5.0
154199207,2025-01-06T07:55:39.309Z,alminivdmerwe@gmail.com,newsletter,everyone,true,AT,,,,,,Mozilla/5.0
154199207,2025-01-06T11:24:15.459Z,harrisbrian321@gmail.com,newsletter,everyone,true,CA,,,,,,Mozilla/5.0
154199207,2025-01-06T11:24:33.633Z,apollohlynch@gmail.com,newsletter,everyone,true,US,,,,,,Mozilla/5.0
154199207,2025-01-06T13:58:37.760Z,joliefleur3435@gmail.com,newsletter,everyone,true,MA,,,,,,Mozilla/5.0
154199207,2025-01-06T14:08:47.931Z,dennis@burns.org,newsletter,everyone,true,US,,,,,,Mozilla/4.0 (compatible; ms-office; MSOffice 16)
154199207,2025-01-06T14:08:47.944Z,dennis@burns.org,newsletter,everyone,true,US,,,,,,Mozilla/4.0 (compatible; ms-office; MSOffice 16)
154199207,2025-01-06T19:23:23.906Z,skyjensen@icloud.com,newsletter,everyone,true,US,,,,,,Mozilla/5.0
154199207,2025-01-07T03:56:49.683Z,tyrickstarksatt@gmail.com,newsletter,everyone,true,US,,,,,,Mozilla/5.0 (Windows NT 5.1; rv:11.0) Gecko Firefox/11.0 (via ggpht.com GoogleImageProxy)
154199207,2025-01-07T06:59:42.584Z,alminivdmerwe@gmail.com,newsletter,everyone,true,AT,,,,,,Mozilla/5.0
154199207,2025-01-07T18:05:23.425Z,tyrickstarksatt@gmail.com,newsletter,everyone,true,US,,,,,,Mozilla/5.0 (Windows NT 5.1; rv:11.0) Gecko Firefox/11.0 (via ggpht.com GoogleImageProxy)
154199207,2025-01-07T18:05:26.019Z,tyrickstarksatt@gmail.com,newsletter,everyone,true,US,,,,,,Mozilla/5.0 (Windows NT 5.1; rv:11.0) Gecko Firefox/11.0 (via ggpht.com GoogleImageProxy)
