post_id,timestamp,email,post_type,post_audience,active_subscription
154192184,2025-01-05T13:09:38.647Z,Experimentalunit317@gmail.com,newsletter,everyone,false
154192184,2025-01-05T13:09:39.211Z,beansocolofsky@gmail.com,newsletter,everyone,true
154192184,2025-01-05T13:09:39.322Z,dwightlyman@gmail.com,newsletter,everyone,true
154192184,2025-01-05T13:09:40.375Z,djcart137@gmail.com,newsletter,everyone,true
154192184,2025-01-05T13:09:40.411Z,3d0f86f2-e17f-4f2a-8ca5-154e98f6d68a@deletion-request.substack.com,newsletter,everyone,true
154192184,2025-01-05T13:09:40.452Z,bky074a@gmail.com,newsletter,everyone,true
154192184,2025-01-05T13:09:40.476Z,raynottwoodbead@gmail.com,newsletter,everyone,true
154192184,2025-01-05T13:09:40.605Z,harrisbrian321@gmail.com,newsletter,everyone,true
154192184,2025-01-05T13:09:40.691Z,kalakaldruzuzu@gmail.com,newsletter,everyone,true
154192184,2025-01-05T13:09:40.740Z,beer64925@gmail.com,newsletter,everyone,true
154192184,2025-01-05T13:09:41.132Z,zach.bartell.writer@gmail.com,newsletter,everyone,true
154192184,2025-01-05T13:09:41.212Z,mileswilsondc@gmail.com,newsletter,everyone,true
154192184,2025-01-05T13:09:41.218Z,calebgrasse@gmail.com,newsletter,everyone,true
154192184,2025-01-05T13:09:41.323Z,itzhak.samara@gmail.com,newsletter,everyone,true
154192184,2025-01-05T13:09:41.356Z,shien.getsuto@gmail.com,newsletter,everyone,true
154192184,2025-01-05T13:09:41.376Z,ianwilmoth@gmail.com,newsletter,everyone,true
154192184,2025-01-05T13:09:41.387Z,omarionburgess45@gmail.com,newsletter,everyone,true
154192184,2025-01-05T13:09:41.400Z,kadirgemici066@gmail.com,newsletter,everyone,true
154192184,2025-01-05T13:09:41.435Z,mrnononsense02@gmail.com,newsletter,everyone,true
154192184,2025-01-05T13:09:41.449Z,nathanhaile11@gmail.com,newsletter,everyone,true
154192184,2025-01-05T13:09:41.471Z,apollohlynch@gmail.com,newsletter,everyone,true
154192184,2025-01-05T13:09:41.483Z,lennoxgravox@gmail.com,newsletter,everyone,true
154192184,2025-01-05T13:09:41.522Z,rwlbmitchell@gmail.com,newsletter,everyone,true
154192184,2025-01-05T13:09:41.527Z,joliefleur3435@gmail.com,newsletter,everyone,true
154192184,2025-01-05T13:09:41.632Z,alminivdmerwe@gmail.com,newsletter,everyone,true
154192184,2025-01-05T13:09:41.741Z,gdg2018mm5@gmail.com,newsletter,everyone,true
154192184,2025-01-05T13:09:41.861Z,ahershmc@aol.com,newsletter,everyone,true
154192184,2025-01-05T13:09:41.889Z,ptdaris@uol.com.br,newsletter,everyone,true
154192184,2025-01-05T13:09:41.890Z,ozs2@cornell.edu,newsletter,everyone,true
154192184,2025-01-05T13:09:41.892Z,Twadley@gmail.com,newsletter,everyone,true
154192184,2025-01-05T13:09:42.003Z,evangelinepressblog@gmail.com,newsletter,everyone,true
154192184,2025-01-05T13:09:42.076Z,justinaugustwellington@gmail.com,newsletter,everyone,true
154192184,2025-01-05T13:09:42.198Z,zutorilla@gmail.com,newsletter,everyone,true
154192184,2025-01-05T13:09:42.212Z,rimbsweiler@yahoo.com,newsletter,everyone,false
154192184,2025-01-05T13:09:42.254Z,tyrickstarksatt@gmail.com,newsletter,everyone,true
154192184,2025-01-05T13:09:42.308Z,growlyted@gmail.com,newsletter,everyone,true
154192184,2025-01-05T13:09:42.621Z,borealspain@yahoo.co.uk,newsletter,everyone,true
154192184,2025-01-05T13:09:42.928Z,rimbsweiler@gmail.com,newsletter,everyone,true
154192184,2025-01-05T13:09:42.947Z,briana.j.carroll@gmail.com,newsletter,everyone,true
154192184,2025-01-05T13:09:44.101Z,theory.nifty438@passinbox.com,newsletter,everyone,true
154192184,2025-01-05T13:09:44.348Z,dennis@burns.org,newsletter,everyone,true
154192184,2025-01-05T13:10:03.565Z,skyjensen@icloud.com,newsletter,everyone,true
