post_id,timestamp,email,post_type,post_audience,active_subscription,country,city,region,device_type,client_os,client_type,user_agent
154192184,2025-01-05T13:12:59.342Z,dwightlyman@gmail.com,newsletter,everyone,true,US,,,,,,Mozilla/5.0
154192184,2025-01-05T13:16:47.069Z,harrisbrian321@gmail.com,newsletter,everyone,true,US,,,,,,Mozilla/5.0 (Windows NT 5.1; rv:11.0) Gecko Firefox/11.0 (via ggpht.com GoogleImageProxy)
154192184,2025-01-05T13:21:59.925Z,ianwilmoth@gmail.com,newsletter,everyone,true,US,,,,,,Mozilla/5.0 (Windows NT 5.1; rv:11.0) Gecko Firefox/11.0 (via ggpht.com GoogleImageProxy)
154192184,2025-01-05T13:25:16.111Z,rimbsweiler@yahoo.com,newsletter,everyone,false,US,,,,,,Mozilla/5.0
154192184,2025-01-05T13:25:44.715Z,skyjensen@icloud.com,newsletter,everyone,true,US,,,,,,Mozilla/5.0
154192184,2025-01-05T13:46:15.560Z,skyjensen@icloud.com,newsletter,everyone,true,US,,,,,,Mozilla/5.0
154192184,2025-01-05T14:12:33.056Z,nathanhaile11@gmail.com,newsletter,everyone,true,US,,,,,,Mozilla/5.0
154192184,2025-01-05T15:41:56.043Z,ianwilmoth@gmail.com,newsletter,everyone,true,US,,,,,,Mozilla/5.0
154192184,2025-01-05T16:04:39.184Z,skyjensen@icloud.com,newsletter,everyone,true,US,,,,,,Mozilla/5.0
154192184,2025-01-05T16:16:38.942Z,harrisbrian321@gmail.com,newsletter,everyone,true,US,,,,,,Mozilla/5.0 (Windows NT 5.1; rv:11.0) Gecko Firefox/11.0 (via ggpht.com GoogleImageProxy)
154192184,2025-01-05T17:31:13.975Z,borealspain@yahoo.co.uk,newsletter,everyone,true,US,,,,,,Mozilla/5.0
154192184,2025-01-05T18:44:54.876Z,zach.bartell.writer@gmail.com,newsletter,everyone,true,US,,,,,,Mozilla/5.0
154192184,2025-01-06T02:09:53.878Z,ozs2@cornell.edu,newsletter,everyone,true,US,,,,,,Mozilla/5.0 (Windows NT 5.1; rv:11.0) Gecko Firefox/11.0 (via ggpht.com GoogleImageProxy)
154192184,2025-01-06T05:54:01.153Z,mileswilsondc@gmail.com,newsletter,everyone,true,US,,,,,,Mozilla/5.0
154192184,2025-01-06T07:55:39.308Z,alminivdmerwe@gmail.com,newsletter,everyone,true,AT,,,,,,Mozilla/5.0
154192184,2025-01-06T11:24:15.457Z,harrisbrian321@gmail.com,newsletter,everyone,true,CA,,,,,,Mozilla/5.0
154192184,2025-01-06T12:05:37.698Z,apollohlynch@gmail.com,newsletter,everyone,true,US,,,,,,Mozilla/5.0
154192184,2025-01-06T14:23:31.900Z,joliefleur3435@gmail.com,newsletter,everyone,true,MA,,,,,,Mozilla/5.0
154192184,2025-01-06T15:38:25.629Z,apollohlynch@gmail.com,newsletter,everyone,true,US,,,,,,Mozilla/5.0 (Windows NT 5.1; rv:11.0) Gecko Firefox/11.0 (via ggpht.com GoogleImageProxy)
154192184,2025-01-07T06:59:42.583Z,alminivdmerwe@gmail.com,newsletter,everyone,true,AT,,,,,,Mozilla/5.0
