post_id,timestamp,email,post_type,post_audience,active_subscription
154197980,2025-02-09T17:12:23.011Z,rimbsweiler@yahoo.com,newsletter,everyone,false
154197980,2025-02-09T17:12:23.012Z,Experimentalunit317@gmail.com,newsletter,everyone,false
154197980,2025-02-09T17:12:23.766Z,beansocolofsky@gmail.com,newsletter,everyone,true
154197980,2025-02-09T17:12:24.452Z,dwightlyman@gmail.com,newsletter,everyone,true
154197980,2025-02-09T17:12:24.645Z,3d0f86f2-e17f-4f2a-8ca5-154e98f6d68a@deletion-request.substack.com,newsletter,everyone,true
154197980,2025-02-09T17:12:24.729Z,beer64925@gmail.com,newsletter,everyone,true
154197980,2025-02-09T17:12:24.755Z,kalakaldruzuzu@gmail.com,newsletter,everyone,true
154197980,2025-02-09T17:12:24.790Z,zach.bartell.writer@gmail.com,newsletter,everyone,true
154197980,2025-02-09T17:12:25.081Z,raynottwoodbead@gmail.com,newsletter,everyone,true
154197980,2025-02-09T17:12:25.150Z,djcart137@gmail.com,newsletter,everyone,true
154197980,2025-02-09T17:12:25.357Z,rimbsweiler@gmail.com,newsletter,everyone,true
154197980,2025-02-09T17:12:25.371Z,briana.j.carroll@gmail.com,newsletter,everyone,true
154197980,2025-02-09T17:12:25.435Z,Twadley@gmail.com,newsletter,everyone,true
154197980,2025-02-09T17:12:25.472Z,zutorilla@gmail.com,newsletter,everyone,true
154197980,2025-02-09T17:12:25.502Z,rwlbmitchell@gmail.com,newsletter,everyone,true
154197980,2025-02-09T17:12:25.551Z,calebgrasse@gmail.com,newsletter,everyone,true
154197980,2025-02-09T17:12:25.553Z,apollohlynch@gmail.com,newsletter,everyone,true
154197980,2025-02-09T17:12:25.571Z,jasontrew@gmail.com,newsletter,everyone,true
154197980,2025-02-09T17:12:25.642Z,itzhak.samara@gmail.com,newsletter,everyone,true
154197980,2025-02-09T17:12:25.649Z,growlyted@gmail.com,newsletter,everyone,true
154197980,2025-02-09T17:12:25.706Z,virknavkaur@gmail.com,newsletter,everyone,true
154197980,2025-02-09T17:12:25.934Z,ahershmc@aol.com,newsletter,everyone,true
154197980,2025-02-09T17:12:26.173Z,ptdaris@uol.com.br,newsletter,everyone,true
154197980,2025-02-09T17:12:26.295Z,ianwilmoth@gmail.com,newsletter,everyone,true
154197980,2025-02-09T17:12:26.404Z,ozs2@cornell.edu,newsletter,everyone,true
154197980,2025-02-09T17:12:26.576Z,shien.getsuto@gmail.com,newsletter,everyone,true
154197980,2025-02-09T17:12:26.598Z,lennoxgravox@gmail.com,newsletter,everyone,true
154197980,2025-02-09T17:12:26.604Z,justinaugustwellington@gmail.com,newsletter,everyone,true
154197980,2025-02-09T17:12:26.632Z,kadirgemici066@gmail.com,newsletter,everyone,true
154197980,2025-02-09T17:12:26.635Z,evangelinepressblog@gmail.com,newsletter,everyone,true
154197980,2025-02-09T17:12:26.672Z,borealspain@yahoo.co.uk,newsletter,everyone,true
154197980,2025-02-09T17:12:26.679Z,mrnononsense02@gmail.com,newsletter,everyone,true
154197980,2025-02-09T17:12:26.688Z,gdg2018mm5@gmail.com,newsletter,everyone,true
154197980,2025-02-09T17:12:26.758Z,semakpa@gmail.com,newsletter,everyone,true
154197980,2025-02-09T17:12:26.812Z,mileswilsondc@gmail.com,newsletter,everyone,true
154197980,2025-02-09T17:12:26.922Z,alminivdmerwe@gmail.com,newsletter,everyone,true
154197980,2025-02-09T17:12:26.934Z,adooleycox@gmail.com,newsletter,everyone,true
154197980,2025-02-09T17:12:27.240Z,bky074a@gmail.com,newsletter,everyone,true
154197980,2025-02-09T17:12:27.314Z,nathanhaile11@gmail.com,newsletter,everyone,true
154197980,2025-02-09T17:12:27.371Z,harrisbrian321@gmail.com,newsletter,everyone,true
154197980,2025-02-09T17:12:27.387Z,skyjensen@icloud.com,newsletter,everyone,true
154197980,2025-02-09T17:12:27.568Z,theory.nifty438@passinbox.com,newsletter,everyone,true
154197980,2025-02-09T17:12:29.842Z,dennis@burns.org,newsletter,everyone,true
