post_id,timestamp,email,post_type,post_audience,active_subscription
154419495,2025-01-08T21:00:04.088Z,Experimentalunit317@gmail.com,newsletter,everyone,false
154419495,2025-01-08T21:00:04.370Z,joliefleur3435@gmail.com,newsletter,everyone,true
154419495,2025-01-08T21:00:04.381Z,gdg2018mm5@gmail.com,newsletter,everyone,true
154419495,2025-01-08T21:00:04.521Z,justinaugustwellington@gmail.com,newsletter,everyone,true
154419495,2025-01-08T21:00:04.537Z,dwightlyman@gmail.com,newsletter,everyone,true
154419495,2025-01-08T21:00:04.555Z,beansocolofsky@gmail.com,newsletter,everyone,true
154419495,2025-01-08T21:00:04.559Z,evangelinepressblog@gmail.com,newsletter,everyone,true
154419495,2025-01-08T21:00:04.641Z,mrnononsense02@gmail.com,newsletter,everyone,true
154419495,2025-01-08T21:00:04.648Z,kadirgemici066@gmail.com,newsletter,everyone,true
154419495,2025-01-08T21:00:04.760Z,rimbsweiler@yahoo.com,newsletter,everyone,false
154419495,2025-01-08T21:00:05.117Z,zach.bartell.writer@gmail.com,newsletter,everyone,true
154419495,2025-01-08T21:00:05.163Z,mileswilsondc@gmail.com,newsletter,everyone,true
154419495,2025-01-08T21:00:05.204Z,harrisbrian321@gmail.com,newsletter,everyone,true
154419495,2025-01-08T21:00:05.249Z,djcart137@gmail.com,newsletter,everyone,true
154419495,2025-01-08T21:00:05.302Z,beer64925@gmail.com,newsletter,everyone,true
154419495,2025-01-08T21:00:05.315Z,bky074a@gmail.com,newsletter,everyone,true
154419495,2025-01-08T21:00:05.611Z,raynottwoodbead@gmail.com,newsletter,everyone,true
154419495,2025-01-08T21:00:05.679Z,nathanhaile11@gmail.com,newsletter,everyone,true
154419495,2025-01-08T21:00:05.766Z,Twadley@gmail.com,newsletter,everyone,true
154419495,2025-01-08T21:00:05.811Z,lennoxgravox@gmail.com,newsletter,everyone,true
154419495,2025-01-08T21:00:05.867Z,ozs2@cornell.edu,newsletter,everyone,true
154419495,2025-01-08T21:00:05.932Z,rimbsweiler@gmail.com,newsletter,everyone,true
154419495,2025-01-08T21:00:05.996Z,zutorilla@gmail.com,newsletter,everyone,true
154419495,2025-01-08T21:00:06.052Z,growlyted@gmail.com,newsletter,everyone,true
154419495,2025-01-08T21:00:06.066Z,alminivdmerwe@gmail.com,newsletter,everyone,true
154419495,2025-01-08T21:00:06.069Z,shien.getsuto@gmail.com,newsletter,everyone,true
154419495,2025-01-08T21:00:06.155Z,apollohlynch@gmail.com,newsletter,everyone,true
154419495,2025-01-08T21:00:06.179Z,briana.j.carroll@gmail.com,newsletter,everyone,true
154419495,2025-01-08T21:00:06.190Z,itzhak.samara@gmail.com,newsletter,everyone,true
154419495,2025-01-08T21:00:06.311Z,kalakaldruzuzu@gmail.com,newsletter,everyone,true
154419495,2025-01-08T21:00:06.329Z,calebgrasse@gmail.com,newsletter,everyone,true
154419495,2025-01-08T21:00:06.343Z,omarionburgess45@gmail.com,newsletter,everyone,true
154419495,2025-01-08T21:00:06.350Z,3d0f86f2-e17f-4f2a-8ca5-154e98f6d68a@deletion-request.substack.com,newsletter,everyone,true
154419495,2025-01-08T21:00:06.356Z,ianwilmoth@gmail.com,newsletter,everyone,true
154419495,2025-01-08T21:00:06.579Z,rwlbmitchell@gmail.com,newsletter,everyone,true
154419495,2025-01-08T21:00:06.876Z,ptdaris@uol.com.br,newsletter,everyone,true
154419495,2025-01-08T21:00:06.926Z,borealspain@yahoo.co.uk,newsletter,everyone,true
154419495,2025-01-08T21:00:07.125Z,ahershmc@aol.com,newsletter,everyone,true
154419495,2025-01-08T21:00:08.707Z,theory.nifty438@passinbox.com,newsletter,everyone,true
154419495,2025-01-08T21:00:10.490Z,dennis@burns.org,newsletter,everyone,true
154419495,2025-01-08T21:10:12.312Z,skyjensen@icloud.com,newsletter,everyone,true
