post_id,timestamp,email,post_type,post_audience,active_subscription,country,city,region,device_type,client_os,client_type,user_agent
154664283,2025-01-12T13:14:55.394Z,skyjensen@icloud.com,newsletter,everyone,true,NL,,,,,,Mozilla/5.0
154664283,2025-01-12T13:16:33.489Z,ianwilmoth@gmail.com,newsletter,everyone,true,US,,,,,,Mozilla/5.0 (Windows NT 5.1; rv:11.0) Gecko Firefox/11.0 (via ggpht.com GoogleImageProxy)
154664283,2025-01-12T13:31:10.757Z,briana.j.carroll@gmail.com,newsletter,everyone,true,US,,,,,,Mozilla/5.0 (Windows NT 5.1; rv:11.0) Gecko Firefox/11.0 (via ggpht.com GoogleImageProxy)
154664283,2025-01-12T13:46:26.727Z,skyjensen@icloud.com,newsletter,everyone,true,US,,,,,,Mozilla/5.0
154664283,2025-01-12T14:04:33.812Z,ianwilmoth@gmail.com,newsletter,everyone,true,NL,,,,,,Mozilla/5.0
154664283,2025-01-12T14:28:32.445Z,djcart137@gmail.com,newsletter,everyone,true,US,,,,,,Mozilla/5.0 (Windows NT 5.1; rv:11.0) Gecko Firefox/11.0 (via ggpht.com GoogleImageProxy)
154664283,2025-01-12T14:34:20.092Z,apollohlynch@gmail.com,newsletter,everyone,true,US,,,,,,Mozilla/5.0
154664283,2025-01-12T15:31:42.493Z,harrisbrian321@gmail.com,newsletter,everyone,true,US,,,,,,Mozilla/5.0 (Windows NT 5.1; rv:11.0) Gecko Firefox/11.0 (via ggpht.com GoogleImageProxy)
154664283,2025-01-12T15:34:53.324Z,harrisbrian321@gmail.com,newsletter,everyone,true,CA,,,,,,Mozilla/5.0
154664283,2025-01-12T15:43:00.635Z,mileswilsondc@gmail.com,newsletter,everyone,true,US,,,,,,Mozilla/5.0
154664283,2025-01-12T16:24:03.125Z,borealspain@yahoo.co.uk,newsletter,everyone,true,US,,,,,,Mozilla/5.0
154664283,2025-01-12T17:05:08.234Z,alminivdmerwe@gmail.com,newsletter,everyone,true,LI,,,,,,Mozilla/5.0
154664283,2025-01-12T22:06:55.230Z,rimbsweiler@yahoo.com,newsletter,everyone,false,NL,,,,,,Mozilla/5.0
154664283,2025-01-12T22:32:16.715Z,skyjensen@icloud.com,newsletter,everyone,true,US,,,,,,Mozilla/5.0
154664283,2025-01-13T04:57:19.320Z,joliefleur3435@gmail.com,newsletter,everyone,true,GB,,,,,,Mozilla/5.0
154664283,2025-01-13T05:07:54.022Z,nathanhaile11@gmail.com,newsletter,everyone,true,PR,,,,,,Mozilla/5.0
154664283,2025-01-13T09:20:11.546Z,alminivdmerwe@gmail.com,newsletter,everyone,true,LI,,,,,,Mozilla/5.0
154664283,2025-01-13T20:07:51.374Z,lennoxgravox@gmail.com,newsletter,everyone,true,US,,,,,,Mozilla/5.0 (Windows NT 5.1; rv:11.0) Gecko Firefox/11.0 (via ggpht.com GoogleImageProxy)
154664283,2025-01-14T08:55:23.028Z,zach.bartell.writer@gmail.com,newsletter,everyone,true,US,,,,,,Mozilla/5.0
154664283,2025-02-01T23:33:36.119Z,dwightlyman@gmail.com,newsletter,everyone,true,US,,,,,,Mozilla/5.0
154664283,2025-02-03T23:29:47.557Z,rimbsweiler@yahoo.com,newsletter,everyone,false,US,,,,,,Mozilla/5.0
154664283,2025-02-06T22:29:10.766Z,ianwilmoth@gmail.com,newsletter,everyone,true,US,,,,,,Mozilla/5.0
