post_id,timestamp,email,post_type,post_audience,active_subscription,country,city,region,device_type,client_os,client_type,user_agent
154652376,2025-01-12T04:54:56.318Z,skyjensen@icloud.com,newsletter,everyone,true,US,,,,,,Mozilla/5.0
154652376,2025-01-12T04:55:42.431Z,harrisbrian321@gmail.com,newsletter,everyone,true,US,,,,,,Mozilla/5.0 (Windows NT 5.1; rv:11.0) Gecko Firefox/11.0 (via ggpht.com GoogleImageProxy)
154652376,2025-01-12T04:56:14.705Z,ianwilmoth@gmail.com,newsletter,everyone,true,US,,,,,,Mozilla/5.0 (Windows NT 5.1; rv:11.0) Gecko Firefox/11.0 (via ggpht.com GoogleImageProxy)
154652376,2025-01-12T04:56:23.257Z,ianwilmoth@gmail.com,newsletter,everyone,true,US,,,,,,Mozilla/5.0
154652376,2025-01-12T04:57:53.578Z,mileswilsondc@gmail.com,newsletter,everyone,true,US,,,,,,Mozilla/5.0
154652376,2025-01-12T05:00:48.331Z,borealspain@yahoo.co.uk,newsletter,everyone,true,US,,,,,,Mozilla/5.0
154652376,2025-01-12T05:06:57.117Z,Experimentalunit317@gmail.com,newsletter,everyone,false,US,,,,,,Mozilla/5.0 (Windows NT 5.1; rv:11.0) Gecko Firefox/11.0 (via ggpht.com GoogleImageProxy)
154652376,2025-01-12T05:19:38.238Z,skyjensen@icloud.com,newsletter,everyone,true,US,,,,,,Mozilla/5.0
154652376,2025-01-12T05:20:43.971Z,nathanhaile11@gmail.com,newsletter,everyone,true,PR,,,,,,Mozilla/5.0
154652376,2025-01-12T07:59:56.625Z,rimbsweiler@yahoo.com,newsletter,everyone,false,US,,,,,,Mozilla/5.0
154652376,2025-01-12T11:59:46.032Z,apollohlynch@gmail.com,newsletter,everyone,true,US,,,,,,Mozilla/5.0
154652376,2025-01-12T13:31:44.908Z,briana.j.carroll@gmail.com,newsletter,everyone,true,US,,,,,,Mozilla/5.0 (Windows NT 5.1; rv:11.0) Gecko Firefox/11.0 (via ggpht.com GoogleImageProxy)
154652376,2025-01-12T14:28:17.840Z,djcart137@gmail.com,newsletter,everyone,true,US,,,,,,Mozilla/5.0 (Windows NT 5.1; rv:11.0) Gecko Firefox/11.0 (via ggpht.com GoogleImageProxy)
154652376,2025-01-12T15:34:53.324Z,harrisbrian321@gmail.com,newsletter,everyone,true,CA,,,,,,Mozilla/5.0
154652376,2025-01-12T17:05:08.233Z,alminivdmerwe@gmail.com,newsletter,everyone,true,LI,,,,,,Mozilla/5.0
154652376,2025-01-12T22:32:16.714Z,skyjensen@icloud.com,newsletter,everyone,true,US,,,,,,Mozilla/5.0
154652376,2025-01-13T03:57:51.403Z,joliefleur3435@gmail.com,newsletter,everyone,true,GB,,,,,,Mozilla/5.0
154652376,2025-01-13T08:50:23.263Z,alminivdmerwe@gmail.com,newsletter,everyone,true,LI,,,,,,Mozilla/5.0
154652376,2025-01-14T08:55:23.027Z,zach.bartell.writer@gmail.com,newsletter,everyone,true,US,,,,,,Mozilla/5.0
154652376,2025-02-01T23:33:36.121Z,dwightlyman@gmail.com,newsletter,everyone,true,US,,,,,,Mozilla/5.0
154652376,2025-02-06T22:29:10.767Z,ianwilmoth@gmail.com,newsletter,everyone,true,US,,,,,,Mozilla/5.0
