post_id,timestamp,email,post_type,post_audience,active_subscription
154664283,2025-01-12T13:13:41.655Z,Experimentalunit317@gmail.com,newsletter,everyone,false
154664283,2025-01-12T13:13:41.968Z,dwightlyman@gmail.com,newsletter,everyone,true
154664283,2025-01-12T13:13:42.105Z,joliefleur3435@gmail.com,newsletter,everyone,true
154664283,2025-01-12T13:13:42.144Z,beansocolofsky@gmail.com,newsletter,everyone,true
154664283,2025-01-12T13:13:42.148Z,lennoxgravox@gmail.com,newsletter,everyone,true
154664283,2025-01-12T13:13:42.154Z,gdg2018mm5@gmail.com,newsletter,everyone,true
154664283,2025-01-12T13:13:42.256Z,evangelinepressblog@gmail.com,newsletter,everyone,true
154664283,2025-01-12T13:13:42.271Z,mrnononsense02@gmail.com,newsletter,everyone,true
154664283,2025-01-12T13:13:42.288Z,justinaugustwellington@gmail.com,newsletter,everyone,true
154664283,2025-01-12T13:13:42.290Z,djcart137@gmail.com,newsletter,everyone,true
154664283,2025-01-12T13:13:42.304Z,zach.bartell.writer@gmail.com,newsletter,everyone,true
154664283,2025-01-12T13:13:42.380Z,raynottwoodbead@gmail.com,newsletter,everyone,true
154664283,2025-01-12T13:13:42.471Z,3d0f86f2-e17f-4f2a-8ca5-154e98f6d68a@deletion-request.substack.com,newsletter,everyone,true
154664283,2025-01-12T13:13:42.556Z,kalakaldruzuzu@gmail.com,newsletter,everyone,true
154664283,2025-01-12T13:13:42.639Z,nathanhaile11@gmail.com,newsletter,everyone,true
154664283,2025-01-12T13:13:42.703Z,rimbsweiler@yahoo.com,newsletter,everyone,false
154664283,2025-01-12T13:13:42.716Z,adooleycox@gmail.com,newsletter,everyone,true
154664283,2025-01-12T13:13:42.804Z,ozs2@cornell.edu,newsletter,everyone,true
154664283,2025-01-12T13:13:42.862Z,mileswilsondc@gmail.com,newsletter,everyone,true
154664283,2025-01-12T13:13:43.219Z,bky074a@gmail.com,newsletter,everyone,true
154664283,2025-01-12T13:13:43.478Z,rimbsweiler@gmail.com,newsletter,everyone,true
154664283,2025-01-12T13:13:43.532Z,briana.j.carroll@gmail.com,newsletter,everyone,true
154664283,2025-01-12T13:13:43.578Z,kadirgemici066@gmail.com,newsletter,everyone,true
154664283,2025-01-12T13:13:43.596Z,itzhak.samara@gmail.com,newsletter,everyone,true
154664283,2025-01-12T13:13:43.665Z,shien.getsuto@gmail.com,newsletter,everyone,true
154664283,2025-01-12T13:13:43.718Z,Twadley@gmail.com,newsletter,everyone,true
154664283,2025-01-12T13:13:43.729Z,ianwilmoth@gmail.com,newsletter,everyone,true
154664283,2025-01-12T13:13:43.767Z,alminivdmerwe@gmail.com,newsletter,everyone,true
154664283,2025-01-12T13:13:43.901Z,calebgrasse@gmail.com,newsletter,everyone,true
154664283,2025-01-12T13:13:43.918Z,beer64925@gmail.com,newsletter,everyone,true
154664283,2025-01-12T13:13:43.977Z,harrisbrian321@gmail.com,newsletter,everyone,true
154664283,2025-01-12T13:13:44.031Z,rwlbmitchell@gmail.com,newsletter,everyone,true
154664283,2025-01-12T13:13:44.083Z,omarionburgess45@gmail.com,newsletter,everyone,true
154664283,2025-01-12T13:13:44.165Z,ahershmc@aol.com,newsletter,everyone,true
154664283,2025-01-12T13:13:44.177Z,zutorilla@gmail.com,newsletter,everyone,true
154664283,2025-01-12T13:13:44.180Z,growlyted@gmail.com,newsletter,everyone,true
154664283,2025-01-12T13:13:44.185Z,apollohlynch@gmail.com,newsletter,everyone,true
154664283,2025-01-12T13:13:44.486Z,borealspain@yahoo.co.uk,newsletter,everyone,true
154664283,2025-01-12T13:13:44.574Z,theory.nifty438@passinbox.com,newsletter,everyone,true
154664283,2025-01-12T13:13:45.397Z,ptdaris@uol.com.br,newsletter,everyone,true
154664283,2025-01-12T13:13:46.063Z,skyjensen@icloud.com,newsletter,everyone,true
154664283,2025-01-12T13:13:47.725Z,dennis@burns.org,newsletter,everyone,true
