post_id,timestamp,email,post_type,post_audience,active_subscription
154652376,2025-01-12T04:48:52.945Z,joliefleur3435@gmail.com,newsletter,everyone,true
154652376,2025-01-12T04:48:52.969Z,nathanhaile11@gmail.com,newsletter,everyone,true
154652376,2025-01-12T04:48:53.031Z,dwightlyman@gmail.com,newsletter,everyone,true
154652376,2025-01-12T04:48:53.083Z,beansocolofsky@gmail.com,newsletter,everyone,true
154652376,2025-01-12T04:48:53.084Z,gdg2018mm5@gmail.com,newsletter,everyone,true
154652376,2025-01-12T04:48:53.196Z,justinaugustwellington@gmail.com,newsletter,everyone,true
154652376,2025-01-12T04:48:53.256Z,mrnononsense02@gmail.com,newsletter,everyone,true
154652376,2025-01-12T04:48:53.290Z,evangelinepressblog@gmail.com,newsletter,everyone,true
154652376,2025-01-12T04:48:53.448Z,rimbsweiler@yahoo.com,newsletter,everyone,false
154652376,2025-01-12T04:48:53.716Z,raynottwoodbead@gmail.com,newsletter,everyone,true
154652376,2025-01-12T04:48:53.901Z,beer64925@gmail.com,newsletter,everyone,true
154652376,2025-01-12T04:48:53.922Z,Experimentalunit317@gmail.com,newsletter,everyone,false
154652376,2025-01-12T04:48:54.239Z,3d0f86f2-e17f-4f2a-8ca5-154e98f6d68a@deletion-request.substack.com,newsletter,everyone,true
154652376,2025-01-12T04:48:54.465Z,zach.bartell.writer@gmail.com,newsletter,everyone,true
154652376,2025-01-12T04:48:54.466Z,adooleycox@gmail.com,newsletter,everyone,true
154652376,2025-01-12T04:48:54.498Z,lennoxgravox@gmail.com,newsletter,everyone,true
154652376,2025-01-12T04:48:54.502Z,kadirgemici066@gmail.com,newsletter,everyone,true
154652376,2025-01-12T04:48:54.503Z,djcart137@gmail.com,newsletter,everyone,true
154652376,2025-01-12T04:48:54.525Z,kalakaldruzuzu@gmail.com,newsletter,everyone,true
154652376,2025-01-12T04:48:54.533Z,bky074a@gmail.com,newsletter,everyone,true
154652376,2025-01-12T04:48:54.797Z,briana.j.carroll@gmail.com,newsletter,everyone,true
154652376,2025-01-12T04:48:54.860Z,itzhak.samara@gmail.com,newsletter,everyone,true
154652376,2025-01-12T04:48:54.897Z,rimbsweiler@gmail.com,newsletter,everyone,true
154652376,2025-01-12T04:48:54.927Z,omarionburgess45@gmail.com,newsletter,everyone,true
154652376,2025-01-12T04:48:54.946Z,Twadley@gmail.com,newsletter,everyone,true
154652376,2025-01-12T04:48:54.976Z,zutorilla@gmail.com,newsletter,everyone,true
154652376,2025-01-12T04:48:54.994Z,alminivdmerwe@gmail.com,newsletter,everyone,true
154652376,2025-01-12T04:48:55.095Z,calebgrasse@gmail.com,newsletter,everyone,true
154652376,2025-01-12T04:48:55.173Z,shien.getsuto@gmail.com,newsletter,everyone,true
154652376,2025-01-12T04:48:55.177Z,apollohlynch@gmail.com,newsletter,everyone,true
154652376,2025-01-12T04:48:55.213Z,ianwilmoth@gmail.com,newsletter,everyone,true
154652376,2025-01-12T04:48:55.252Z,growlyted@gmail.com,newsletter,everyone,true
154652376,2025-01-12T04:48:55.416Z,borealspain@yahoo.co.uk,newsletter,everyone,true
154652376,2025-01-12T04:48:55.437Z,mileswilsondc@gmail.com,newsletter,everyone,true
154652376,2025-01-12T04:48:55.519Z,harrisbrian321@gmail.com,newsletter,everyone,true
154652376,2025-01-12T04:48:55.661Z,ahershmc@aol.com,newsletter,everyone,true
154652376,2025-01-12T04:48:55.959Z,ptdaris@uol.com.br,newsletter,everyone,true
154652376,2025-01-12T04:48:56.133Z,ozs2@cornell.edu,newsletter,everyone,true
154652376,2025-01-12T04:48:56.250Z,rwlbmitchell@gmail.com,newsletter,everyone,true
154652376,2025-01-12T04:48:56.573Z,theory.nifty438@passinbox.com,newsletter,everyone,true
154652376,2025-01-12T04:48:58.014Z,dennis@burns.org,newsletter,everyone,true
154652376,2025-01-12T04:48:59.866Z,skyjensen@icloud.com,newsletter,everyone,true
