post_id,timestamp,email,post_type,post_audience,active_subscription,country,city,region,device_type,client_os,client_type,user_agent
154709087,2025-02-09T17:23:57.930Z,skyjensen@icloud.com,newsletter,everyone,true,US,,,,,,Mozilla/5.0
154709087,2025-02-09T17:37:51.677Z,borealspain@yahoo.co.uk,newsletter,everyone,true,US,,,,,,Mozilla/5.0
154709087,2025-02-09T17:41:37.175Z,ianwilmoth@gmail.com,newsletter,everyone,true,US,,,,,,Mozilla/5.0
154709087,2025-02-09T17:43:09.499Z,dwightlyman@gmail.com,newsletter,everyone,true,US,,,,,,Mozilla/5.0
154709087,2025-02-09T18:17:30.684Z,ptdaris@uol.com.br,newsletter,everyone,true,BR,,,,,,Mozilla/4.0 (compatible; ms-office; MSOffice 16)
154709087,2025-02-09T18:17:39.449Z,ptdaris@uol.com.br,newsletter,everyone,true,BR,,,,,,Mozilla/4.0 (compatible; ms-office; MSOffice 16)
154709087,2025-02-09T20:26:20.377Z,alminivdmerwe@gmail.com,newsletter,everyone,true,LI,,,,,,Mozilla/5.0
154709087,2025-02-09T20:54:03.203Z,mileswilsondc@gmail.com,newsletter,everyone,true,US,,,,,,Mozilla/5.0
154709087,2025-02-10T00:55:57.674Z,dwightlyman@gmail.com,newsletter,everyone,true,US,,,,,,Mozilla/5.0
154709087,2025-02-10T04:17:00.871Z,jasontrew@gmail.com,newsletter,everyone,true,US,,,,,,Mozilla/5.0
154709087,2025-02-10T04:23:29.251Z,zach.bartell.writer@gmail.com,newsletter,everyone,true,US,,,,,,Mozilla/5.0
154709087,2025-02-10T04:53:23.341Z,skyjensen@icloud.com,newsletter,everyone,true,US,,,,,,Mozilla/5.0
154709087,2025-02-10T07:55:49.111Z,alminivdmerwe@gmail.com,newsletter,everyone,true,LI,,,,,,Mozilla/5.0
154709087,2025-02-10T14:29:30.254Z,rimbsweiler@yahoo.com,newsletter,everyone,false,US,,,,,,Mozilla/5.0
154709087,2025-02-10T17:17:54.839Z,apollohlynch@gmail.com,newsletter,everyone,true,US,,,,,,Mozilla/5.0
154709087,2025-02-11T11:50:23.333Z,harrisbrian321@gmail.com,newsletter,everyone,true,CA,,,,,,Mozilla/5.0
154709087,2025-02-26T04:22:27.944Z,nathanhaile11@gmail.com,newsletter,everyone,true,MX,,,,,,Mozilla/5.0
