post_id,timestamp,email,post_type,post_audience,active_subscription
154709087,2025-02-09T17:11:41.468Z,Experimentalunit317@gmail.com,newsletter,everyone,false
154709087,2025-02-09T17:11:42.134Z,shien.getsuto@gmail.com,newsletter,everyone,true
154709087,2025-02-09T17:11:42.164Z,rimbsweiler@yahoo.com,newsletter,everyone,false
154709087,2025-02-09T17:11:42.291Z,ianwilmoth@gmail.com,newsletter,everyone,true
154709087,2025-02-09T17:11:42.317Z,growlyted@gmail.com,newsletter,everyone,true
154709087,2025-02-09T17:11:42.425Z,apollohlynch@gmail.com,newsletter,everyone,true
154709087,2025-02-09T17:11:42.434Z,ahershmc@aol.com,newsletter,everyone,true
154709087,2025-02-09T17:11:42.465Z,adooleycox@gmail.com,newsletter,everyone,true
154709087,2025-02-09T17:11:42.544Z,calebgrasse@gmail.com,newsletter,everyone,true
154709087,2025-02-09T17:11:42.567Z,itzhak.samara@gmail.com,newsletter,everyone,true
154709087,2025-02-09T17:11:42.721Z,ozs2@cornell.edu,newsletter,everyone,true
154709087,2025-02-09T17:11:42.757Z,Twadley@gmail.com,newsletter,everyone,true
154709087,2025-02-09T17:11:42.812Z,briana.j.carroll@gmail.com,newsletter,everyone,true
154709087,2025-02-09T17:11:42.821Z,rimbsweiler@gmail.com,newsletter,everyone,true
154709087,2025-02-09T17:11:42.853Z,alminivdmerwe@gmail.com,newsletter,everyone,true
154709087,2025-02-09T17:11:42.909Z,jasontrew@gmail.com,newsletter,everyone,true
154709087,2025-02-09T17:11:42.990Z,zutorilla@gmail.com,newsletter,everyone,true
154709087,2025-02-09T17:11:43.009Z,mrnononsense02@gmail.com,newsletter,everyone,true
154709087,2025-02-09T17:11:43.041Z,lennoxgravox@gmail.com,newsletter,everyone,true
154709087,2025-02-09T17:11:43.134Z,kalakaldruzuzu@gmail.com,newsletter,everyone,true
154709087,2025-02-09T17:11:43.150Z,mileswilsondc@gmail.com,newsletter,everyone,true
154709087,2025-02-09T17:11:43.177Z,virknavkaur@gmail.com,newsletter,everyone,true
154709087,2025-02-09T17:11:43.185Z,beer64925@gmail.com,newsletter,everyone,true
154709087,2025-02-09T17:11:43.193Z,semakpa@gmail.com,newsletter,everyone,true
154709087,2025-02-09T17:11:43.236Z,zach.bartell.writer@gmail.com,newsletter,everyone,true
154709087,2025-02-09T17:11:43.278Z,dwightlyman@gmail.com,newsletter,everyone,true
154709087,2025-02-09T17:11:43.292Z,bky074a@gmail.com,newsletter,everyone,true
154709087,2025-02-09T17:11:43.369Z,borealspain@yahoo.co.uk,newsletter,everyone,true
154709087,2025-02-09T17:11:43.373Z,djcart137@gmail.com,newsletter,everyone,true
154709087,2025-02-09T17:11:43.391Z,nathanhaile11@gmail.com,newsletter,everyone,true
154709087,2025-02-09T17:11:43.396Z,harrisbrian321@gmail.com,newsletter,everyone,true
154709087,2025-02-09T17:11:43.445Z,raynottwoodbead@gmail.com,newsletter,everyone,true
154709087,2025-02-09T17:11:43.603Z,justinaugustwellington@gmail.com,newsletter,everyone,true
154709087,2025-02-09T17:11:43.604Z,kadirgemici066@gmail.com,newsletter,everyone,true
154709087,2025-02-09T17:11:43.614Z,rwlbmitchell@gmail.com,newsletter,everyone,true
154709087,2025-02-09T17:11:43.638Z,evangelinepressblog@gmail.com,newsletter,everyone,true
154709087,2025-02-09T17:11:43.701Z,gdg2018mm5@gmail.com,newsletter,everyone,true
154709087,2025-02-09T17:11:43.734Z,beansocolofsky@gmail.com,newsletter,everyone,true
154709087,2025-02-09T17:11:44.134Z,theory.nifty438@passinbox.com,newsletter,everyone,true
154709087,2025-02-09T17:11:44.225Z,3d0f86f2-e17f-4f2a-8ca5-154e98f6d68a@deletion-request.substack.com,newsletter,everyone,true
154709087,2025-02-09T17:11:45.561Z,ptdaris@uol.com.br,newsletter,everyone,true
154709087,2025-02-09T17:11:46.655Z,dennis@burns.org,newsletter,everyone,true
154709087,2025-02-09T17:11:47.876Z,skyjensen@icloud.com,newsletter,everyone,true
