post_id,timestamp,email,post_type,post_audience,active_subscription,country,city,region,device_type,client_os,client_type,user_agent
154945436,2025-01-16T12:52:02.792Z,beer64925@gmail.com,newsletter,everyone,true,US,,,,,,Mozilla/5.0 (Windows NT 5.1; rv:11.0) Gecko Firefox/11.0 (via ggpht.com GoogleImageProxy)
154945436,2025-01-16T12:53:21.562Z,ozs2@cornell.edu,newsletter,everyone,true,US,,,,,,Mozilla/5.0 (Windows NT 5.1; rv:11.0) Gecko Firefox/11.0 (via ggpht.com GoogleImageProxy)
154945436,2025-01-16T12:55:02.281Z,nathanhaile11@gmail.com,newsletter,everyone,true,US,,,,,,Mozilla/5.0
154945436,2025-01-16T12:56:09.704Z,jasontrew@gmail.com,newsletter,everyone,true,US,,,,,,Mozilla/5.0 (Windows NT 5.1; rv:11.0) Gecko Firefox/11.0 (via ggpht.com GoogleImageProxy)
154945436,2025-01-16T12:59:48.833Z,skyjensen@icloud.com,newsletter,everyone,true,US,,,,,,Mozilla/5.0
154945436,2025-01-16T13:07:51.183Z,skyjensen@icloud.com,newsletter,everyone,true,NL,,,,,,Mozilla/5.0
154945436,2025-01-16T13:26:42.878Z,dwightlyman@gmail.com,newsletter,everyone,true,US,,,,,,Mozilla/5.0
154945436,2025-01-16T13:47:23.242Z,harrisbrian321@gmail.com,newsletter,everyone,true,CA,,,,,,Mozilla/5.0
154945436,2025-01-16T13:57:25.147Z,itzhak.samara@gmail.com,newsletter,everyone,true,US,,,,,,Mozilla/5.0 (Windows NT 5.1; rv:11.0) Gecko Firefox/11.0 (via ggpht.com GoogleImageProxy)
154945436,2025-01-16T15:24:25.517Z,borealspain@yahoo.co.uk,newsletter,everyone,true,US,,,,,,Mozilla/5.0
154945436,2025-01-16T15:58:58.464Z,rwlbmitchell@gmail.com,newsletter,everyone,true,US,,,,,,Mozilla/5.0 (Windows NT 5.1; rv:11.0) Gecko Firefox/11.0 (via ggpht.com GoogleImageProxy)
154945436,2025-01-16T16:06:17.223Z,rimbsweiler@yahoo.com,newsletter,everyone,false,US,,,,,,YahooMailProxy; https://help.yahoo.com/kb/yahoo-mail-proxy-SLN28749.html
154945436,2025-01-16T16:50:00.890Z,rwlbmitchell@gmail.com,newsletter,everyone,true,US,,,,,,Mozilla/5.0 (Windows NT 5.1; rv:11.0) Gecko Firefox/11.0 (via ggpht.com GoogleImageProxy)
154945436,2025-01-16T17:25:22.221Z,apollohlynch@gmail.com,newsletter,everyone,true,US,,,,,,Mozilla/5.0 (Windows NT 5.1; rv:11.0) Gecko Firefox/11.0 (via ggpht.com GoogleImageProxy)
154945436,2025-01-16T17:40:57.434Z,ianwilmoth@gmail.com,newsletter,everyone,true,US,,,,,,Mozilla/5.0
154945436,2025-01-16T19:13:41.253Z,dennis@burns.org,newsletter,everyone,true,US,,,,,,Mozilla/4.0 (compatible; ms-office; MSOffice 16)
154945436,2025-01-16T19:13:41.253Z,dennis@burns.org,newsletter,everyone,true,US,,,,,,Mozilla/4.0 (compatible; ms-office; MSOffice 16)
154945436,2025-01-16T19:56:37.092Z,dennis@burns.org,newsletter,everyone,true,US,,,,,,"Mozilla/5.0 (Linux; Android 14; moto g 5G - 2023 Build/U1TPNS34.26-78-3-11; wv) AppleWebKit/537.36 (KHTML, like Gecko) Version/4.0 Chrome/131.0.6778.260 Mobile Safari/537.36"
154945436,2025-01-16T20:43:45.033Z,skyjensen@icloud.com,newsletter,everyone,true,US,,,,,,Mozilla/5.0
154945436,2025-01-16T21:15:01.258Z,alminivdmerwe@gmail.com,newsletter,everyone,true,LI,,,,,,Mozilla/5.0
154945436,2025-01-16T21:16:51.477Z,mileswilsondc@gmail.com,newsletter,everyone,true,US,,,,,,Mozilla/5.0
154945436,2025-01-17T01:14:28.516Z,rimbsweiler@yahoo.com,newsletter,everyone,false,US,,,,,,Mozilla/5.0
154945436,2025-01-17T02:28:59.432Z,jasontrew@gmail.com,newsletter,everyone,true,US,,,,,,Mozilla/5.0
154945436,2025-01-17T02:38:21.115Z,briana.j.carroll@gmail.com,newsletter,everyone,true,US,,,,,,Mozilla/5.0 (Windows NT 5.1; rv:11.0) Gecko Firefox/11.0 (via ggpht.com GoogleImageProxy)
154945436,2025-01-17T04:32:53.804Z,apollohlynch@gmail.com,newsletter,everyone,true,US,,,,,,Mozilla/5.0
154945436,2025-01-17T04:54:36.985Z,zach.bartell.writer@gmail.com,newsletter,everyone,true,US,,,,,,Mozilla/5.0
154945436,2025-01-17T05:59:09.174Z,dwightlyman@gmail.com,newsletter,everyone,true,US,,,,,,Mozilla/5.0
154945436,2025-01-17T17:06:37.802Z,alminivdmerwe@gmail.com,newsletter,everyone,true,LI,,,,,,Mozilla/5.0
154945436,2025-01-18T09:20:13.995Z,joliefleur3435@gmail.com,newsletter,everyone,true,GB,,,,,,Mozilla/5.0
154945436,2025-02-01T23:20:40.570Z,dwightlyman@gmail.com,newsletter,everyone,true,US,,,,,,Mozilla/5.0
154945436,2025-02-06T21:51:46.457Z,ianwilmoth@gmail.com,newsletter,everyone,true,US,,,,,,Mozilla/5.0
