post_id,timestamp,email,post_type,post_audience,active_subscription
154945436,2025-01-16T12:51:38.115Z,Experimentalunit317@gmail.com,newsletter,everyone,false
154945436,2025-01-16T12:51:38.643Z,djcart137@gmail.com,newsletter,everyone,true
154945436,2025-01-16T12:51:38.689Z,joliefleur3435@gmail.com,newsletter,everyone,true
154945436,2025-01-16T12:51:38.768Z,beer64925@gmail.com,newsletter,everyone,true
154945436,2025-01-16T12:51:38.803Z,gdg2018mm5@gmail.com,newsletter,everyone,true
154945436,2025-01-16T12:51:38.838Z,beansocolofsky@gmail.com,newsletter,everyone,true
154945436,2025-01-16T12:51:38.864Z,dwightlyman@gmail.com,newsletter,everyone,true
154945436,2025-01-16T12:51:38.956Z,justinaugustwellington@gmail.com,newsletter,everyone,true
154945436,2025-01-16T12:51:38.962Z,mrnononsense02@gmail.com,newsletter,everyone,true
154945436,2025-01-16T12:51:39.034Z,kalakaldruzuzu@gmail.com,newsletter,everyone,true
154945436,2025-01-16T12:51:39.040Z,3d0f86f2-e17f-4f2a-8ca5-154e98f6d68a@deletion-request.substack.com,newsletter,everyone,true
154945436,2025-01-16T12:51:39.114Z,raynottwoodbead@gmail.com,newsletter,everyone,true
154945436,2025-01-16T12:51:39.141Z,kadirgemici066@gmail.com,newsletter,everyone,true
154945436,2025-01-16T12:51:39.174Z,rimbsweiler@yahoo.com,newsletter,everyone,false
154945436,2025-01-16T12:51:39.246Z,bky074a@gmail.com,newsletter,everyone,true
154945436,2025-01-16T12:51:39.323Z,mileswilsondc@gmail.com,newsletter,everyone,true
154945436,2025-01-16T12:51:39.341Z,evangelinepressblog@gmail.com,newsletter,everyone,true
154945436,2025-01-16T12:51:39.471Z,lennoxgravox@gmail.com,newsletter,everyone,true
154945436,2025-01-16T12:51:39.475Z,alminivdmerwe@gmail.com,newsletter,everyone,true
154945436,2025-01-16T12:51:39.483Z,itzhak.samara@gmail.com,newsletter,everyone,true
154945436,2025-01-16T12:51:39.513Z,ianwilmoth@gmail.com,newsletter,everyone,true
154945436,2025-01-16T12:51:39.698Z,growlyted@gmail.com,newsletter,everyone,true
154945436,2025-01-16T12:51:39.730Z,calebgrasse@gmail.com,newsletter,everyone,true
154945436,2025-01-16T12:51:39.747Z,Twadley@gmail.com,newsletter,everyone,true
154945436,2025-01-16T12:51:39.886Z,rwlbmitchell@gmail.com,newsletter,everyone,true
154945436,2025-01-16T12:51:40.039Z,briana.j.carroll@gmail.com,newsletter,everyone,true
154945436,2025-01-16T12:51:40.044Z,adooleycox@gmail.com,newsletter,everyone,true
154945436,2025-01-16T12:51:40.086Z,nathanhaile11@gmail.com,newsletter,everyone,true
154945436,2025-01-16T12:51:40.181Z,zach.bartell.writer@gmail.com,newsletter,everyone,true
154945436,2025-01-16T12:51:40.296Z,ahershmc@aol.com,newsletter,everyone,true
154945436,2025-01-16T12:51:40.310Z,apollohlynch@gmail.com,newsletter,everyone,true
154945436,2025-01-16T12:51:40.661Z,ptdaris@uol.com.br,newsletter,everyone,true
154945436,2025-01-16T12:51:40.730Z,jasontrew@gmail.com,newsletter,everyone,true
154945436,2025-01-16T12:51:40.734Z,shien.getsuto@gmail.com,newsletter,everyone,true
154945436,2025-01-16T12:51:40.755Z,zutorilla@gmail.com,newsletter,everyone,true
154945436,2025-01-16T12:51:40.755Z,harrisbrian321@gmail.com,newsletter,everyone,true
154945436,2025-01-16T12:51:40.842Z,rimbsweiler@gmail.com,newsletter,everyone,true
154945436,2025-01-16T12:51:41.132Z,borealspain@yahoo.co.uk,newsletter,everyone,true
154945436,2025-01-16T12:51:41.190Z,ozs2@cornell.edu,newsletter,everyone,true
154945436,2025-01-16T12:51:41.380Z,theory.nifty438@passinbox.com,newsletter,everyone,true
154945436,2025-01-16T12:51:42.345Z,dennis@burns.org,newsletter,everyone,true
154945436,2025-01-16T12:51:44.118Z,skyjensen@icloud.com,newsletter,everyone,true
