post_id,timestamp,email,post_type,post_audience,active_subscription,country,city,region,device_type,client_os,client_type,user_agent
154915161,2025-02-09T16:59:14.779Z,virknavkaur@gmail.com,newsletter,everyone,true,US,,,,,,Mozilla/5.0 (Windows NT 5.1; rv:11.0) Gecko Firefox/11.0 (via ggpht.com GoogleImageProxy)
154915161,2025-02-09T17:03:53.383Z,Experimentalunit317@gmail.com,newsletter,everyone,false,US,,,,,,Mozilla/5.0 (Windows NT 5.1; rv:11.0) Gecko Firefox/11.0 (via ggpht.com GoogleImageProxy)
154915161,2025-02-09T17:11:48.489Z,ianwilmoth@gmail.com,newsletter,everyone,true,US,,,,,,Mozilla/5.0
154915161,2025-02-09T17:37:51.673Z,borealspain@yahoo.co.uk,newsletter,everyone,true,US,,,,,,Mozilla/5.0
154915161,2025-02-09T17:54:51.762Z,briana.j.carroll@gmail.com,newsletter,everyone,true,US,,,,,,Mozilla/5.0 (Windows NT 5.1; rv:11.0) Gecko Firefox/11.0 (via ggpht.com GoogleImageProxy)
154915161,2025-02-09T18:19:31.726Z,ptdaris@uol.com.br,newsletter,everyone,true,BR,,,,,,Mozilla/4.0 (compatible; ms-office; MSOffice 16)
154915161,2025-02-09T19:51:57.168Z,alminivdmerwe@gmail.com,newsletter,everyone,true,LI,,,,,,Mozilla/5.0
154915161,2025-02-09T20:54:03.210Z,mileswilsondc@gmail.com,newsletter,everyone,true,US,,,,,,Mozilla/5.0
154915161,2025-02-10T03:58:05.676Z,jasontrew@gmail.com,newsletter,everyone,true,US,,,,,,Mozilla/5.0
154915161,2025-02-10T04:23:29.250Z,zach.bartell.writer@gmail.com,newsletter,everyone,true,US,,,,,,Mozilla/5.0
154915161,2025-02-10T07:55:49.109Z,alminivdmerwe@gmail.com,newsletter,everyone,true,LI,,,,,,Mozilla/5.0
154915161,2025-02-10T14:29:30.252Z,rimbsweiler@yahoo.com,newsletter,everyone,false,US,,,,,,Mozilla/5.0
154915161,2025-02-10T17:17:54.837Z,apollohlynch@gmail.com,newsletter,everyone,true,US,,,,,,Mozilla/5.0
154915161,2025-02-11T11:50:23.338Z,harrisbrian321@gmail.com,newsletter,everyone,true,CA,,,,,,Mozilla/5.0
154915161,2025-02-26T04:22:27.947Z,nathanhaile11@gmail.com,newsletter,everyone,true,MX,,,,,,Mozilla/5.0
