post_id,timestamp,email,post_type,post_audience,active_subscription
154947364,2025-01-16T13:24:50.541Z,rimbsweiler@yahoo.com,newsletter,everyone,false
154947364,2025-01-16T13:24:51.429Z,nathanhaile11@gmail.com,newsletter,everyone,true
154947364,2025-01-16T13:24:51.494Z,lennoxgravox@gmail.com,newsletter,everyone,true
154947364,2025-01-16T13:24:51.658Z,bky074a@gmail.com,newsletter,everyone,true
154947364,2025-01-16T13:24:51.716Z,evangelinepressblog@gmail.com,newsletter,everyone,true
154947364,2025-01-16T13:24:51.759Z,Experimentalunit317@gmail.com,newsletter,everyone,false
154947364,2025-01-16T13:24:51.764Z,justinaugustwellington@gmail.com,newsletter,everyone,true
154947364,2025-01-16T13:24:51.784Z,harrisbrian321@gmail.com,newsletter,everyone,true
154947364,2025-01-16T13:24:51.802Z,gdg2018mm5@gmail.com,newsletter,everyone,true
154947364,2025-01-16T13:24:51.890Z,Twadley@gmail.com,newsletter,everyone,true
154947364,2025-01-16T13:24:51.940Z,shien.getsuto@gmail.com,newsletter,everyone,true
154947364,2025-01-16T13:24:51.948Z,alminivdmerwe@gmail.com,newsletter,everyone,true
154947364,2025-01-16T13:24:51.949Z,joliefleur3435@gmail.com,newsletter,everyone,true
154947364,2025-01-16T13:24:51.963Z,briana.j.carroll@gmail.com,newsletter,everyone,true
154947364,2025-01-16T13:24:51.965Z,rwlbmitchell@gmail.com,newsletter,everyone,true
154947364,2025-01-16T13:24:51.967Z,itzhak.samara@gmail.com,newsletter,everyone,true
154947364,2025-01-16T13:24:51.974Z,jasontrew@gmail.com,newsletter,everyone,true
154947364,2025-01-16T13:24:51.991Z,ianwilmoth@gmail.com,newsletter,everyone,true
154947364,2025-01-16T13:24:51.992Z,adooleycox@gmail.com,newsletter,everyone,true
154947364,2025-01-16T13:24:52.042Z,mrnononsense02@gmail.com,newsletter,everyone,true
154947364,2025-01-16T13:24:52.070Z,kadirgemici066@gmail.com,newsletter,everyone,true
154947364,2025-01-16T13:24:52.093Z,calebgrasse@gmail.com,newsletter,everyone,true
154947364,2025-01-16T13:24:52.094Z,apollohlynch@gmail.com,newsletter,everyone,true
154947364,2025-01-16T13:24:52.371Z,dwightlyman@gmail.com,newsletter,everyone,true
154947364,2025-01-16T13:24:52.385Z,borealspain@yahoo.co.uk,newsletter,everyone,true
154947364,2025-01-16T13:24:52.512Z,growlyted@gmail.com,newsletter,everyone,true
154947364,2025-01-16T13:24:52.573Z,beansocolofsky@gmail.com,newsletter,everyone,true
154947364,2025-01-16T13:24:52.578Z,rimbsweiler@gmail.com,newsletter,everyone,true
154947364,2025-01-16T13:24:52.610Z,zutorilla@gmail.com,newsletter,everyone,true
154947364,2025-01-16T13:24:52.706Z,mileswilsondc@gmail.com,newsletter,everyone,true
154947364,2025-01-16T13:24:52.854Z,ahershmc@aol.com,newsletter,everyone,true
154947364,2025-01-16T13:24:52.947Z,ozs2@cornell.edu,newsletter,everyone,true
154947364,2025-01-16T13:24:53.512Z,raynottwoodbead@gmail.com,newsletter,everyone,true
154947364,2025-01-16T13:24:53.593Z,kalakaldruzuzu@gmail.com,newsletter,everyone,true
154947364,2025-01-16T13:24:53.653Z,3d0f86f2-e17f-4f2a-8ca5-154e98f6d68a@deletion-request.substack.com,newsletter,everyone,true
154947364,2025-01-16T13:24:53.678Z,djcart137@gmail.com,newsletter,everyone,true
154947364,2025-01-16T13:24:53.685Z,ptdaris@uol.com.br,newsletter,everyone,true
154947364,2025-01-16T13:24:54.010Z,zach.bartell.writer@gmail.com,newsletter,everyone,true
154947364,2025-01-16T13:24:54.022Z,beer64925@gmail.com,newsletter,everyone,true
154947364,2025-01-16T13:24:54.183Z,theory.nifty438@passinbox.com,newsletter,everyone,true
154947364,2025-01-16T13:24:54.795Z,dennis@burns.org,newsletter,everyone,true
154947364,2025-01-16T13:24:59.532Z,skyjensen@icloud.com,newsletter,everyone,true
