post_id,timestamp,email,post_type,post_audience,active_subscription
154915161,2025-02-09T16:46:43.518Z,Experimentalunit317@gmail.com,newsletter,everyone,false
154915161,2025-02-09T16:46:44.081Z,rimbsweiler@yahoo.com,newsletter,everyone,false
154915161,2025-02-09T16:46:44.395Z,beansocolofsky@gmail.com,newsletter,everyone,true
154915161,2025-02-09T16:46:44.566Z,raynottwoodbead@gmail.com,newsletter,everyone,true
154915161,2025-02-09T16:46:44.634Z,zach.bartell.writer@gmail.com,newsletter,everyone,true
154915161,2025-02-09T16:46:44.704Z,justinaugustwellington@gmail.com,newsletter,everyone,true
154915161,2025-02-09T16:46:44.714Z,kalakaldruzuzu@gmail.com,newsletter,everyone,true
154915161,2025-02-09T16:46:44.788Z,gdg2018mm5@gmail.com,newsletter,everyone,true
154915161,2025-02-09T16:46:44.827Z,ptdaris@uol.com.br,newsletter,everyone,true
154915161,2025-02-09T16:46:44.863Z,mrnononsense02@gmail.com,newsletter,everyone,true
154915161,2025-02-09T16:46:44.889Z,bky074a@gmail.com,newsletter,everyone,true
154915161,2025-02-09T16:46:44.950Z,djcart137@gmail.com,newsletter,everyone,true
154915161,2025-02-09T16:46:44.992Z,evangelinepressblog@gmail.com,newsletter,everyone,true
154915161,2025-02-09T16:46:45.026Z,semakpa@gmail.com,newsletter,everyone,true
154915161,2025-02-09T16:46:45.028Z,beer64925@gmail.com,newsletter,everyone,true
154915161,2025-02-09T16:46:45.064Z,3d0f86f2-e17f-4f2a-8ca5-154e98f6d68a@deletion-request.substack.com,newsletter,everyone,true
154915161,2025-02-09T16:46:45.177Z,kadirgemici066@gmail.com,newsletter,everyone,true
154915161,2025-02-09T16:46:45.203Z,nathanhaile11@gmail.com,newsletter,everyone,true
154915161,2025-02-09T16:46:45.249Z,lennoxgravox@gmail.com,newsletter,everyone,true
154915161,2025-02-09T16:46:45.366Z,dwightlyman@gmail.com,newsletter,everyone,true
154915161,2025-02-09T16:46:45.436Z,mileswilsondc@gmail.com,newsletter,everyone,true
154915161,2025-02-09T16:46:45.534Z,harrisbrian321@gmail.com,newsletter,everyone,true
154915161,2025-02-09T16:46:45.908Z,adooleycox@gmail.com,newsletter,everyone,true
154915161,2025-02-09T16:46:45.983Z,growlyted@gmail.com,newsletter,everyone,true
154915161,2025-02-09T16:46:46.005Z,ianwilmoth@gmail.com,newsletter,everyone,true
154915161,2025-02-09T16:46:46.027Z,briana.j.carroll@gmail.com,newsletter,everyone,true
154915161,2025-02-09T16:46:46.030Z,itzhak.samara@gmail.com,newsletter,everyone,true
154915161,2025-02-09T16:46:46.057Z,rwlbmitchell@gmail.com,newsletter,everyone,true
154915161,2025-02-09T16:46:46.092Z,zutorilla@gmail.com,newsletter,everyone,true
154915161,2025-02-09T16:46:46.141Z,jasontrew@gmail.com,newsletter,everyone,true
154915161,2025-02-09T16:46:46.147Z,Twadley@gmail.com,newsletter,everyone,true
154915161,2025-02-09T16:46:46.160Z,virknavkaur@gmail.com,newsletter,everyone,true
154915161,2025-02-09T16:46:46.196Z,apollohlynch@gmail.com,newsletter,everyone,true
154915161,2025-02-09T16:46:46.257Z,rimbsweiler@gmail.com,newsletter,everyone,true
154915161,2025-02-09T16:46:46.322Z,calebgrasse@gmail.com,newsletter,everyone,true
154915161,2025-02-09T16:46:46.327Z,alminivdmerwe@gmail.com,newsletter,everyone,true
154915161,2025-02-09T16:46:46.357Z,shien.getsuto@gmail.com,newsletter,everyone,true
154915161,2025-02-09T16:46:46.485Z,ahershmc@aol.com,newsletter,everyone,true
154915161,2025-02-09T16:46:46.927Z,borealspain@yahoo.co.uk,newsletter,everyone,true
154915161,2025-02-09T16:46:47.524Z,ozs2@cornell.edu,newsletter,everyone,true
154915161,2025-02-09T16:46:48.060Z,theory.nifty438@passinbox.com,newsletter,everyone,true
154915161,2025-02-09T16:46:49.137Z,skyjensen@icloud.com,newsletter,everyone,true
154915161,2025-02-09T16:46:49.857Z,dennis@burns.org,newsletter,everyone,true
