post_id,timestamp,email,post_type,post_audience,active_subscription,country,city,region,device_type,client_os,client_type,user_agent
155096834,2025-01-18T16:57:18.125Z,skyjensen@icloud.com,podcast,everyone,true,US,,,,,,Mozilla/5.0
155096834,2025-01-18T16:57:28.976Z,ptdaris@uol.com.br,podcast,everyone,true,BR,,,,,,Mozilla/4.0 (compatible; ms-office; MSOffice 16)
155096834,2025-01-18T16:57:38.810Z,jasontrew@gmail.com,podcast,everyone,true,US,,,,,,Mozilla/5.0 (Windows NT 5.1; rv:11.0) Gecko Firefox/11.0 (via ggpht.com GoogleImageProxy)
155096834,2025-01-18T17:10:12.627Z,skyjensen@icloud.com,podcast,everyone,true,NL,,,,,,Mozilla/5.0
155096834,2025-01-18T17:15:37.326Z,skyjensen@icloud.com,podcast,everyone,true,US,,,,,,Mozilla/5.0
155096834,2025-01-18T17:18:57.861Z,rimbsweiler@yahoo.com,podcast,everyone,false,US,,,,,,YahooMailProxy; https://help.yahoo.com/kb/yahoo-mail-proxy-SLN28749.html
155096834,2025-01-18T17:25:49.552Z,borealspain@yahoo.co.uk,podcast,everyone,true,US,,,,,,Mozilla/5.0
155096834,2025-01-18T17:30:32.752Z,alminivdmerwe@gmail.com,podcast,everyone,true,LI,,,,,,Mozilla/5.0
155096834,2025-01-18T17:52:17.379Z,bky074a@gmail.com,podcast,everyone,true,US,,,,,,Mozilla/5.0 (Windows NT 5.1; rv:11.0) Gecko Firefox/11.0 (via ggpht.com GoogleImageProxy)
155096834,2025-01-18T18:00:59.634Z,dennis@burns.org,podcast,everyone,true,US,,,,,,Mozilla/4.0 (compatible; ms-office; MSOffice 16)
155096834,2025-01-18T18:00:59.634Z,dennis@burns.org,podcast,everyone,true,US,,,,,,Mozilla/4.0 (compatible; ms-office; MSOffice 16)
155096834,2025-01-18T18:17:05.456Z,dennis@burns.org,podcast,everyone,true,US,,,,,,Mozilla/4.0 (compatible; ms-office; MSOffice 16)
155096834,2025-01-18T18:17:05.519Z,dennis@burns.org,podcast,everyone,true,US,,,,,,Mozilla/4.0 (compatible; ms-office; MSOffice 16)
155096834,2025-01-18T18:17:59.534Z,ianwilmoth@gmail.com,podcast,everyone,true,NL,,,,,,Mozilla/5.0
155096834,2025-01-18T18:50:58.942Z,rimbsweiler@yahoo.com,podcast,everyone,false,NL,,,,,,Mozilla/5.0
155096834,2025-01-18T19:59:35.482Z,lennoxgravox@gmail.com,podcast,everyone,true,US,,,,,,Mozilla/5.0 (Windows NT 5.1; rv:11.0) Gecko Firefox/11.0 (via ggpht.com GoogleImageProxy)
155096834,2025-01-18T20:12:47.262Z,harrisbrian321@gmail.com,podcast,everyone,true,CA,,,,,,Mozilla/5.0
155096834,2025-01-18T23:23:38.821Z,briana.j.carroll@gmail.com,podcast,everyone,true,US,,,,,,Mozilla/5.0 (Windows NT 5.1; rv:11.0) Gecko Firefox/11.0 (via ggpht.com GoogleImageProxy)
155096834,2025-01-18T23:23:39.893Z,briana.j.carroll@gmail.com,podcast,everyone,true,US,,,,,,Mozilla/5.0 (Windows NT 5.1; rv:11.0) Gecko Firefox/11.0 (via ggpht.com GoogleImageProxy)
155096834,2025-01-19T00:06:54.716Z,dwightlyman@gmail.com,podcast,everyone,true,US,,,,,,Mozilla/5.0
155096834,2025-01-19T00:20:15.550Z,mileswilsondc@gmail.com,podcast,everyone,true,US,,,,,,Mozilla/5.0
155096834,2025-01-19T01:38:54.232Z,zach.bartell.writer@gmail.com,podcast,everyone,true,US,,,,,,Mozilla/5.0
155096834,2025-01-19T04:34:11.160Z,nathanhaile11@gmail.com,podcast,everyone,true,US,,,,,,Mozilla/5.0
155096834,2025-01-19T06:53:45.175Z,lennoxgravox@gmail.com,podcast,everyone,true,US,,,,,,Mozilla/5.0 (Windows NT 5.1; rv:11.0) Gecko Firefox/11.0 (via ggpht.com GoogleImageProxy)
155096834,2025-01-19T09:26:00.007Z,harrisbrian321@gmail.com,podcast,everyone,true,US,,,,,,Mozilla/5.0 (Windows NT 5.1; rv:11.0) Gecko Firefox/11.0 (via ggpht.com GoogleImageProxy)
155096834,2025-01-19T19:35:08.831Z,alminivdmerwe@gmail.com,podcast,everyone,true,LI,,,,,,Mozilla/5.0
155096834,2025-01-20T06:34:27.648Z,bky074a@gmail.com,podcast,everyone,true,US,,,,,,Mozilla/5.0 (Windows NT 5.1; rv:11.0) Gecko Firefox/11.0 (via ggpht.com GoogleImageProxy)
155096834,2025-01-20T09:24:25.839Z,apollohlynch@gmail.com,podcast,everyone,true,US,,,,,,Mozilla/5.0
155096834,2025-01-20T10:01:50.020Z,bky074a@gmail.com,podcast,everyone,true,US,,,,,,Mozilla/5.0 (Windows NT 5.1; rv:11.0) Gecko Firefox/11.0 (via ggpht.com GoogleImageProxy)
155096834,2025-01-20T20:00:09.916Z,dwightlyman@gmail.com,podcast,everyone,true,US,,,,,,Mozilla/5.0
155096834,2025-01-20T22:30:02.794Z,joliefleur3435@gmail.com,podcast,everyone,true,GB,,,,,,Mozilla/5.0
155096834,2025-01-21T02:07:45.018Z,evangelinepressblog@gmail.com,podcast,everyone,true,US,,,,,,Mozilla/5.0 (Windows NT 5.1; rv:11.0) Gecko Firefox/11.0 (via ggpht.com GoogleImageProxy)
155096834,2025-01-22T05:35:40.151Z,jasontrew@gmail.com,podcast,everyone,true,US,,,,,,Mozilla/5.0
155096834,2025-01-25T03:19:26.355Z,rwlbmitchell@gmail.com,podcast,everyone,true,US,,,,,,Mozilla/5.0 (Windows NT 5.1; rv:11.0) Gecko Firefox/11.0 (via ggpht.com GoogleImageProxy)
155096834,2025-01-31T17:55:27.901Z,3d0f86f2-e17f-4f2a-8ca5-154e98f6d68a@deletion-request.substack.com,podcast,everyone,true,US,,,,,,Mozilla/5.0 (Windows NT 5.1; rv:11.0) Gecko Firefox/11.0 (via ggpht.com GoogleImageProxy)
155096834,2025-02-01T23:05:03.500Z,dwightlyman@gmail.com,podcast,everyone,true,US,,,,,,Mozilla/5.0
155096834,2025-02-06T21:41:11.617Z,ianwilmoth@gmail.com,podcast,everyone,true,US,,,,,,Mozilla/5.0
