post_id,timestamp,email,post_type,post_audience,active_subscription
155096834,2025-01-18T16:52:50.353Z,Experimentalunit317@gmail.com,podcast,everyone,false
155096834,2025-01-18T16:52:50.703Z,rimbsweiler@yahoo.com,podcast,everyone,false
155096834,2025-01-18T16:52:51.126Z,dwightlyman@gmail.com,podcast,everyone,true
155096834,2025-01-18T16:52:51.213Z,joliefleur3435@gmail.com,podcast,everyone,true
155096834,2025-01-18T16:52:51.218Z,nathanhaile11@gmail.com,podcast,everyone,true
155096834,2025-01-18T16:52:51.223Z,kadirgemici066@gmail.com,podcast,everyone,true
155096834,2025-01-18T16:52:51.238Z,beansocolofsky@gmail.com,podcast,everyone,true
155096834,2025-01-18T16:52:51.285Z,gdg2018mm5@gmail.com,podcast,everyone,true
155096834,2025-01-18T16:52:51.293Z,justinaugustwellington@gmail.com,podcast,everyone,true
155096834,2025-01-18T16:52:51.389Z,raynottwoodbead@gmail.com,podcast,everyone,true
155096834,2025-01-18T16:52:51.390Z,lennoxgravox@gmail.com,podcast,everyone,true
155096834,2025-01-18T16:52:51.423Z,djcart137@gmail.com,podcast,everyone,true
155096834,2025-01-18T16:52:51.718Z,mrnononsense02@gmail.com,podcast,everyone,true
155096834,2025-01-18T16:52:51.815Z,zach.bartell.writer@gmail.com,podcast,everyone,true
155096834,2025-01-18T16:52:51.861Z,kalakaldruzuzu@gmail.com,podcast,everyone,true
155096834,2025-01-18T16:52:51.939Z,harrisbrian321@gmail.com,podcast,everyone,true
155096834,2025-01-18T16:52:52.080Z,3d0f86f2-e17f-4f2a-8ca5-154e98f6d68a@deletion-request.substack.com,podcast,everyone,true
155096834,2025-01-18T16:52:52.115Z,shien.getsuto@gmail.com,podcast,everyone,true
155096834,2025-01-18T16:52:52.122Z,mileswilsondc@gmail.com,podcast,everyone,true
155096834,2025-01-18T16:52:52.154Z,jasontrew@gmail.com,podcast,everyone,true
155096834,2025-01-18T16:52:52.219Z,calebgrasse@gmail.com,podcast,everyone,true
155096834,2025-01-18T16:52:52.328Z,beer64925@gmail.com,podcast,everyone,true
155096834,2025-01-18T16:52:52.360Z,alminivdmerwe@gmail.com,podcast,everyone,true
155096834,2025-01-18T16:52:52.408Z,evangelinepressblog@gmail.com,podcast,everyone,true
155096834,2025-01-18T16:52:52.450Z,briana.j.carroll@gmail.com,podcast,everyone,true
155096834,2025-01-18T16:52:52.488Z,apollohlynch@gmail.com,podcast,everyone,true
155096834,2025-01-18T16:52:52.511Z,rimbsweiler@gmail.com,podcast,everyone,true
155096834,2025-01-18T16:52:52.610Z,zutorilla@gmail.com,podcast,everyone,true
155096834,2025-01-18T16:52:52.628Z,adooleycox@gmail.com,podcast,everyone,true
155096834,2025-01-18T16:52:52.693Z,ptdaris@uol.com.br,podcast,everyone,true
155096834,2025-01-18T16:52:52.793Z,Twadley@gmail.com,podcast,everyone,true
155096834,2025-01-18T16:52:52.831Z,ianwilmoth@gmail.com,podcast,everyone,true
155096834,2025-01-18T16:52:52.875Z,growlyted@gmail.com,podcast,everyone,true
155096834,2025-01-18T16:52:52.996Z,rwlbmitchell@gmail.com,podcast,everyone,true
155096834,2025-01-18T16:52:53.067Z,bky074a@gmail.com,podcast,everyone,true
155096834,2025-01-18T16:52:53.119Z,itzhak.samara@gmail.com,podcast,everyone,true
155096834,2025-01-18T16:52:53.164Z,ozs2@cornell.edu,podcast,everyone,true
155096834,2025-01-18T16:52:53.383Z,ahershmc@aol.com,podcast,everyone,true
155096834,2025-01-18T16:52:53.466Z,borealspain@yahoo.co.uk,podcast,everyone,true
155096834,2025-01-18T16:52:53.516Z,theory.nifty438@passinbox.com,podcast,everyone,true
155096834,2025-01-18T16:52:54.020Z,skyjensen@icloud.com,podcast,everyone,true
155096834,2025-01-18T16:52:55.065Z,dennis@burns.org,podcast,everyone,true
