post_id,timestamp,email,post_type,post_audience,active_subscription,country,city,region,device_type,client_os,client_type,user_agent
155596149,2025-02-09T16:44:50.110Z,jasontrew@gmail.com,newsletter,everyone,true,US,,,,,,Mozilla/5.0 (Windows NT 5.1; rv:11.0) Gecko Firefox/11.0 (via ggpht.com GoogleImageProxy)
155596149,2025-02-09T16:51:21.488Z,skyjensen@icloud.com,newsletter,everyone,true,US,,,,,,Mozilla/5.0
155596149,2025-02-09T16:58:04.187Z,dwightlyman@gmail.com,newsletter,everyone,true,US,,,,,,Mozilla/5.0
155596149,2025-02-09T17:11:48.489Z,ianwilmoth@gmail.com,newsletter,everyone,true,US,,,,,,Mozilla/5.0
155596149,2025-02-09T17:37:51.673Z,borealspain@yahoo.co.uk,newsletter,everyone,true,US,,,,,,Mozilla/5.0
155596149,2025-02-09T18:19:37.534Z,ptdaris@uol.com.br,newsletter,everyone,true,BR,,,,,,Mozilla/4.0 (compatible; ms-office; MSOffice 16)
155596149,2025-02-09T19:51:57.167Z,alminivdmerwe@gmail.com,newsletter,everyone,true,LI,,,,,,Mozilla/5.0
155596149,2025-02-09T19:57:46.931Z,briana.j.carroll@gmail.com,newsletter,everyone,true,US,,,,,,Mozilla/5.0 (Windows NT 5.1; rv:11.0) Gecko Firefox/11.0 (via ggpht.com GoogleImageProxy)
155596149,2025-02-09T20:54:03.207Z,mileswilsondc@gmail.com,newsletter,everyone,true,US,,,,,,Mozilla/5.0
155596149,2025-02-10T00:55:57.677Z,dwightlyman@gmail.com,newsletter,everyone,true,US,,,,,,Mozilla/5.0
155596149,2025-02-10T03:58:05.674Z,jasontrew@gmail.com,newsletter,everyone,true,US,,,,,,Mozilla/5.0
155596149,2025-02-10T04:23:29.246Z,zach.bartell.writer@gmail.com,newsletter,everyone,true,US,,,,,,Mozilla/5.0
155596149,2025-02-10T04:53:23.340Z,skyjensen@icloud.com,newsletter,everyone,true,US,,,,,,Mozilla/5.0
155596149,2025-02-10T07:55:49.109Z,alminivdmerwe@gmail.com,newsletter,everyone,true,LI,,,,,,Mozilla/5.0
155596149,2025-02-10T14:29:30.254Z,rimbsweiler@yahoo.com,newsletter,everyone,false,US,,,,,,Mozilla/5.0
155596149,2025-02-10T17:17:54.833Z,apollohlynch@gmail.com,newsletter,everyone,true,US,,,,,,Mozilla/5.0
155596149,2025-02-11T11:50:23.334Z,harrisbrian321@gmail.com,newsletter,everyone,true,CA,,,,,,Mozilla/5.0
155596149,2025-02-13T21:44:21.208Z,briana.j.carroll@gmail.com,newsletter,everyone,true,US,,,,,,Mozilla/5.0 (Windows NT 5.1; rv:11.0) Gecko Firefox/11.0 (via ggpht.com GoogleImageProxy)
155596149,2025-02-13T21:44:22.994Z,briana.j.carroll@gmail.com,newsletter,everyone,true,US,,,,,,Mozilla/5.0 (Windows NT 5.1; rv:11.0) Gecko Firefox/11.0 (via ggpht.com GoogleImageProxy)
155596149,2025-02-26T04:22:27.947Z,nathanhaile11@gmail.com,newsletter,everyone,true,MX,,,,,,Mozilla/5.0
