post_id,timestamp,email,post_type,post_audience,active_subscription
155591947,2025-01-24T05:07:51.597Z,Experimentalunit317@gmail.com,newsletter,everyone,false
155591947,2025-01-24T05:07:52.456Z,dwightlyman@gmail.com,newsletter,everyone,true
155591947,2025-01-24T05:07:52.750Z,rimbsweiler@yahoo.com,newsletter,everyone,false
155591947,2025-01-24T05:07:53.008Z,nathanhaile11@gmail.com,newsletter,everyone,true
155591947,2025-01-24T05:07:53.059Z,evangelinepressblog@gmail.com,newsletter,everyone,true
155591947,2025-01-24T05:07:53.062Z,mrnononsense02@gmail.com,newsletter,everyone,true
155591947,2025-01-24T05:07:53.068Z,3d0f86f2-e17f-4f2a-8ca5-154e98f6d68a@deletion-request.substack.com,newsletter,everyone,true
155591947,2025-01-24T05:07:53.070Z,bky074a@gmail.com,newsletter,everyone,true
155591947,2025-01-24T05:07:53.081Z,lennoxgravox@gmail.com,newsletter,everyone,true
155591947,2025-01-24T05:07:53.092Z,beansocolofsky@gmail.com,newsletter,everyone,true
155591947,2025-01-24T05:07:53.112Z,kalakaldruzuzu@gmail.com,newsletter,everyone,true
155591947,2025-01-24T05:07:53.208Z,gdg2018mm5@gmail.com,newsletter,everyone,true
155591947,2025-01-24T05:07:53.238Z,justinaugustwellington@gmail.com,newsletter,everyone,true
155591947,2025-01-24T05:07:53.284Z,beer64925@gmail.com,newsletter,everyone,true
155591947,2025-01-24T05:07:53.310Z,kadirgemici066@gmail.com,newsletter,everyone,true
155591947,2025-01-24T05:07:53.417Z,harrisbrian321@gmail.com,newsletter,everyone,true
155591947,2025-01-24T05:07:53.724Z,raynottwoodbead@gmail.com,newsletter,everyone,true
155591947,2025-01-24T05:07:53.798Z,joliefleur3435@gmail.com,newsletter,everyone,true
155591947,2025-01-24T05:07:53.972Z,mileswilsondc@gmail.com,newsletter,everyone,true
155591947,2025-01-24T05:07:54.002Z,ozs2@cornell.edu,newsletter,everyone,true
155591947,2025-01-24T05:07:54.137Z,adooleycox@gmail.com,newsletter,everyone,true
155591947,2025-01-24T05:07:54.142Z,ptdaris@uol.com.br,newsletter,everyone,true
155591947,2025-01-24T05:07:54.204Z,zach.bartell.writer@gmail.com,newsletter,everyone,true
155591947,2025-01-24T05:07:54.471Z,briana.j.carroll@gmail.com,newsletter,everyone,true
155591947,2025-01-24T05:07:54.488Z,apollohlynch@gmail.com,newsletter,everyone,true
155591947,2025-01-24T05:07:54.527Z,jasontrew@gmail.com,newsletter,everyone,true
155591947,2025-01-24T05:07:54.553Z,growlyted@gmail.com,newsletter,everyone,true
155591947,2025-01-24T05:07:54.566Z,zutorilla@gmail.com,newsletter,everyone,true
155591947,2025-01-24T05:07:54.573Z,shien.getsuto@gmail.com,newsletter,everyone,true
155591947,2025-01-24T05:07:54.576Z,calebgrasse@gmail.com,newsletter,everyone,true
155591947,2025-01-24T05:07:54.638Z,rwlbmitchell@gmail.com,newsletter,everyone,true
155591947,2025-01-24T05:07:54.692Z,djcart137@gmail.com,newsletter,everyone,true
155591947,2025-01-24T05:07:54.695Z,rimbsweiler@gmail.com,newsletter,everyone,true
155591947,2025-01-24T05:07:54.978Z,alminivdmerwe@gmail.com,newsletter,everyone,true
155591947,2025-01-24T05:07:54.992Z,ianwilmoth@gmail.com,newsletter,everyone,true
155591947,2025-01-24T05:07:55.016Z,ahershmc@aol.com,newsletter,everyone,true
155591947,2025-01-24T05:07:55.063Z,Twadley@gmail.com,newsletter,everyone,true
155591947,2025-01-24T05:07:55.530Z,borealspain@yahoo.co.uk,newsletter,everyone,true
155591947,2025-01-24T05:07:55.884Z,itzhak.samara@gmail.com,newsletter,everyone,true
155591947,2025-01-24T05:07:56.296Z,theory.nifty438@passinbox.com,newsletter,everyone,true
155591947,2025-01-24T05:07:59.166Z,dennis@burns.org,newsletter,everyone,true
155591947,2025-01-24T05:07:59.962Z,skyjensen@icloud.com,newsletter,everyone,true
