post_id,timestamp,email,post_type,post_audience,active_subscription
155596587,2025-02-09T16:43:32.434Z,dwightlyman@gmail.com,newsletter,everyone,true
155596587,2025-02-09T16:43:33.167Z,beansocolofsky@gmail.com,newsletter,everyone,true
155596587,2025-02-09T16:43:33.473Z,justinaugustwellington@gmail.com,newsletter,everyone,true
155596587,2025-02-09T16:43:33.539Z,nathanhaile11@gmail.com,newsletter,everyone,true
155596587,2025-02-09T16:43:33.544Z,mrnononsense02@gmail.com,newsletter,everyone,true
155596587,2025-02-09T16:43:33.551Z,rimbsweiler@yahoo.com,newsletter,everyone,false
155596587,2025-02-09T16:43:33.560Z,evangelinepressblog@gmail.com,newsletter,everyone,true
155596587,2025-02-09T16:43:33.640Z,lennoxgravox@gmail.com,newsletter,everyone,true
155596587,2025-02-09T16:43:33.647Z,Experimentalunit317@gmail.com,newsletter,everyone,false
155596587,2025-02-09T16:43:34.291Z,gdg2018mm5@gmail.com,newsletter,everyone,true
155596587,2025-02-09T16:43:34.433Z,beer64925@gmail.com,newsletter,everyone,true
155596587,2025-02-09T16:43:34.458Z,djcart137@gmail.com,newsletter,everyone,true
155596587,2025-02-09T16:43:34.482Z,3d0f86f2-e17f-4f2a-8ca5-154e98f6d68a@deletion-request.substack.com,newsletter,everyone,true
155596587,2025-02-09T16:43:34.559Z,zach.bartell.writer@gmail.com,newsletter,everyone,true
155596587,2025-02-09T16:43:34.586Z,kalakaldruzuzu@gmail.com,newsletter,everyone,true
155596587,2025-02-09T16:43:34.783Z,raynottwoodbead@gmail.com,newsletter,everyone,true
155596587,2025-02-09T16:43:34.794Z,kadirgemici066@gmail.com,newsletter,everyone,true
155596587,2025-02-09T16:43:35.056Z,rimbsweiler@gmail.com,newsletter,everyone,true
155596587,2025-02-09T16:43:35.081Z,ptdaris@uol.com.br,newsletter,everyone,true
155596587,2025-02-09T16:43:35.083Z,Twadley@gmail.com,newsletter,everyone,true
155596587,2025-02-09T16:43:35.090Z,briana.j.carroll@gmail.com,newsletter,everyone,true
155596587,2025-02-09T16:43:35.166Z,apollohlynch@gmail.com,newsletter,everyone,true
155596587,2025-02-09T16:43:35.169Z,zutorilla@gmail.com,newsletter,everyone,true
155596587,2025-02-09T16:43:35.191Z,shien.getsuto@gmail.com,newsletter,everyone,true
155596587,2025-02-09T16:43:35.237Z,ianwilmoth@gmail.com,newsletter,everyone,true
155596587,2025-02-09T16:43:35.243Z,alminivdmerwe@gmail.com,newsletter,everyone,true
155596587,2025-02-09T16:43:35.261Z,virknavkaur@gmail.com,newsletter,everyone,true
155596587,2025-02-09T16:43:35.404Z,growlyted@gmail.com,newsletter,everyone,true
155596587,2025-02-09T16:43:35.582Z,borealspain@yahoo.co.uk,newsletter,everyone,true
155596587,2025-02-09T16:43:35.638Z,ahershmc@aol.com,newsletter,everyone,true
155596587,2025-02-09T16:43:35.725Z,calebgrasse@gmail.com,newsletter,everyone,true
155596587,2025-02-09T16:43:35.770Z,bky074a@gmail.com,newsletter,everyone,true
155596587,2025-02-09T16:43:35.798Z,adooleycox@gmail.com,newsletter,everyone,true
155596587,2025-02-09T16:43:35.807Z,rwlbmitchell@gmail.com,newsletter,everyone,true
155596587,2025-02-09T16:43:35.859Z,mileswilsondc@gmail.com,newsletter,everyone,true
155596587,2025-02-09T16:43:35.865Z,harrisbrian321@gmail.com,newsletter,everyone,true
155596587,2025-02-09T16:43:35.929Z,itzhak.samara@gmail.com,newsletter,everyone,true
155596587,2025-02-09T16:43:35.942Z,jasontrew@gmail.com,newsletter,everyone,true
155596587,2025-02-09T16:43:35.944Z,semakpa@gmail.com,newsletter,everyone,true
155596587,2025-02-09T16:43:36.312Z,theory.nifty438@passinbox.com,newsletter,everyone,true
155596587,2025-02-09T16:43:36.459Z,ozs2@cornell.edu,newsletter,everyone,true
155596587,2025-02-09T16:43:39.468Z,dennis@burns.org,newsletter,everyone,true
155596587,2025-02-09T16:43:39.740Z,skyjensen@icloud.com,newsletter,everyone,true
