post_id,timestamp,email,post_type,post_audience,active_subscription,country,city,region,device_type,client_os,client_type,user_agent
155591947,2025-01-24T05:10:17.382Z,Experimentalunit317@gmail.com,newsletter,everyone,false,US,,,,,,Mozilla/5.0 (Windows NT 5.1; rv:11.0) Gecko Firefox/11.0 (via ggpht.com GoogleImageProxy)
155591947,2025-01-24T05:34:54.203Z,nathanhaile11@gmail.com,newsletter,everyone,true,PR,,,,,,Mozilla/5.0
155591947,2025-01-24T05:37:50.417Z,ianwilmoth@gmail.com,newsletter,everyone,true,US,,,,,,Mozilla/5.0
155591947,2025-01-24T05:39:54.666Z,harrisbrian321@gmail.com,newsletter,everyone,true,US,,,,,,Mozilla/5.0 (Windows NT 5.1; rv:11.0) Gecko Firefox/11.0 (via ggpht.com GoogleImageProxy)
155591947,2025-01-24T06:06:48.262Z,zach.bartell.writer@gmail.com,newsletter,everyone,true,US,,,,,,Mozilla/5.0
155591947,2025-01-24T06:16:05.238Z,borealspain@yahoo.co.uk,newsletter,everyone,true,US,,,,,,Mozilla/5.0
155591947,2025-01-24T06:23:03.773Z,harrisbrian321@gmail.com,newsletter,everyone,true,CA,,,,,,Mozilla/5.0
155591947,2025-01-24T06:32:03.667Z,itzhak.samara@gmail.com,newsletter,everyone,true,US,,,,,,Mozilla/5.0 (Windows NT 5.1; rv:11.0) Gecko Firefox/11.0 (via ggpht.com GoogleImageProxy)
155591947,2025-01-24T06:32:08.464Z,itzhak.samara@gmail.com,newsletter,everyone,true,US,,,,,,Mozilla/5.0 (Windows NT 5.1; rv:11.0) Gecko Firefox/11.0 (via ggpht.com GoogleImageProxy)
155591947,2025-01-24T07:38:18.374Z,alminivdmerwe@gmail.com,newsletter,everyone,true,AT,,,,,,Mozilla/5.0
155591947,2025-01-24T08:55:30.343Z,ianwilmoth@gmail.com,newsletter,everyone,true,US,,,,,,Mozilla/5.0 (Windows NT 5.1; rv:11.0) Gecko Firefox/11.0 (via ggpht.com GoogleImageProxy)
155591947,2025-01-24T12:17:43.547Z,briana.j.carroll@gmail.com,newsletter,everyone,true,US,,,,,,Mozilla/5.0 (Windows NT 5.1; rv:11.0) Gecko Firefox/11.0 (via ggpht.com GoogleImageProxy)
155591947,2025-01-24T13:26:32.005Z,jasontrew@gmail.com,newsletter,everyone,true,US,,,,,,Mozilla/5.0
155591947,2025-01-24T13:46:44.555Z,rimbsweiler@yahoo.com,newsletter,everyone,false,US,,,,,,Mozilla/5.0
155591947,2025-01-24T14:33:06.925Z,mileswilsondc@gmail.com,newsletter,everyone,true,US,,,,,,Mozilla/5.0
155591947,2025-01-24T14:44:39.399Z,nathanhaile11@gmail.com,newsletter,everyone,true,US,,,,,,Mozilla/5.0 (Windows NT 5.1; rv:11.0) Gecko Firefox/11.0 (via ggpht.com GoogleImageProxy)
155591947,2025-01-24T17:45:21.818Z,Experimentalunit317@gmail.com,newsletter,everyone,false,US,,,,,,Mozilla/5.0 (Windows NT 5.1; rv:11.0) Gecko Firefox/11.0 (via ggpht.com GoogleImageProxy)
155591947,2025-01-24T18:36:38.656Z,skyjensen@icloud.com,newsletter,everyone,true,US,,,,,,Mozilla/5.0
155591947,2025-01-24T19:18:22.591Z,joliefleur3435@gmail.com,newsletter,everyone,true,GB,,,,,,Mozilla/5.0
155591947,2025-01-24T21:51:18.451Z,skyjensen@icloud.com,newsletter,everyone,true,US,,,,,,Mozilla/5.0
155591947,2025-01-25T17:27:16.876Z,apollohlynch@gmail.com,newsletter,everyone,true,US,,,,,,Mozilla/5.0 (Windows NT 5.1; rv:11.0) Gecko Firefox/11.0 (via ggpht.com GoogleImageProxy)
155591947,2025-01-25T20:41:06.353Z,alminivdmerwe@gmail.com,newsletter,everyone,true,LI,,,,,,Mozilla/5.0
155591947,2025-01-26T07:59:15.322Z,apollohlynch@gmail.com,newsletter,everyone,true,US,,,,,,Mozilla/5.0
155591947,2025-01-26T16:13:50.451Z,skyjensen@icloud.com,newsletter,everyone,true,US,,,,,,Mozilla/5.0
155591947,2025-02-01T22:24:26.464Z,dwightlyman@gmail.com,newsletter,everyone,true,US,,,,,,Mozilla/5.0
155591947,2025-02-06T21:41:11.614Z,ianwilmoth@gmail.com,newsletter,everyone,true,US,,,,,,Mozilla/5.0
