post_id,timestamp,email,post_type,post_audience,active_subscription,country,city,region,device_type,client_os,client_type,user_agent
155596587,2025-02-09T16:44:10.291Z,virknavkaur@gmail.com,newsletter,everyone,true,US,,,,,,Mozilla/5.0 (Windows NT 5.1; rv:11.0) Gecko Firefox/11.0 (via ggpht.com GoogleImageProxy)
155596587,2025-02-09T16:51:21.487Z,skyjensen@icloud.com,newsletter,everyone,true,US,,,,,,Mozilla/5.0
155596587,2025-02-09T17:11:48.488Z,ianwilmoth@gmail.com,newsletter,everyone,true,US,,,,,,Mozilla/5.0
155596587,2025-02-09T17:37:51.674Z,borealspain@yahoo.co.uk,newsletter,everyone,true,US,,,,,,Mozilla/5.0
155596587,2025-02-09T18:19:39.964Z,ptdaris@uol.com.br,newsletter,everyone,true,BR,,,,,,Mozilla/4.0 (compatible; ms-office; MSOffice 16)
155596587,2025-02-09T19:51:57.166Z,alminivdmerwe@gmail.com,newsletter,everyone,true,LI,,,,,,Mozilla/5.0
155596587,2025-02-09T20:54:03.209Z,mileswilsondc@gmail.com,newsletter,everyone,true,US,,,,,,Mozilla/5.0
155596587,2025-02-10T03:33:37.609Z,jasontrew@gmail.com,newsletter,everyone,true,US,,,,,,Mozilla/5.0
155596587,2025-02-10T04:23:29.244Z,zach.bartell.writer@gmail.com,newsletter,everyone,true,US,,,,,,Mozilla/5.0
155596587,2025-02-10T04:53:23.340Z,skyjensen@icloud.com,newsletter,everyone,true,US,,,,,,Mozilla/5.0
155596587,2025-02-10T07:55:49.108Z,alminivdmerwe@gmail.com,newsletter,everyone,true,LI,,,,,,Mozilla/5.0
155596587,2025-02-10T14:29:30.253Z,rimbsweiler@yahoo.com,newsletter,everyone,false,US,,,,,,Mozilla/5.0
155596587,2025-02-10T17:17:54.837Z,apollohlynch@gmail.com,newsletter,everyone,true,US,,,,,,Mozilla/5.0
155596587,2025-02-11T11:50:23.338Z,harrisbrian321@gmail.com,newsletter,everyone,true,CA,,,,,,Mozilla/5.0
155596587,2025-02-26T04:22:27.946Z,nathanhaile11@gmail.com,newsletter,everyone,true,MX,,,,,,Mozilla/5.0
