post_id,timestamp,email,post_type,post_audience,active_subscription
155596149,2025-02-09T16:44:04.771Z,Experimentalunit317@gmail.com,newsletter,everyone,false
155596149,2025-02-09T16:44:05.074Z,beansocolofsky@gmail.com,newsletter,everyone,true
155596149,2025-02-09T16:44:05.189Z,dwightlyman@gmail.com,newsletter,everyone,true
155596149,2025-02-09T16:44:05.329Z,justinaugustwellington@gmail.com,newsletter,everyone,true
155596149,2025-02-09T16:44:05.329Z,nathanhaile11@gmail.com,newsletter,everyone,true
155596149,2025-02-09T16:44:05.399Z,kalakaldruzuzu@gmail.com,newsletter,everyone,true
155596149,2025-02-09T16:44:05.421Z,beer64925@gmail.com,newsletter,everyone,true
155596149,2025-02-09T16:44:05.437Z,mileswilsondc@gmail.com,newsletter,everyone,true
155596149,2025-02-09T16:44:05.462Z,kadirgemici066@gmail.com,newsletter,everyone,true
155596149,2025-02-09T16:44:05.465Z,zach.bartell.writer@gmail.com,newsletter,everyone,true
155596149,2025-02-09T16:44:05.487Z,gdg2018mm5@gmail.com,newsletter,everyone,true
155596149,2025-02-09T16:44:05.503Z,3d0f86f2-e17f-4f2a-8ca5-154e98f6d68a@deletion-request.substack.com,newsletter,everyone,true
155596149,2025-02-09T16:44:05.509Z,djcart137@gmail.com,newsletter,everyone,true
155596149,2025-02-09T16:44:05.558Z,bky074a@gmail.com,newsletter,everyone,true
155596149,2025-02-09T16:44:05.641Z,semakpa@gmail.com,newsletter,everyone,true
155596149,2025-02-09T16:44:05.644Z,harrisbrian321@gmail.com,newsletter,everyone,true
155596149,2025-02-09T16:44:05.675Z,rimbsweiler@yahoo.com,newsletter,everyone,false
155596149,2025-02-09T16:44:05.897Z,rimbsweiler@gmail.com,newsletter,everyone,true
155596149,2025-02-09T16:44:05.914Z,alminivdmerwe@gmail.com,newsletter,everyone,true
155596149,2025-02-09T16:44:05.936Z,briana.j.carroll@gmail.com,newsletter,everyone,true
155596149,2025-02-09T16:44:05.960Z,evangelinepressblog@gmail.com,newsletter,everyone,true
155596149,2025-02-09T16:44:05.963Z,calebgrasse@gmail.com,newsletter,everyone,true
155596149,2025-02-09T16:44:05.974Z,ianwilmoth@gmail.com,newsletter,everyone,true
155596149,2025-02-09T16:44:06.021Z,zutorilla@gmail.com,newsletter,everyone,true
155596149,2025-02-09T16:44:06.034Z,Twadley@gmail.com,newsletter,everyone,true
155596149,2025-02-09T16:44:06.069Z,adooleycox@gmail.com,newsletter,everyone,true
155596149,2025-02-09T16:44:06.070Z,jasontrew@gmail.com,newsletter,everyone,true
155596149,2025-02-09T16:44:06.112Z,mrnononsense02@gmail.com,newsletter,everyone,true
155596149,2025-02-09T16:44:06.218Z,raynottwoodbead@gmail.com,newsletter,everyone,true
155596149,2025-02-09T16:44:06.348Z,ozs2@cornell.edu,newsletter,everyone,true
155596149,2025-02-09T16:44:06.467Z,ahershmc@aol.com,newsletter,everyone,true
155596149,2025-02-09T16:44:06.543Z,lennoxgravox@gmail.com,newsletter,everyone,true
155596149,2025-02-09T16:44:06.553Z,shien.getsuto@gmail.com,newsletter,everyone,true
155596149,2025-02-09T16:44:06.557Z,itzhak.samara@gmail.com,newsletter,everyone,true
155596149,2025-02-09T16:44:06.672Z,apollohlynch@gmail.com,newsletter,everyone,true
155596149,2025-02-09T16:44:06.721Z,rwlbmitchell@gmail.com,newsletter,everyone,true
155596149,2025-02-09T16:44:06.735Z,skyjensen@icloud.com,newsletter,everyone,true
155596149,2025-02-09T16:44:06.744Z,growlyted@gmail.com,newsletter,everyone,true
155596149,2025-02-09T16:44:06.960Z,borealspain@yahoo.co.uk,newsletter,everyone,true
155596149,2025-02-09T16:44:06.966Z,ptdaris@uol.com.br,newsletter,everyone,true
155596149,2025-02-09T16:44:07.412Z,theory.nifty438@passinbox.com,newsletter,everyone,true
155596149,2025-02-09T16:44:07.475Z,virknavkaur@gmail.com,newsletter,everyone,true
155596149,2025-02-09T16:44:08.769Z,dennis@burns.org,newsletter,everyone,true
