post_id,timestamp,email,post_type,post_audience,active_subscription,country,city,region,device_type,client_os,client_type,user_agent
155614554,2025-01-24T13:20:46.352Z,ozs2@cornell.edu,newsletter,everyone,true,US,,,,,,Mozilla/5.0 (Windows NT 5.1; rv:11.0) Gecko Firefox/11.0 (via ggpht.com GoogleImageProxy)
155614554,2025-01-24T13:27:21.514Z,growlyted@gmail.com,newsletter,everyone,true,US,,,,,,Mozilla/5.0 (Windows NT 5.1; rv:11.0) Gecko Firefox/11.0 (via ggpht.com GoogleImageProxy)
155614554,2025-01-24T13:41:18.290Z,rimbsweiler@yahoo.com,newsletter,everyone,false,US,,,,,,Mozilla/5.0
155614554,2025-01-24T13:56:35.854Z,borealspain@yahoo.co.uk,newsletter,everyone,true,US,,,,,,Mozilla/5.0
155614554,2025-01-24T14:17:41.801Z,zach.bartell.writer@gmail.com,newsletter,everyone,true,US,,,,,,Mozilla/5.0
155614554,2025-01-24T14:26:09.064Z,harrisbrian321@gmail.com,newsletter,everyone,true,US,,,,,,Mozilla/5.0 (Windows NT 5.1; rv:11.0) Gecko Firefox/11.0 (via ggpht.com GoogleImageProxy)
155614554,2025-01-24T14:29:04.463Z,rwlbmitchell@gmail.com,newsletter,everyone,true,US,,,,,,Mozilla/5.0 (Windows NT 5.1; rv:11.0) Gecko Firefox/11.0 (via ggpht.com GoogleImageProxy)
155614554,2025-01-24T14:48:16.515Z,dennis@burns.org,newsletter,everyone,true,US,,,,,,Mozilla/4.0 (compatible; ms-office; MSOffice 16)
155614554,2025-01-24T14:48:16.515Z,dennis@burns.org,newsletter,everyone,true,US,,,,,,Mozilla/4.0 (compatible; ms-office; MSOffice 16)
155614554,2025-01-24T15:11:32.474Z,mileswilsondc@gmail.com,newsletter,everyone,true,US,,,,,,Mozilla/5.0
155614554,2025-01-24T15:11:40.876Z,harrisbrian321@gmail.com,newsletter,everyone,true,CA,,,,,,Mozilla/5.0
155614554,2025-01-24T15:20:44.916Z,jasontrew@gmail.com,newsletter,everyone,true,US,,,,,,Mozilla/5.0
155614554,2025-01-24T17:45:18.678Z,Experimentalunit317@gmail.com,newsletter,everyone,false,US,,,,,,Mozilla/5.0 (Windows NT 5.1; rv:11.0) Gecko Firefox/11.0 (via ggpht.com GoogleImageProxy)
155614554,2025-01-24T18:15:22.916Z,nathanhaile11@gmail.com,newsletter,everyone,true,US,,,,,,Mozilla/5.0
155614554,2025-01-24T18:35:55.254Z,bky074a@gmail.com,newsletter,everyone,true,US,,,,,,Mozilla/5.0 (Windows NT 5.1; rv:11.0) Gecko Firefox/11.0 (via ggpht.com GoogleImageProxy)
155614554,2025-01-24T19:29:36.873Z,ianwilmoth@gmail.com,newsletter,everyone,true,US,,,,,,Mozilla/5.0
155614554,2025-01-24T19:32:00.695Z,joliefleur3435@gmail.com,newsletter,everyone,true,GB,,,,,,Mozilla/5.0
155614554,2025-01-24T20:30:38.530Z,nathanhaile11@gmail.com,newsletter,everyone,true,US,,,,,,Mozilla/5.0 (Windows NT 5.1; rv:11.0) Gecko Firefox/11.0 (via ggpht.com GoogleImageProxy)
155614554,2025-01-24T23:21:43.886Z,nathanhaile11@gmail.com,newsletter,everyone,true,US,,,,,,Mozilla/5.0 (Windows NT 5.1; rv:11.0) Gecko Firefox/11.0 (via ggpht.com GoogleImageProxy)
155614554,2025-01-25T10:08:15.417Z,alminivdmerwe@gmail.com,newsletter,everyone,true,LI,,,,,,Mozilla/5.0
155614554,2025-01-25T20:41:06.354Z,alminivdmerwe@gmail.com,newsletter,everyone,true,LI,,,,,,Mozilla/5.0
155614554,2025-01-26T07:59:15.321Z,apollohlynch@gmail.com,newsletter,everyone,true,US,,,,,,Mozilla/5.0
155614554,2025-02-01T22:24:26.128Z,dwightlyman@gmail.com,newsletter,everyone,true,US,,,,,,Mozilla/5.0
155614554,2025-02-06T21:41:11.612Z,ianwilmoth@gmail.com,newsletter,everyone,true,US,,,,,,Mozilla/5.0
