post_id,timestamp,email,post_type,post_audience,active_subscription
155611590,2025-01-24T12:20:59.666Z,dwightlyman@gmail.com,newsletter,everyone,true
155611590,2025-01-24T12:20:59.687Z,Experimentalunit317@gmail.com,newsletter,everyone,false
155611590,2025-01-24T12:20:59.786Z,beansocolofsky@gmail.com,newsletter,everyone,true
155611590,2025-01-24T12:21:00.385Z,bky074a@gmail.com,newsletter,everyone,true
155611590,2025-01-24T12:21:00.395Z,rimbsweiler@yahoo.com,newsletter,everyone,false
155611590,2025-01-24T12:21:00.412Z,kadirgemici066@gmail.com,newsletter,everyone,true
155611590,2025-01-24T12:21:00.503Z,mrnononsense02@gmail.com,newsletter,everyone,true
155611590,2025-01-24T12:21:00.571Z,nathanhaile11@gmail.com,newsletter,everyone,true
155611590,2025-01-24T12:21:00.618Z,lennoxgravox@gmail.com,newsletter,everyone,true
155611590,2025-01-24T12:21:00.620Z,mileswilsondc@gmail.com,newsletter,everyone,true
155611590,2025-01-24T12:21:00.662Z,semakpa@gmail.com,newsletter,everyone,true
155611590,2025-01-24T12:21:00.863Z,adooleycox@gmail.com,newsletter,everyone,true
155611590,2025-01-24T12:21:00.878Z,raynottwoodbead@gmail.com,newsletter,everyone,true
155611590,2025-01-24T12:21:00.915Z,kalakaldruzuzu@gmail.com,newsletter,everyone,true
155611590,2025-01-24T12:21:00.922Z,zach.bartell.writer@gmail.com,newsletter,everyone,true
155611590,2025-01-24T12:21:00.989Z,gdg2018mm5@gmail.com,newsletter,everyone,true
155611590,2025-01-24T12:21:01.034Z,zutorilla@gmail.com,newsletter,everyone,true
155611590,2025-01-24T12:21:01.046Z,justinaugustwellington@gmail.com,newsletter,everyone,true
155611590,2025-01-24T12:21:01.060Z,evangelinepressblog@gmail.com,newsletter,everyone,true
155611590,2025-01-24T12:21:01.062Z,3d0f86f2-e17f-4f2a-8ca5-154e98f6d68a@deletion-request.substack.com,newsletter,everyone,true
155611590,2025-01-24T12:21:01.087Z,ozs2@cornell.edu,newsletter,everyone,true
155611590,2025-01-24T12:21:01.101Z,joliefleur3435@gmail.com,newsletter,everyone,true
155611590,2025-01-24T12:21:01.140Z,jasontrew@gmail.com,newsletter,everyone,true
155611590,2025-01-24T12:21:01.152Z,growlyted@gmail.com,newsletter,everyone,true
155611590,2025-01-24T12:21:01.180Z,alminivdmerwe@gmail.com,newsletter,everyone,true
155611590,2025-01-24T12:21:01.275Z,itzhak.samara@gmail.com,newsletter,everyone,true
155611590,2025-01-24T12:21:01.277Z,djcart137@gmail.com,newsletter,everyone,true
155611590,2025-01-24T12:21:01.289Z,apollohlynch@gmail.com,newsletter,everyone,true
155611590,2025-01-24T12:21:01.388Z,shien.getsuto@gmail.com,newsletter,everyone,true
155611590,2025-01-24T12:21:01.390Z,ahershmc@aol.com,newsletter,everyone,true
155611590,2025-01-24T12:21:01.553Z,calebgrasse@gmail.com,newsletter,everyone,true
155611590,2025-01-24T12:21:01.558Z,rimbsweiler@gmail.com,newsletter,everyone,true
155611590,2025-01-24T12:21:01.616Z,ianwilmoth@gmail.com,newsletter,everyone,true
155611590,2025-01-24T12:21:01.617Z,beer64925@gmail.com,newsletter,everyone,true
155611590,2025-01-24T12:21:01.787Z,ptdaris@uol.com.br,newsletter,everyone,true
155611590,2025-01-24T12:21:01.829Z,harrisbrian321@gmail.com,newsletter,everyone,true
155611590,2025-01-24T12:21:02.051Z,briana.j.carroll@gmail.com,newsletter,everyone,true
155611590,2025-01-24T12:21:02.134Z,Twadley@gmail.com,newsletter,everyone,true
155611590,2025-01-24T12:21:02.273Z,rwlbmitchell@gmail.com,newsletter,everyone,true
155611590,2025-01-24T12:21:02.449Z,theory.nifty438@passinbox.com,newsletter,everyone,true
155611590,2025-01-24T12:21:02.604Z,borealspain@yahoo.co.uk,newsletter,everyone,true
155611590,2025-01-24T12:21:04.218Z,dennis@burns.org,newsletter,everyone,true
155611590,2025-01-24T12:21:06.515Z,skyjensen@icloud.com,newsletter,everyone,true
