post_id,timestamp,email,post_type,post_audience,active_subscription
155613917,2025-01-24T13:13:35.387Z,zach.bartell.writer@gmail.com,newsletter,everyone,true
155613917,2025-01-24T13:13:35.426Z,kadirgemici066@gmail.com,newsletter,everyone,true
155613917,2025-01-24T13:13:35.445Z,kalakaldruzuzu@gmail.com,newsletter,everyone,true
155613917,2025-01-24T13:13:35.448Z,djcart137@gmail.com,newsletter,everyone,true
155613917,2025-01-24T13:13:35.485Z,mrnononsense02@gmail.com,newsletter,everyone,true
155613917,2025-01-24T13:13:35.499Z,beer64925@gmail.com,newsletter,everyone,true
155613917,2025-01-24T13:13:35.512Z,lennoxgravox@gmail.com,newsletter,everyone,true
155613917,2025-01-24T13:13:35.520Z,evangelinepressblog@gmail.com,newsletter,everyone,true
155613917,2025-01-24T13:13:35.534Z,nathanhaile11@gmail.com,newsletter,everyone,true
155613917,2025-01-24T13:13:35.570Z,gdg2018mm5@gmail.com,newsletter,everyone,true
155613917,2025-01-24T13:13:35.706Z,justinaugustwellington@gmail.com,newsletter,everyone,true
155613917,2025-01-24T13:13:35.878Z,raynottwoodbead@gmail.com,newsletter,everyone,true
155613917,2025-01-24T13:13:35.882Z,beansocolofsky@gmail.com,newsletter,everyone,true
155613917,2025-01-24T13:13:35.890Z,harrisbrian321@gmail.com,newsletter,everyone,true
155613917,2025-01-24T13:13:35.919Z,joliefleur3435@gmail.com,newsletter,everyone,true
155613917,2025-01-24T13:13:35.966Z,mileswilsondc@gmail.com,newsletter,everyone,true
155613917,2025-01-24T13:13:36.007Z,semakpa@gmail.com,newsletter,everyone,true
155613917,2025-01-24T13:13:36.049Z,3d0f86f2-e17f-4f2a-8ca5-154e98f6d68a@deletion-request.substack.com,newsletter,everyone,true
155613917,2025-01-24T13:13:36.078Z,bky074a@gmail.com,newsletter,everyone,true
155613917,2025-01-24T13:13:36.125Z,Experimentalunit317@gmail.com,newsletter,everyone,false
155613917,2025-01-24T13:13:36.139Z,adooleycox@gmail.com,newsletter,everyone,true
155613917,2025-01-24T13:13:36.361Z,dwightlyman@gmail.com,newsletter,everyone,true
155613917,2025-01-24T13:13:36.412Z,rimbsweiler@yahoo.com,newsletter,everyone,false
155613917,2025-01-24T13:13:36.455Z,ozs2@cornell.edu,newsletter,everyone,true
155613917,2025-01-24T13:13:37.912Z,briana.j.carroll@gmail.com,newsletter,everyone,true
155613917,2025-01-24T13:13:37.929Z,rimbsweiler@gmail.com,newsletter,everyone,true
155613917,2025-01-24T13:13:37.952Z,Twadley@gmail.com,newsletter,everyone,true
155613917,2025-01-24T13:13:37.955Z,itzhak.samara@gmail.com,newsletter,everyone,true
155613917,2025-01-24T13:13:37.990Z,shien.getsuto@gmail.com,newsletter,everyone,true
155613917,2025-01-24T13:13:38.067Z,jasontrew@gmail.com,newsletter,everyone,true
155613917,2025-01-24T13:13:38.077Z,rwlbmitchell@gmail.com,newsletter,everyone,true
155613917,2025-01-24T13:13:38.099Z,apollohlynch@gmail.com,newsletter,everyone,true
155613917,2025-01-24T13:13:38.124Z,calebgrasse@gmail.com,newsletter,everyone,true
155613917,2025-01-24T13:13:38.156Z,ianwilmoth@gmail.com,newsletter,everyone,true
155613917,2025-01-24T13:13:38.164Z,growlyted@gmail.com,newsletter,everyone,true
155613917,2025-01-24T13:13:38.524Z,zutorilla@gmail.com,newsletter,everyone,true
155613917,2025-01-24T13:13:38.661Z,alminivdmerwe@gmail.com,newsletter,everyone,true
155613917,2025-01-24T13:13:38.978Z,borealspain@yahoo.co.uk,newsletter,everyone,true
155613917,2025-01-24T13:13:38.981Z,theory.nifty438@passinbox.com,newsletter,everyone,true
155613917,2025-01-24T13:13:39.505Z,ahershmc@aol.com,newsletter,everyone,true
155613917,2025-01-24T13:13:40.759Z,dennis@burns.org,newsletter,everyone,true
155613917,2025-01-24T13:13:44.165Z,skyjensen@icloud.com,newsletter,everyone,true
155613917,2025-01-24T13:23:38.267Z,ptdaris@uol.com.br,newsletter,everyone,true
