post_id,timestamp,email,post_type,post_audience,active_subscription
155614393,2025-01-24T13:16:16.154Z,Experimentalunit317@gmail.com,newsletter,everyone,false
155614393,2025-01-24T13:16:17.380Z,dwightlyman@gmail.com,newsletter,everyone,true
155614393,2025-01-24T13:16:17.405Z,beansocolofsky@gmail.com,newsletter,everyone,true
155614393,2025-01-24T13:16:17.587Z,kadirgemici066@gmail.com,newsletter,everyone,true
155614393,2025-01-24T13:16:17.591Z,justinaugustwellington@gmail.com,newsletter,everyone,true
155614393,2025-01-24T13:16:17.632Z,lennoxgravox@gmail.com,newsletter,everyone,true
155614393,2025-01-24T13:16:17.686Z,gdg2018mm5@gmail.com,newsletter,everyone,true
155614393,2025-01-24T13:16:17.733Z,mrnononsense02@gmail.com,newsletter,everyone,true
155614393,2025-01-24T13:16:17.743Z,joliefleur3435@gmail.com,newsletter,everyone,true
155614393,2025-01-24T13:16:17.754Z,nathanhaile11@gmail.com,newsletter,everyone,true
155614393,2025-01-24T13:16:17.786Z,bky074a@gmail.com,newsletter,everyone,true
155614393,2025-01-24T13:16:17.803Z,evangelinepressblog@gmail.com,newsletter,everyone,true
155614393,2025-01-24T13:16:17.831Z,mileswilsondc@gmail.com,newsletter,everyone,true
155614393,2025-01-24T13:16:17.834Z,harrisbrian321@gmail.com,newsletter,everyone,true
155614393,2025-01-24T13:16:17.884Z,semakpa@gmail.com,newsletter,everyone,true
155614393,2025-01-24T13:16:17.899Z,rimbsweiler@yahoo.com,newsletter,everyone,false
155614393,2025-01-24T13:16:18.357Z,briana.j.carroll@gmail.com,newsletter,everyone,true
155614393,2025-01-24T13:16:18.375Z,rimbsweiler@gmail.com,newsletter,everyone,true
155614393,2025-01-24T13:16:18.455Z,Twadley@gmail.com,newsletter,everyone,true
155614393,2025-01-24T13:16:18.457Z,ianwilmoth@gmail.com,newsletter,everyone,true
155614393,2025-01-24T13:16:18.504Z,apollohlynch@gmail.com,newsletter,everyone,true
155614393,2025-01-24T13:16:18.526Z,itzhak.samara@gmail.com,newsletter,everyone,true
155614393,2025-01-24T13:16:18.554Z,alminivdmerwe@gmail.com,newsletter,everyone,true
155614393,2025-01-24T13:16:18.567Z,jasontrew@gmail.com,newsletter,everyone,true
155614393,2025-01-24T13:16:18.568Z,growlyted@gmail.com,newsletter,everyone,true
155614393,2025-01-24T13:16:18.585Z,calebgrasse@gmail.com,newsletter,everyone,true
155614393,2025-01-24T13:16:18.695Z,shien.getsuto@gmail.com,newsletter,everyone,true
155614393,2025-01-24T13:16:18.793Z,zutorilla@gmail.com,newsletter,everyone,true
155614393,2025-01-24T13:16:18.870Z,zach.bartell.writer@gmail.com,newsletter,everyone,true
155614393,2025-01-24T13:16:18.878Z,rwlbmitchell@gmail.com,newsletter,everyone,true
155614393,2025-01-24T13:16:18.888Z,ahershmc@aol.com,newsletter,everyone,true
155614393,2025-01-24T13:16:18.911Z,raynottwoodbead@gmail.com,newsletter,everyone,true
155614393,2025-01-24T13:16:18.917Z,3d0f86f2-e17f-4f2a-8ca5-154e98f6d68a@deletion-request.substack.com,newsletter,everyone,true
155614393,2025-01-24T13:16:18.994Z,ozs2@cornell.edu,newsletter,everyone,true
155614393,2025-01-24T13:16:19.123Z,kalakaldruzuzu@gmail.com,newsletter,everyone,true
155614393,2025-01-24T13:16:19.315Z,adooleycox@gmail.com,newsletter,everyone,true
155614393,2025-01-24T13:16:19.446Z,beer64925@gmail.com,newsletter,everyone,true
155614393,2025-01-24T13:16:19.450Z,djcart137@gmail.com,newsletter,everyone,true
155614393,2025-01-24T13:16:19.557Z,borealspain@yahoo.co.uk,newsletter,everyone,true
155614393,2025-01-24T13:16:20.395Z,theory.nifty438@passinbox.com,newsletter,everyone,true
155614393,2025-01-24T13:16:22.660Z,dennis@burns.org,newsletter,everyone,true
155614393,2025-01-24T13:16:22.895Z,skyjensen@icloud.com,newsletter,everyone,true
155614393,2025-01-24T13:26:19.084Z,ptdaris@uol.com.br,newsletter,everyone,true
