post_id,timestamp,email,post_type,post_audience,active_subscription,country,city,region,device_type,client_os,client_type,user_agent
155614076,2025-01-24T13:19:27.380Z,ozs2@cornell.edu,newsletter,everyone,true,US,,,,,,Mozilla/5.0 (Windows NT 5.1; rv:11.0) Gecko Firefox/11.0 (via ggpht.com GoogleImageProxy)
155614076,2025-01-24T13:26:32.005Z,jasontrew@gmail.com,newsletter,everyone,true,US,,,,,,Mozilla/5.0
155614076,2025-01-24T13:56:35.855Z,borealspain@yahoo.co.uk,newsletter,everyone,true,US,,,,,,Mozilla/5.0
155614076,2025-01-24T14:26:08.918Z,harrisbrian321@gmail.com,newsletter,everyone,true,US,,,,,,Mozilla/5.0 (Windows NT 5.1; rv:11.0) Gecko Firefox/11.0 (via ggpht.com GoogleImageProxy)
155614076,2025-01-24T15:11:32.475Z,mileswilsondc@gmail.com,newsletter,everyone,true,US,,,,,,Mozilla/5.0
155614076,2025-01-24T15:11:40.877Z,harrisbrian321@gmail.com,newsletter,everyone,true,CA,,,,,,Mozilla/5.0
155614076,2025-01-24T16:56:03.751Z,rimbsweiler@yahoo.com,newsletter,everyone,false,US,,,,,,Mozilla/5.0
155614076,2025-01-24T17:45:19.506Z,Experimentalunit317@gmail.com,newsletter,everyone,false,US,,,,,,Mozilla/5.0 (Windows NT 5.1; rv:11.0) Gecko Firefox/11.0 (via ggpht.com GoogleImageProxy)
155614076,2025-01-24T18:15:22.915Z,nathanhaile11@gmail.com,newsletter,everyone,true,US,,,,,,Mozilla/5.0
155614076,2025-01-24T18:35:56.258Z,bky074a@gmail.com,newsletter,everyone,true,US,,,,,,Mozilla/5.0 (Windows NT 5.1; rv:11.0) Gecko Firefox/11.0 (via ggpht.com GoogleImageProxy)
155614076,2025-01-24T19:29:36.871Z,ianwilmoth@gmail.com,newsletter,everyone,true,US,,,,,,Mozilla/5.0
155614076,2025-01-24T19:32:00.695Z,joliefleur3435@gmail.com,newsletter,everyone,true,GB,,,,,,Mozilla/5.0
155614076,2025-01-24T20:30:38.836Z,nathanhaile11@gmail.com,newsletter,everyone,true,US,,,,,,Mozilla/5.0 (Windows NT 5.1; rv:11.0) Gecko Firefox/11.0 (via ggpht.com GoogleImageProxy)
155614076,2025-01-24T21:51:17.655Z,skyjensen@icloud.com,newsletter,everyone,true,US,,,,,,Mozilla/5.0
155614076,2025-01-25T04:38:16.950Z,skyjensen@icloud.com,newsletter,everyone,true,US,,,,,,Mozilla/5.0
155614076,2025-01-25T10:08:15.416Z,alminivdmerwe@gmail.com,newsletter,everyone,true,LI,,,,,,Mozilla/5.0
155614076,2025-01-25T17:27:16.857Z,apollohlynch@gmail.com,newsletter,everyone,true,US,,,,,,Mozilla/5.0 (Windows NT 5.1; rv:11.0) Gecko Firefox/11.0 (via ggpht.com GoogleImageProxy)
155614076,2025-01-25T20:41:06.355Z,alminivdmerwe@gmail.com,newsletter,everyone,true,LI,,,,,,Mozilla/5.0
155614076,2025-01-26T04:21:14.469Z,zach.bartell.writer@gmail.com,newsletter,everyone,true,US,,,,,,Mozilla/5.0
155614076,2025-01-26T07:59:15.323Z,apollohlynch@gmail.com,newsletter,everyone,true,US,,,,,,Mozilla/5.0
155614076,2025-01-26T16:13:50.453Z,skyjensen@icloud.com,newsletter,everyone,true,US,,,,,,Mozilla/5.0
155614076,2025-02-01T22:24:26.129Z,dwightlyman@gmail.com,newsletter,everyone,true,US,,,,,,Mozilla/5.0
155614076,2025-02-06T21:41:11.613Z,ianwilmoth@gmail.com,newsletter,everyone,true,US,,,,,,Mozilla/5.0
