post_id,timestamp,email,post_type,post_audience,active_subscription
155614076,2025-01-24T13:15:03.940Z,zach.bartell.writer@gmail.com,newsletter,everyone,true
155614076,2025-01-24T13:15:03.941Z,3d0f86f2-e17f-4f2a-8ca5-154e98f6d68a@deletion-request.substack.com,newsletter,everyone,true
155614076,2025-01-24T13:15:03.993Z,beer64925@gmail.com,newsletter,everyone,true
155614076,2025-01-24T13:15:04.029Z,raynottwoodbead@gmail.com,newsletter,everyone,true
155614076,2025-01-24T13:15:04.054Z,Experimentalunit317@gmail.com,newsletter,everyone,false
155614076,2025-01-24T13:15:04.060Z,djcart137@gmail.com,newsletter,everyone,true
155614076,2025-01-24T13:15:04.185Z,kalakaldruzuzu@gmail.com,newsletter,everyone,true
155614076,2025-01-24T13:15:04.263Z,bky074a@gmail.com,newsletter,everyone,true
155614076,2025-01-24T13:15:04.292Z,harrisbrian321@gmail.com,newsletter,everyone,true
155614076,2025-01-24T13:15:04.312Z,mileswilsondc@gmail.com,newsletter,everyone,true
155614076,2025-01-24T13:15:04.346Z,beansocolofsky@gmail.com,newsletter,everyone,true
155614076,2025-01-24T13:15:04.418Z,semakpa@gmail.com,newsletter,everyone,true
155614076,2025-01-24T13:15:04.710Z,adooleycox@gmail.com,newsletter,everyone,true
155614076,2025-01-24T13:15:04.736Z,dwightlyman@gmail.com,newsletter,everyone,true
155614076,2025-01-24T13:15:04.968Z,rimbsweiler@yahoo.com,newsletter,everyone,false
155614076,2025-01-24T13:15:05.253Z,gdg2018mm5@gmail.com,newsletter,everyone,true
155614076,2025-01-24T13:15:05.258Z,evangelinepressblog@gmail.com,newsletter,everyone,true
155614076,2025-01-24T13:15:05.293Z,mrnononsense02@gmail.com,newsletter,everyone,true
155614076,2025-01-24T13:15:05.311Z,briana.j.carroll@gmail.com,newsletter,everyone,true
155614076,2025-01-24T13:15:05.318Z,kadirgemici066@gmail.com,newsletter,everyone,true
155614076,2025-01-24T13:15:05.400Z,rimbsweiler@gmail.com,newsletter,everyone,true
155614076,2025-01-24T13:15:05.418Z,ozs2@cornell.edu,newsletter,everyone,true
155614076,2025-01-24T13:15:05.446Z,ianwilmoth@gmail.com,newsletter,everyone,true
155614076,2025-01-24T13:15:05.496Z,Twadley@gmail.com,newsletter,everyone,true
155614076,2025-01-24T13:15:05.498Z,lennoxgravox@gmail.com,newsletter,everyone,true
155614076,2025-01-24T13:15:05.499Z,jasontrew@gmail.com,newsletter,everyone,true
155614076,2025-01-24T13:15:05.510Z,itzhak.samara@gmail.com,newsletter,everyone,true
155614076,2025-01-24T13:15:05.514Z,growlyted@gmail.com,newsletter,everyone,true
155614076,2025-01-24T13:15:05.552Z,apollohlynch@gmail.com,newsletter,everyone,true
155614076,2025-01-24T13:15:05.570Z,calebgrasse@gmail.com,newsletter,everyone,true
155614076,2025-01-24T13:15:05.635Z,alminivdmerwe@gmail.com,newsletter,everyone,true
155614076,2025-01-24T13:15:05.644Z,rwlbmitchell@gmail.com,newsletter,everyone,true
155614076,2025-01-24T13:15:05.668Z,shien.getsuto@gmail.com,newsletter,everyone,true
155614076,2025-01-24T13:15:05.728Z,nathanhaile11@gmail.com,newsletter,everyone,true
155614076,2025-01-24T13:15:05.811Z,ahershmc@aol.com,newsletter,everyone,true
155614076,2025-01-24T13:15:05.900Z,justinaugustwellington@gmail.com,newsletter,everyone,true
155614076,2025-01-24T13:15:05.900Z,joliefleur3435@gmail.com,newsletter,everyone,true
155614076,2025-01-24T13:15:06.043Z,zutorilla@gmail.com,newsletter,everyone,true
155614076,2025-01-24T13:15:06.250Z,borealspain@yahoo.co.uk,newsletter,everyone,true
155614076,2025-01-24T13:15:06.909Z,ptdaris@uol.com.br,newsletter,everyone,true
155614076,2025-01-24T13:15:07.368Z,theory.nifty438@passinbox.com,newsletter,everyone,true
155614076,2025-01-24T13:15:09.772Z,dennis@burns.org,newsletter,everyone,true
155614076,2025-01-24T13:15:11.791Z,skyjensen@icloud.com,newsletter,everyone,true
