post_id,timestamp,email,post_type,post_audience,active_subscription,country,city,region,device_type,client_os,client_type,user_agent
155613917,2025-01-24T13:56:35.854Z,borealspain@yahoo.co.uk,newsletter,everyone,true,US,,,,,,Mozilla/5.0
155613917,2025-01-24T14:26:09.320Z,harrisbrian321@gmail.com,newsletter,everyone,true,US,,,,,,Mozilla/5.0 (Windows NT 5.1; rv:11.0) Gecko Firefox/11.0 (via ggpht.com GoogleImageProxy)
155613917,2025-01-24T15:11:32.475Z,mileswilsondc@gmail.com,newsletter,everyone,true,US,,,,,,Mozilla/5.0
155613917,2025-01-24T15:11:40.878Z,harrisbrian321@gmail.com,newsletter,everyone,true,CA,,,,,,Mozilla/5.0
155613917,2025-01-24T15:20:44.915Z,jasontrew@gmail.com,newsletter,everyone,true,US,,,,,,Mozilla/5.0
155613917,2025-01-24T16:46:03.337Z,dennis@burns.org,newsletter,everyone,true,US,,,,,,"Mozilla/5.0 (Linux; Android 14; moto g 5G - 2023 Build/U1TPNS34.26-78-3-11; wv) AppleWebKit/537.36 (KHTML, like Gecko) Version/4.0 Chrome/131.0.6778.260 Mobile Safari/537.36"
155613917,2025-01-24T16:56:03.751Z,rimbsweiler@yahoo.com,newsletter,everyone,false,US,,,,,,Mozilla/5.0
155613917,2025-01-24T17:45:19.376Z,Experimentalunit317@gmail.com,newsletter,everyone,false,US,,,,,,Mozilla/5.0 (Windows NT 5.1; rv:11.0) Gecko Firefox/11.0 (via ggpht.com GoogleImageProxy)
155613917,2025-01-24T18:15:22.915Z,nathanhaile11@gmail.com,newsletter,everyone,true,US,,,,,,Mozilla/5.0
155613917,2025-01-24T19:29:36.874Z,ianwilmoth@gmail.com,newsletter,everyone,true,US,,,,,,Mozilla/5.0
155613917,2025-01-24T19:32:00.692Z,joliefleur3435@gmail.com,newsletter,everyone,true,GB,,,,,,Mozilla/5.0
155613917,2025-01-24T20:30:38.748Z,nathanhaile11@gmail.com,newsletter,everyone,true,US,,,,,,Mozilla/5.0 (Windows NT 5.1; rv:11.0) Gecko Firefox/11.0 (via ggpht.com GoogleImageProxy)
155613917,2025-01-24T21:51:17.796Z,skyjensen@icloud.com,newsletter,everyone,true,US,,,,,,Mozilla/5.0
155613917,2025-01-25T04:38:16.950Z,skyjensen@icloud.com,newsletter,everyone,true,US,,,,,,Mozilla/5.0
155613917,2025-01-25T10:08:15.416Z,alminivdmerwe@gmail.com,newsletter,everyone,true,LI,,,,,,Mozilla/5.0
155613917,2025-01-25T20:41:06.355Z,alminivdmerwe@gmail.com,newsletter,everyone,true,LI,,,,,,Mozilla/5.0
155613917,2025-01-26T04:21:14.469Z,zach.bartell.writer@gmail.com,newsletter,everyone,true,US,,,,,,Mozilla/5.0
155613917,2025-01-26T07:59:15.321Z,apollohlynch@gmail.com,newsletter,everyone,true,US,,,,,,Mozilla/5.0
155613917,2025-01-26T16:13:50.452Z,skyjensen@icloud.com,newsletter,everyone,true,US,,,,,,Mozilla/5.0
155613917,2025-02-01T22:24:26.129Z,dwightlyman@gmail.com,newsletter,everyone,true,US,,,,,,Mozilla/5.0
155613917,2025-02-06T21:41:11.614Z,ianwilmoth@gmail.com,newsletter,everyone,true,US,,,,,,Mozilla/5.0
