post_id,timestamp,email,post_type,post_audience,active_subscription,country,city,region,device_type,client_os,client_type,user_agent
155611590,2025-01-24T12:22:04.088Z,ptdaris@uol.com.br,newsletter,everyone,true,BR,,,,,,Mozilla/4.0 (compatible; ms-office; MSOffice 16)
155611590,2025-01-24T12:23:39.605Z,growlyted@gmail.com,newsletter,everyone,true,US,,,,,,Mozilla/5.0 (Windows NT 5.1; rv:11.0) Gecko Firefox/11.0 (via ggpht.com GoogleImageProxy)
155611590,2025-01-24T13:56:35.853Z,borealspain@yahoo.co.uk,newsletter,everyone,true,US,,,,,,Mozilla/5.0
155611590,2025-01-24T14:33:06.925Z,mileswilsondc@gmail.com,newsletter,everyone,true,US,,,,,,Mozilla/5.0
155611590,2025-01-24T14:44:39.049Z,nathanhaile11@gmail.com,newsletter,everyone,true,US,,,,,,Mozilla/5.0 (Windows NT 5.1; rv:11.0) Gecko Firefox/11.0 (via ggpht.com GoogleImageProxy)
155611590,2025-01-24T15:11:40.877Z,harrisbrian321@gmail.com,newsletter,everyone,true,CA,,,,,,Mozilla/5.0
155611590,2025-01-24T15:20:44.914Z,jasontrew@gmail.com,newsletter,everyone,true,US,,,,,,Mozilla/5.0
155611590,2025-01-24T17:45:21.488Z,Experimentalunit317@gmail.com,newsletter,everyone,false,US,,,,,,Mozilla/5.0 (Windows NT 5.1; rv:11.0) Gecko Firefox/11.0 (via ggpht.com GoogleImageProxy)
155611590,2025-01-24T18:05:06.251Z,zach.bartell.writer@gmail.com,newsletter,everyone,true,US,,,,,,Mozilla/5.0
155611590,2025-01-24T18:14:23.971Z,harrisbrian321@gmail.com,newsletter,everyone,true,US,,,,,,Mozilla/5.0 (Windows NT 5.1; rv:11.0) Gecko Firefox/11.0 (via ggpht.com GoogleImageProxy)
155611590,2025-01-24T18:15:22.913Z,nathanhaile11@gmail.com,newsletter,everyone,true,US,,,,,,Mozilla/5.0
155611590,2025-01-24T18:36:38.656Z,skyjensen@icloud.com,newsletter,everyone,true,US,,,,,,Mozilla/5.0
155611590,2025-01-24T19:29:36.870Z,ianwilmoth@gmail.com,newsletter,everyone,true,US,,,,,,Mozilla/5.0
155611590,2025-01-24T19:32:00.690Z,joliefleur3435@gmail.com,newsletter,everyone,true,GB,,,,,,Mozilla/5.0
155611590,2025-01-24T21:51:18.079Z,skyjensen@icloud.com,newsletter,everyone,true,US,,,,,,Mozilla/5.0
155611590,2025-01-25T01:13:52.606Z,rimbsweiler@yahoo.com,newsletter,everyone,false,US,,,,,,Mozilla/5.0
155611590,2025-01-25T10:08:15.415Z,alminivdmerwe@gmail.com,newsletter,everyone,true,LI,,,,,,Mozilla/5.0
155611590,2025-01-25T20:41:06.353Z,alminivdmerwe@gmail.com,newsletter,everyone,true,LI,,,,,,Mozilla/5.0
155611590,2025-01-26T07:59:15.322Z,apollohlynch@gmail.com,newsletter,everyone,true,US,,,,,,Mozilla/5.0
155611590,2025-01-26T16:13:50.451Z,skyjensen@icloud.com,newsletter,everyone,true,US,,,,,,Mozilla/5.0
155611590,2025-01-30T15:08:17.068Z,rwlbmitchell@gmail.com,newsletter,everyone,true,US,,,,,,Mozilla/5.0 (Windows NT 5.1; rv:11.0) Gecko Firefox/11.0 (via ggpht.com GoogleImageProxy)
155611590,2025-02-01T22:24:26.130Z,dwightlyman@gmail.com,newsletter,everyone,true,US,,,,,,Mozilla/5.0
155611590,2025-02-06T21:41:11.614Z,ianwilmoth@gmail.com,newsletter,everyone,true,US,,,,,,Mozilla/5.0
