post_id,timestamp,email,post_type,post_audience,active_subscription
155614554,2025-01-24T13:19:23.171Z,Experimentalunit317@gmail.com,newsletter,everyone,false
155614554,2025-01-24T13:19:24.142Z,beansocolofsky@gmail.com,newsletter,everyone,true
155614554,2025-01-24T13:19:24.326Z,mileswilsondc@gmail.com,newsletter,everyone,true
155614554,2025-01-24T13:19:24.373Z,mrnononsense02@gmail.com,newsletter,everyone,true
155614554,2025-01-24T13:19:24.379Z,harrisbrian321@gmail.com,newsletter,everyone,true
155614554,2025-01-24T13:19:24.409Z,kadirgemici066@gmail.com,newsletter,everyone,true
155614554,2025-01-24T13:19:24.441Z,gdg2018mm5@gmail.com,newsletter,everyone,true
155614554,2025-01-24T13:19:24.444Z,bky074a@gmail.com,newsletter,everyone,true
155614554,2025-01-24T13:19:24.495Z,semakpa@gmail.com,newsletter,everyone,true
155614554,2025-01-24T13:19:24.504Z,raynottwoodbead@gmail.com,newsletter,everyone,true
155614554,2025-01-24T13:19:24.507Z,kalakaldruzuzu@gmail.com,newsletter,everyone,true
155614554,2025-01-24T13:19:24.514Z,nathanhaile11@gmail.com,newsletter,everyone,true
155614554,2025-01-24T13:19:24.518Z,rimbsweiler@yahoo.com,newsletter,everyone,false
155614554,2025-01-24T13:19:24.540Z,justinaugustwellington@gmail.com,newsletter,everyone,true
155614554,2025-01-24T13:19:24.543Z,3d0f86f2-e17f-4f2a-8ca5-154e98f6d68a@deletion-request.substack.com,newsletter,everyone,true
155614554,2025-01-24T13:19:24.563Z,zach.bartell.writer@gmail.com,newsletter,everyone,true
155614554,2025-01-24T13:19:24.593Z,evangelinepressblog@gmail.com,newsletter,everyone,true
155614554,2025-01-24T13:19:24.609Z,beer64925@gmail.com,newsletter,everyone,true
155614554,2025-01-24T13:19:24.649Z,dwightlyman@gmail.com,newsletter,everyone,true
155614554,2025-01-24T13:19:24.712Z,adooleycox@gmail.com,newsletter,everyone,true
155614554,2025-01-24T13:19:24.781Z,lennoxgravox@gmail.com,newsletter,everyone,true
155614554,2025-01-24T13:19:24.901Z,joliefleur3435@gmail.com,newsletter,everyone,true
155614554,2025-01-24T13:19:24.909Z,djcart137@gmail.com,newsletter,everyone,true
155614554,2025-01-24T13:19:24.991Z,ozs2@cornell.edu,newsletter,everyone,true
155614554,2025-01-24T13:19:25.223Z,rimbsweiler@gmail.com,newsletter,everyone,true
155614554,2025-01-24T13:19:25.225Z,Twadley@gmail.com,newsletter,everyone,true
155614554,2025-01-24T13:19:25.230Z,itzhak.samara@gmail.com,newsletter,everyone,true
155614554,2025-01-24T13:19:25.262Z,ianwilmoth@gmail.com,newsletter,everyone,true
155614554,2025-01-24T13:19:25.306Z,briana.j.carroll@gmail.com,newsletter,everyone,true
155614554,2025-01-24T13:19:25.350Z,shien.getsuto@gmail.com,newsletter,everyone,true
155614554,2025-01-24T13:19:25.357Z,alminivdmerwe@gmail.com,newsletter,everyone,true
155614554,2025-01-24T13:19:25.394Z,calebgrasse@gmail.com,newsletter,everyone,true
155614554,2025-01-24T13:19:25.395Z,growlyted@gmail.com,newsletter,everyone,true
155614554,2025-01-24T13:19:25.532Z,apollohlynch@gmail.com,newsletter,everyone,true
155614554,2025-01-24T13:19:25.739Z,zutorilla@gmail.com,newsletter,everyone,true
155614554,2025-01-24T13:19:25.787Z,rwlbmitchell@gmail.com,newsletter,everyone,true
155614554,2025-01-24T13:19:25.943Z,ahershmc@aol.com,newsletter,everyone,true
155614554,2025-01-24T13:19:26.265Z,theory.nifty438@passinbox.com,newsletter,everyone,true
155614554,2025-01-24T13:19:26.279Z,borealspain@yahoo.co.uk,newsletter,everyone,true
155614554,2025-01-24T13:19:26.402Z,jasontrew@gmail.com,newsletter,everyone,true
155614554,2025-01-24T13:19:26.601Z,ptdaris@uol.com.br,newsletter,everyone,true
155614554,2025-01-24T13:19:29.605Z,dennis@burns.org,newsletter,everyone,true
155614554,2025-01-24T13:19:30.080Z,skyjensen@icloud.com,newsletter,everyone,true
