post_id,timestamp,email,post_type,post_audience,active_subscription
155705999,2025-01-25T19:13:42.355Z,Experimentalunit317@gmail.com,newsletter,everyone,false
155705999,2025-01-25T19:13:43.100Z,beansocolofsky@gmail.com,newsletter,everyone,true
155705999,2025-01-25T19:13:43.642Z,dwightlyman@gmail.com,newsletter,everyone,true
155705999,2025-01-25T19:13:43.949Z,zach.bartell.writer@gmail.com,newsletter,everyone,true
155705999,2025-01-25T19:13:44.011Z,mileswilsondc@gmail.com,newsletter,everyone,true
155705999,2025-01-25T19:13:44.077Z,raynottwoodbead@gmail.com,newsletter,everyone,true
155705999,2025-01-25T19:13:44.135Z,semakpa@gmail.com,newsletter,everyone,true
155705999,2025-01-25T19:13:44.177Z,kalakaldruzuzu@gmail.com,newsletter,everyone,true
155705999,2025-01-25T19:13:44.204Z,djcart137@gmail.com,newsletter,everyone,true
155705999,2025-01-25T19:13:44.387Z,alminivdmerwe@gmail.com,newsletter,everyone,true
155705999,2025-01-25T19:13:44.399Z,harrisbrian321@gmail.com,newsletter,everyone,true
155705999,2025-01-25T19:13:44.401Z,rwlbmitchell@gmail.com,newsletter,everyone,true
155705999,2025-01-25T19:13:44.405Z,beer64925@gmail.com,newsletter,everyone,true
155705999,2025-01-25T19:13:44.433Z,Twadley@gmail.com,newsletter,everyone,true
155705999,2025-01-25T19:13:44.443Z,shien.getsuto@gmail.com,newsletter,everyone,true
155705999,2025-01-25T19:13:44.464Z,briana.j.carroll@gmail.com,newsletter,everyone,true
155705999,2025-01-25T19:13:44.493Z,growlyted@gmail.com,newsletter,everyone,true
155705999,2025-01-25T19:13:44.517Z,3d0f86f2-e17f-4f2a-8ca5-154e98f6d68a@deletion-request.substack.com,newsletter,everyone,true
155705999,2025-01-25T19:13:44.523Z,apollohlynch@gmail.com,newsletter,everyone,true
155705999,2025-01-25T19:13:44.536Z,bky074a@gmail.com,newsletter,everyone,true
155705999,2025-01-25T19:13:44.541Z,rimbsweiler@gmail.com,newsletter,everyone,true
155705999,2025-01-25T19:13:44.565Z,rimbsweiler@yahoo.com,newsletter,everyone,false
155705999,2025-01-25T19:13:44.567Z,zutorilla@gmail.com,newsletter,everyone,true
155705999,2025-01-25T19:13:44.917Z,ptdaris@uol.com.br,newsletter,everyone,true
155705999,2025-01-25T19:13:44.997Z,ahershmc@aol.com,newsletter,everyone,true
155705999,2025-01-25T19:13:45.092Z,calebgrasse@gmail.com,newsletter,everyone,true
155705999,2025-01-25T19:13:45.130Z,ianwilmoth@gmail.com,newsletter,everyone,true
155705999,2025-01-25T19:13:45.163Z,gdg2018mm5@gmail.com,newsletter,everyone,true
155705999,2025-01-25T19:13:45.201Z,nathanhaile11@gmail.com,newsletter,everyone,true
155705999,2025-01-25T19:13:45.204Z,evangelinepressblog@gmail.com,newsletter,everyone,true
155705999,2025-01-25T19:13:45.321Z,joliefleur3435@gmail.com,newsletter,everyone,true
155705999,2025-01-25T19:13:45.430Z,kadirgemici066@gmail.com,newsletter,everyone,true
155705999,2025-01-25T19:13:45.490Z,theory.nifty438@passinbox.com,newsletter,everyone,true
155705999,2025-01-25T19:13:45.555Z,itzhak.samara@gmail.com,newsletter,everyone,true
155705999,2025-01-25T19:13:45.604Z,justinaugustwellington@gmail.com,newsletter,everyone,true
155705999,2025-01-25T19:13:45.757Z,lennoxgravox@gmail.com,newsletter,everyone,true
155705999,2025-01-25T19:13:45.972Z,jasontrew@gmail.com,newsletter,everyone,true
155705999,2025-01-25T19:13:46.046Z,borealspain@yahoo.co.uk,newsletter,everyone,true
155705999,2025-01-25T19:13:46.082Z,mrnononsense02@gmail.com,newsletter,everyone,true
155705999,2025-01-25T19:13:46.368Z,adooleycox@gmail.com,newsletter,everyone,true
155705999,2025-01-25T19:13:47.104Z,dennis@burns.org,newsletter,everyone,true
155705999,2025-01-25T19:13:47.684Z,ozs2@cornell.edu,newsletter,everyone,true
155705999,2025-01-25T19:13:49.642Z,skyjensen@icloud.com,newsletter,everyone,true
