post_id,timestamp,email,post_type,post_audience,active_subscription,country,city,region,device_type,client_os,client_type,user_agent
155705999,2025-01-25T19:52:12.188Z,ianwilmoth@gmail.com,newsletter,everyone,true,US,,,,,,Mozilla/5.0
155705999,2025-01-25T20:06:43.702Z,mileswilsondc@gmail.com,newsletter,everyone,true,US,,,,,,Mozilla/5.0
155705999,2025-01-25T20:07:22.449Z,dwightlyman@gmail.com,newsletter,everyone,true,US,,,,,,Mozilla/5.0
155705999,2025-01-25T20:11:02.037Z,lennoxgravox@gmail.com,newsletter,everyone,true,US,,,,,,Mozilla/5.0 (Windows NT 5.1; rv:11.0) Gecko Firefox/11.0 (via ggpht.com GoogleImageProxy)
155705999,2025-01-25T20:41:01.426Z,harrisbrian321@gmail.com,newsletter,everyone,true,CA,,,,,,Mozilla/5.0
155705999,2025-01-25T20:43:07.062Z,ozs2@cornell.edu,newsletter,everyone,true,US,,,,,,Mozilla/5.0 (Windows NT 5.1; rv:11.0) Gecko Firefox/11.0 (via ggpht.com GoogleImageProxy)
155705999,2025-01-25T20:56:20.201Z,rimbsweiler@yahoo.com,newsletter,everyone,false,US,,,,,,YahooMailProxy; https://help.yahoo.com/kb/yahoo-mail-proxy-SLN28749.html
155705999,2025-01-25T21:39:59.870Z,alminivdmerwe@gmail.com,newsletter,everyone,true,LI,,,,,,Mozilla/5.0
155705999,2025-01-25T22:29:35.336Z,zach.bartell.writer@gmail.com,newsletter,everyone,true,US,,,,,,Mozilla/5.0
155705999,2025-01-25T22:45:44.526Z,dennis@burns.org,newsletter,everyone,true,US,,,,,,Mozilla/4.0 (compatible; ms-office; MSOffice 16)
155705999,2025-01-25T22:45:44.539Z,dennis@burns.org,newsletter,everyone,true,US,,,,,,Mozilla/4.0 (compatible; ms-office; MSOffice 16)
155705999,2025-01-25T23:01:55.871Z,rimbsweiler@yahoo.com,newsletter,everyone,false,US,,,,,,Mozilla/5.0
155705999,2025-01-25T23:19:44.525Z,jasontrew@gmail.com,newsletter,everyone,true,US,,,,,,Mozilla/5.0
155705999,2025-01-25T23:26:39.897Z,nathanhaile11@gmail.com,newsletter,everyone,true,US,,,,,,Mozilla/5.0
155705999,2025-01-26T00:17:08.494Z,Twadley@gmail.com,newsletter,everyone,true,US,,,,,,Mozilla/5.0 (Windows NT 5.1; rv:11.0) Gecko Firefox/11.0 (via ggpht.com GoogleImageProxy)
155705999,2025-01-26T00:59:19.592Z,shien.getsuto@gmail.com,newsletter,everyone,true,US,,,,,,Mozilla/5.0 (Windows NT 5.1; rv:11.0) Gecko Firefox/11.0 (via ggpht.com GoogleImageProxy)
155705999,2025-01-26T02:32:56.094Z,skyjensen@icloud.com,newsletter,everyone,true,US,,,,,,Mozilla/5.0
155705999,2025-01-26T04:53:52.777Z,dwightlyman@gmail.com,newsletter,everyone,true,US,,,,,,Mozilla/5.0
155705999,2025-01-26T05:03:16.619Z,skyjensen@icloud.com,newsletter,everyone,true,US,,,,,,Mozilla/5.0
155705999,2025-01-26T12:08:55.317Z,joliefleur3435@gmail.com,newsletter,everyone,true,GB,,,,,,Mozilla/5.0
155705999,2025-01-26T13:31:15.919Z,alminivdmerwe@gmail.com,newsletter,everyone,true,LI,,,,,,Mozilla/5.0
155705999,2025-01-26T16:38:41.799Z,skyjensen@icloud.com,newsletter,everyone,true,US,,,,,,Mozilla/5.0
155705999,2025-01-26T16:53:12.406Z,borealspain@yahoo.co.uk,newsletter,everyone,true,US,,,,,,Mozilla/5.0
155705999,2025-01-26T21:59:05.564Z,evangelinepressblog@gmail.com,newsletter,everyone,true,US,,,,,,Mozilla/5.0 (Windows NT 5.1; rv:11.0) Gecko Firefox/11.0 (via ggpht.com GoogleImageProxy)
155705999,2025-01-27T14:48:03.457Z,apollohlynch@gmail.com,newsletter,everyone,true,US,,,,,,Mozilla/5.0
155705999,2025-01-30T16:00:02.407Z,briana.j.carroll@gmail.com,newsletter,everyone,true,US,,,,,,Mozilla/5.0 (Windows NT 5.1; rv:11.0) Gecko Firefox/11.0 (via ggpht.com GoogleImageProxy)
155705999,2025-02-01T22:05:36.155Z,dwightlyman@gmail.com,newsletter,everyone,true,US,,,,,,Mozilla/5.0
155705999,2025-02-06T21:41:11.612Z,ianwilmoth@gmail.com,newsletter,everyone,true,US,,,,,,Mozilla/5.0
