post_id,timestamp,email,post_type,post_audience,active_subscription,country,city,region,device_type,client_os,client_type,user_agent
156198263,2025-02-09T16:51:21.486Z,skyjensen@icloud.com,newsletter,everyone,true,US,,,,,,Mozilla/5.0
156198263,2025-02-09T17:11:48.488Z,ianwilmoth@gmail.com,newsletter,everyone,true,US,,,,,,Mozilla/5.0
156198263,2025-02-09T17:26:45.177Z,briana.j.carroll@gmail.com,newsletter,everyone,true,US,,,,,,Mozilla/5.0 (Windows NT 5.1; rv:11.0) Gecko Firefox/11.0 (via ggpht.com GoogleImageProxy)
156198263,2025-02-09T17:37:51.674Z,borealspain@yahoo.co.uk,newsletter,everyone,true,US,,,,,,Mozilla/5.0
156198263,2025-02-09T19:51:57.167Z,alminivdmerwe@gmail.com,newsletter,everyone,true,LI,,,,,,Mozilla/5.0
156198263,2025-02-09T20:52:27.868Z,rwlbmitchell@gmail.com,newsletter,everyone,true,US,,,,,,Mozilla/5.0 (Windows NT 5.1; rv:11.0) Gecko Firefox/11.0 (via ggpht.com GoogleImageProxy)
156198263,2025-02-09T20:54:03.206Z,mileswilsondc@gmail.com,newsletter,everyone,true,US,,,,,,Mozilla/5.0
156198263,2025-02-10T03:58:05.674Z,jasontrew@gmail.com,newsletter,everyone,true,US,,,,,,Mozilla/5.0
156198263,2025-02-10T04:23:29.248Z,zach.bartell.writer@gmail.com,newsletter,everyone,true,US,,,,,,Mozilla/5.0
156198263,2025-02-10T04:53:23.339Z,skyjensen@icloud.com,newsletter,everyone,true,US,,,,,,Mozilla/5.0
156198263,2025-02-10T07:55:49.108Z,alminivdmerwe@gmail.com,newsletter,everyone,true,LI,,,,,,Mozilla/5.0
156198263,2025-02-10T14:29:30.262Z,rimbsweiler@yahoo.com,newsletter,everyone,false,US,,,,,,Mozilla/5.0
156198263,2025-02-10T17:17:54.836Z,apollohlynch@gmail.com,newsletter,everyone,true,US,,,,,,Mozilla/5.0
156198263,2025-02-11T11:50:23.341Z,harrisbrian321@gmail.com,newsletter,everyone,true,CA,,,,,,Mozilla/5.0
156198263,2025-02-26T04:22:30.323Z,nathanhaile11@gmail.com,newsletter,everyone,true,MX,,,,,,Mozilla/5.0
