post_id,timestamp,email,post_type,post_audience,active_subscription
156198263,2025-02-09T16:43:05.515Z,dwightlyman@gmail.com,newsletter,everyone,true
156198263,2025-02-09T16:43:06.095Z,nathanhaile11@gmail.com,newsletter,everyone,true
156198263,2025-02-09T16:43:06.144Z,justinaugustwellington@gmail.com,newsletter,everyone,true
156198263,2025-02-09T16:43:06.216Z,raynottwoodbead@gmail.com,newsletter,everyone,true
156198263,2025-02-09T16:43:06.219Z,kadirgemici066@gmail.com,newsletter,everyone,true
156198263,2025-02-09T16:43:06.300Z,beer64925@gmail.com,newsletter,everyone,true
156198263,2025-02-09T16:43:06.314Z,kalakaldruzuzu@gmail.com,newsletter,everyone,true
156198263,2025-02-09T16:43:06.357Z,zach.bartell.writer@gmail.com,newsletter,everyone,true
156198263,2025-02-09T16:43:06.360Z,evangelinepressblog@gmail.com,newsletter,everyone,true
156198263,2025-02-09T16:43:06.740Z,lennoxgravox@gmail.com,newsletter,everyone,true
156198263,2025-02-09T16:43:06.871Z,mrnononsense02@gmail.com,newsletter,everyone,true
156198263,2025-02-09T16:43:06.893Z,djcart137@gmail.com,newsletter,everyone,true
156198263,2025-02-09T16:43:06.896Z,gdg2018mm5@gmail.com,newsletter,everyone,true
156198263,2025-02-09T16:43:06.917Z,beansocolofsky@gmail.com,newsletter,everyone,true
156198263,2025-02-09T16:43:06.942Z,3d0f86f2-e17f-4f2a-8ca5-154e98f6d68a@deletion-request.substack.com,newsletter,everyone,true
156198263,2025-02-09T16:43:06.997Z,Experimentalunit317@gmail.com,newsletter,everyone,false
156198263,2025-02-09T16:43:07.290Z,shien.getsuto@gmail.com,newsletter,everyone,true
156198263,2025-02-09T16:43:07.325Z,alminivdmerwe@gmail.com,newsletter,everyone,true
156198263,2025-02-09T16:43:07.325Z,calebgrasse@gmail.com,newsletter,everyone,true
156198263,2025-02-09T16:43:07.340Z,harrisbrian321@gmail.com,newsletter,everyone,true
156198263,2025-02-09T16:43:07.343Z,briana.j.carroll@gmail.com,newsletter,everyone,true
156198263,2025-02-09T16:43:07.357Z,apollohlynch@gmail.com,newsletter,everyone,true
156198263,2025-02-09T16:43:07.370Z,rimbsweiler@gmail.com,newsletter,everyone,true
156198263,2025-02-09T16:43:07.395Z,ptdaris@uol.com.br,newsletter,everyone,true
156198263,2025-02-09T16:43:07.445Z,itzhak.samara@gmail.com,newsletter,everyone,true
156198263,2025-02-09T16:43:07.477Z,ianwilmoth@gmail.com,newsletter,everyone,true
156198263,2025-02-09T16:43:07.568Z,growlyted@gmail.com,newsletter,everyone,true
156198263,2025-02-09T16:43:07.653Z,jasontrew@gmail.com,newsletter,everyone,true
156198263,2025-02-09T16:43:07.773Z,virknavkaur@gmail.com,newsletter,everyone,true
156198263,2025-02-09T16:43:07.835Z,adooleycox@gmail.com,newsletter,everyone,true
156198263,2025-02-09T16:43:07.847Z,bky074a@gmail.com,newsletter,everyone,true
156198263,2025-02-09T16:43:07.867Z,Twadley@gmail.com,newsletter,everyone,true
156198263,2025-02-09T16:43:07.951Z,mileswilsondc@gmail.com,newsletter,everyone,true
156198263,2025-02-09T16:43:08.005Z,semakpa@gmail.com,newsletter,everyone,true
156198263,2025-02-09T16:43:08.024Z,ahershmc@aol.com,newsletter,everyone,true
156198263,2025-02-09T16:43:08.034Z,zutorilla@gmail.com,newsletter,everyone,true
156198263,2025-02-09T16:43:08.101Z,rwlbmitchell@gmail.com,newsletter,everyone,true
156198263,2025-02-09T16:43:08.299Z,theory.nifty438@passinbox.com,newsletter,everyone,true
156198263,2025-02-09T16:43:08.537Z,ozs2@cornell.edu,newsletter,everyone,true
156198263,2025-02-09T16:43:09.068Z,borealspain@yahoo.co.uk,newsletter,everyone,true
156198263,2025-02-09T16:43:09.312Z,rimbsweiler@yahoo.com,newsletter,everyone,false
156198263,2025-02-09T16:43:10.000Z,dennis@burns.org,newsletter,everyone,true
156198263,2025-02-09T16:43:10.801Z,skyjensen@icloud.com,newsletter,everyone,true
