post_id,timestamp,email,post_type,post_audience,active_subscription
156218185,2025-02-09T16:42:34.467Z,rimbsweiler@yahoo.com,newsletter,everyone,false
156218185,2025-02-09T16:42:35.033Z,Experimentalunit317@gmail.com,newsletter,everyone,false
156218185,2025-02-09T16:42:35.291Z,dwightlyman@gmail.com,newsletter,everyone,true
156218185,2025-02-09T16:42:35.321Z,kalakaldruzuzu@gmail.com,newsletter,everyone,true
156218185,2025-02-09T16:42:35.371Z,raynottwoodbead@gmail.com,newsletter,everyone,true
156218185,2025-02-09T16:42:35.407Z,3d0f86f2-e17f-4f2a-8ca5-154e98f6d68a@deletion-request.substack.com,newsletter,everyone,true
156218185,2025-02-09T16:42:35.428Z,nathanhaile11@gmail.com,newsletter,everyone,true
156218185,2025-02-09T16:42:35.436Z,beansocolofsky@gmail.com,newsletter,everyone,true
156218185,2025-02-09T16:42:35.487Z,mrnononsense02@gmail.com,newsletter,everyone,true
156218185,2025-02-09T16:42:35.516Z,lennoxgravox@gmail.com,newsletter,everyone,true
156218185,2025-02-09T16:42:35.525Z,djcart137@gmail.com,newsletter,everyone,true
156218185,2025-02-09T16:42:35.538Z,justinaugustwellington@gmail.com,newsletter,everyone,true
156218185,2025-02-09T16:42:35.544Z,zach.bartell.writer@gmail.com,newsletter,everyone,true
156218185,2025-02-09T16:42:35.590Z,gdg2018mm5@gmail.com,newsletter,everyone,true
156218185,2025-02-09T16:42:35.682Z,evangelinepressblog@gmail.com,newsletter,everyone,true
156218185,2025-02-09T16:42:35.783Z,mileswilsondc@gmail.com,newsletter,everyone,true
156218185,2025-02-09T16:42:35.913Z,kadirgemici066@gmail.com,newsletter,everyone,true
156218185,2025-02-09T16:42:35.927Z,bky074a@gmail.com,newsletter,everyone,true
156218185,2025-02-09T16:42:35.980Z,harrisbrian321@gmail.com,newsletter,everyone,true
156218185,2025-02-09T16:42:36.183Z,alminivdmerwe@gmail.com,newsletter,everyone,true
156218185,2025-02-09T16:42:36.226Z,Twadley@gmail.com,newsletter,everyone,true
156218185,2025-02-09T16:42:36.289Z,shien.getsuto@gmail.com,newsletter,everyone,true
156218185,2025-02-09T16:42:36.316Z,jasontrew@gmail.com,newsletter,everyone,true
156218185,2025-02-09T16:42:36.356Z,apollohlynch@gmail.com,newsletter,everyone,true
156218185,2025-02-09T16:42:36.406Z,ianwilmoth@gmail.com,newsletter,everyone,true
156218185,2025-02-09T16:42:36.455Z,growlyted@gmail.com,newsletter,everyone,true
156218185,2025-02-09T16:42:36.537Z,adooleycox@gmail.com,newsletter,everyone,true
156218185,2025-02-09T16:42:36.569Z,rwlbmitchell@gmail.com,newsletter,everyone,true
156218185,2025-02-09T16:42:36.657Z,semakpa@gmail.com,newsletter,everyone,true
156218185,2025-02-09T16:42:36.739Z,briana.j.carroll@gmail.com,newsletter,everyone,true
156218185,2025-02-09T16:42:36.785Z,beer64925@gmail.com,newsletter,everyone,true
156218185,2025-02-09T16:42:36.790Z,ahershmc@aol.com,newsletter,everyone,true
156218185,2025-02-09T16:42:36.885Z,itzhak.samara@gmail.com,newsletter,everyone,true
156218185,2025-02-09T16:42:37.072Z,rimbsweiler@gmail.com,newsletter,everyone,true
156218185,2025-02-09T16:42:37.086Z,calebgrasse@gmail.com,newsletter,everyone,true
156218185,2025-02-09T16:42:37.265Z,ptdaris@uol.com.br,newsletter,everyone,true
156218185,2025-02-09T16:42:37.415Z,borealspain@yahoo.co.uk,newsletter,everyone,true
156218185,2025-02-09T16:42:37.623Z,ozs2@cornell.edu,newsletter,everyone,true
156218185,2025-02-09T16:42:37.740Z,zutorilla@gmail.com,newsletter,everyone,true
156218185,2025-02-09T16:42:37.922Z,virknavkaur@gmail.com,newsletter,everyone,true
156218185,2025-02-09T16:42:38.071Z,theory.nifty438@passinbox.com,newsletter,everyone,true
156218185,2025-02-09T16:42:39.370Z,dennis@burns.org,newsletter,everyone,true
156218185,2025-02-09T16:42:46.108Z,skyjensen@icloud.com,newsletter,everyone,true
