post_id,timestamp,email,post_type,post_audience,active_subscription,country,city,region,device_type,client_os,client_type,user_agent
156508652,2025-02-05T05:28:09.947Z,ozs2@cornell.edu,newsletter,everyone,true,US,,,,,,Mozilla/5.0 (Windows NT 5.1; rv:11.0) Gecko Firefox/11.0 (via ggpht.com GoogleImageProxy)
156508652,2025-02-05T05:28:40.387Z,ozs2@cornell.edu,newsletter,everyone,true,US,,,,,,Mozilla/5.0 (Windows NT 5.1; rv:11.0) Gecko Firefox/11.0 (via ggpht.com GoogleImageProxy)
156508652,2025-02-05T05:28:50.032Z,jasontrew@gmail.com,newsletter,everyone,true,US,,,,,,Mozilla/5.0 (Windows NT 5.1; rv:11.0) Gecko Firefox/11.0 (via ggpht.com GoogleImageProxy)
156508652,2025-02-05T05:30:10.405Z,ozs2@cornell.edu,newsletter,everyone,true,US,,,,,,Mozilla/5.0 (Windows NT 5.1; rv:11.0) Gecko Firefox/11.0 (via ggpht.com GoogleImageProxy)
156508652,2025-02-05T05:33:10.808Z,growlyted@gmail.com,newsletter,everyone,true,US,,,,,,Mozilla/5.0 (Windows NT 5.1; rv:11.0) Gecko Firefox/11.0 (via ggpht.com GoogleImageProxy)
156508652,2025-02-05T05:50:22.310Z,skyjensen@icloud.com,newsletter,everyone,true,US,,,,,,Mozilla/5.0
156508652,2025-02-05T05:50:44.818Z,skyjensen@icloud.com,newsletter,everyone,true,US,,,,,,Mozilla/5.0
156508652,2025-02-05T05:58:22.767Z,zach.bartell.writer@gmail.com,newsletter,everyone,true,US,,,,,,Mozilla/5.0
156508652,2025-02-05T06:23:12.530Z,borealspain@yahoo.co.uk,newsletter,everyone,true,US,,,,,,Mozilla/5.0
156508652,2025-02-05T07:11:10.375Z,jasontrew@gmail.com,newsletter,everyone,true,US,,,,,,Mozilla/5.0
156508652,2025-02-05T07:21:50.800Z,nathanhaile11@gmail.com,newsletter,everyone,true,MX,,,,,,Mozilla/5.0
156508652,2025-02-05T07:28:04.839Z,alminivdmerwe@gmail.com,newsletter,everyone,true,LI,,,,,,Mozilla/5.0
156508652,2025-02-05T07:32:40.447Z,ianwilmoth@gmail.com,newsletter,everyone,true,US,,,,,,Mozilla/5.0
156508652,2025-02-05T07:39:09.715Z,dwightlyman@gmail.com,newsletter,everyone,true,US,,,,,,Mozilla/5.0
156508652,2025-02-05T09:14:54.941Z,virknavkaur@gmail.com,newsletter,everyone,true,US,,,,,,Mozilla/5.0 (Windows NT 5.1; rv:11.0) Gecko Firefox/11.0 (via ggpht.com GoogleImageProxy)
156508652,2025-02-05T09:23:56.892Z,alminivdmerwe@gmail.com,newsletter,everyone,true,LI,,,,,,Mozilla/5.0
156508652,2025-02-05T14:13:27.772Z,harrisbrian321@gmail.com,newsletter,everyone,true,CA,,,,,,Mozilla/5.0
156508652,2025-02-05T14:18:38.822Z,rimbsweiler@yahoo.com,newsletter,everyone,false,US,,,,,,Mozilla/5.0
156508652,2025-02-05T17:56:29.102Z,evangelinepressblog@gmail.com,newsletter,everyone,true,US,,,,,,Mozilla/5.0 (Windows NT 5.1; rv:11.0) Gecko Firefox/11.0 (via ggpht.com GoogleImageProxy)
156508652,2025-02-05T21:50:15.967Z,skyjensen@icloud.com,newsletter,everyone,true,US,,,,,,Mozilla/5.0
156508652,2025-02-06T01:15:59.295Z,apollohlynch@gmail.com,newsletter,everyone,true,US,,,,,,Mozilla/5.0
156508652,2025-02-06T05:44:10.473Z,joliefleur3435@gmail.com,newsletter,everyone,true,GB,,,,,,Mozilla/5.0
156508652,2025-02-06T21:01:25.783Z,ianwilmoth@gmail.com,newsletter,everyone,true,US,,,,,,Mozilla/5.0
156508652,2025-02-08T18:53:36.524Z,dwightlyman@gmail.com,newsletter,everyone,true,US,,,,,,Mozilla/5.0
156508652,2025-02-09T01:37:11.246Z,mileswilsondc@gmail.com,newsletter,everyone,true,US,,,,,,Mozilla/5.0
156508652,2025-02-09T07:55:12.759Z,zutorilla@gmail.com,newsletter,everyone,true,US,,,,,,Mozilla/5.0 (Windows NT 5.1; rv:11.0) Gecko Firefox/11.0 (via ggpht.com GoogleImageProxy)
