post_id,timestamp,email,post_type,post_audience,active_subscription
156508652,2025-02-05T05:27:35.607Z,Experimentalunit317@gmail.com,newsletter,everyone,false
156508652,2025-02-05T05:27:36.108Z,beansocolofsky@gmail.com,newsletter,everyone,true
156508652,2025-02-05T05:27:36.234Z,raynottwoodbead@gmail.com,newsletter,everyone,true
156508652,2025-02-05T05:27:36.237Z,justinaugustwellington@gmail.com,newsletter,everyone,true
156508652,2025-02-05T05:27:36.345Z,lennoxgravox@gmail.com,newsletter,everyone,true
156508652,2025-02-05T05:27:36.363Z,gdg2018mm5@gmail.com,newsletter,everyone,true
156508652,2025-02-05T05:27:36.368Z,beer64925@gmail.com,newsletter,everyone,true
156508652,2025-02-05T05:27:36.373Z,djcart137@gmail.com,newsletter,everyone,true
156508652,2025-02-05T05:27:36.407Z,joliefleur3435@gmail.com,newsletter,everyone,true
156508652,2025-02-05T05:27:36.436Z,adooleycox@gmail.com,newsletter,everyone,true
156508652,2025-02-05T05:27:36.443Z,kalakaldruzuzu@gmail.com,newsletter,everyone,true
156508652,2025-02-05T05:27:36.510Z,semakpa@gmail.com,newsletter,everyone,true
156508652,2025-02-05T05:27:36.533Z,mileswilsondc@gmail.com,newsletter,everyone,true
156508652,2025-02-05T05:27:36.537Z,harrisbrian321@gmail.com,newsletter,everyone,true
156508652,2025-02-05T05:27:36.569Z,bky074a@gmail.com,newsletter,everyone,true
156508652,2025-02-05T05:27:36.598Z,3d0f86f2-e17f-4f2a-8ca5-154e98f6d68a@deletion-request.substack.com,newsletter,everyone,true
156508652,2025-02-05T05:27:36.624Z,ozs2@cornell.edu,newsletter,everyone,true
156508652,2025-02-05T05:27:36.629Z,dwightlyman@gmail.com,newsletter,everyone,true
156508652,2025-02-05T05:27:36.637Z,nathanhaile11@gmail.com,newsletter,everyone,true
156508652,2025-02-05T05:27:36.764Z,briana.j.carroll@gmail.com,newsletter,everyone,true
156508652,2025-02-05T05:27:36.896Z,rimbsweiler@gmail.com,newsletter,everyone,true
156508652,2025-02-05T05:27:36.923Z,jasontrew@gmail.com,newsletter,everyone,true
156508652,2025-02-05T05:27:36.925Z,shien.getsuto@gmail.com,newsletter,everyone,true
156508652,2025-02-05T05:27:36.931Z,rwlbmitchell@gmail.com,newsletter,everyone,true
156508652,2025-02-05T05:27:36.932Z,calebgrasse@gmail.com,newsletter,everyone,true
156508652,2025-02-05T05:27:36.945Z,mrnononsense02@gmail.com,newsletter,everyone,true
156508652,2025-02-05T05:27:36.949Z,zutorilla@gmail.com,newsletter,everyone,true
156508652,2025-02-05T05:27:36.953Z,evangelinepressblog@gmail.com,newsletter,everyone,true
156508652,2025-02-05T05:27:37.034Z,itzhak.samara@gmail.com,newsletter,everyone,true
156508652,2025-02-05T05:27:37.040Z,Twadley@gmail.com,newsletter,everyone,true
156508652,2025-02-05T05:27:37.047Z,growlyted@gmail.com,newsletter,everyone,true
156508652,2025-02-05T05:27:37.076Z,alminivdmerwe@gmail.com,newsletter,everyone,true
156508652,2025-02-05T05:27:37.119Z,rimbsweiler@yahoo.com,newsletter,everyone,false
156508652,2025-02-05T05:27:37.152Z,ianwilmoth@gmail.com,newsletter,everyone,true
156508652,2025-02-05T05:27:37.158Z,kadirgemici066@gmail.com,newsletter,everyone,true
156508652,2025-02-05T05:27:37.176Z,ptdaris@uol.com.br,newsletter,everyone,true
156508652,2025-02-05T05:27:37.533Z,ahershmc@aol.com,newsletter,everyone,true
156508652,2025-02-05T05:27:37.581Z,apollohlynch@gmail.com,newsletter,everyone,true
156508652,2025-02-05T05:27:37.597Z,zach.bartell.writer@gmail.com,newsletter,everyone,true
156508652,2025-02-05T05:27:38.519Z,theory.nifty438@passinbox.com,newsletter,everyone,true
156508652,2025-02-05T05:27:38.522Z,borealspain@yahoo.co.uk,newsletter,everyone,true
156508652,2025-02-05T05:27:39.356Z,virknavkaur@gmail.com,newsletter,everyone,true
156508652,2025-02-05T05:27:39.757Z,dennis@burns.org,newsletter,everyone,true
156508652,2025-02-05T05:27:40.410Z,skyjensen@icloud.com,newsletter,everyone,true
