post_id,timestamp,email,post_type,post_audience,active_subscription
156507465,2025-02-05T04:49:34.525Z,Experimentalunit317@gmail.com,newsletter,everyone,false
156507465,2025-02-05T04:49:36.310Z,dwightlyman@gmail.com,newsletter,everyone,true
156507465,2025-02-05T04:49:36.568Z,beansocolofsky@gmail.com,newsletter,everyone,true
156507465,2025-02-05T04:49:36.791Z,kadirgemici066@gmail.com,newsletter,everyone,true
156507465,2025-02-05T04:49:36.885Z,justinaugustwellington@gmail.com,newsletter,everyone,true
156507465,2025-02-05T04:49:36.925Z,zach.bartell.writer@gmail.com,newsletter,everyone,true
156507465,2025-02-05T04:49:36.935Z,joliefleur3435@gmail.com,newsletter,everyone,true
156507465,2025-02-05T04:49:36.957Z,evangelinepressblog@gmail.com,newsletter,everyone,true
156507465,2025-02-05T04:49:36.975Z,nathanhaile11@gmail.com,newsletter,everyone,true
156507465,2025-02-05T04:49:36.975Z,mrnononsense02@gmail.com,newsletter,everyone,true
156507465,2025-02-05T04:49:37.014Z,harrisbrian321@gmail.com,newsletter,everyone,true
156507465,2025-02-05T04:49:37.023Z,djcart137@gmail.com,newsletter,everyone,true
156507465,2025-02-05T04:49:37.061Z,semakpa@gmail.com,newsletter,everyone,true
156507465,2025-02-05T04:49:37.103Z,bky074a@gmail.com,newsletter,everyone,true
156507465,2025-02-05T04:49:37.209Z,raynottwoodbead@gmail.com,newsletter,everyone,true
156507465,2025-02-05T04:49:37.210Z,lennoxgravox@gmail.com,newsletter,everyone,true
156507465,2025-02-05T04:49:37.422Z,rimbsweiler@yahoo.com,newsletter,everyone,false
156507465,2025-02-05T04:49:37.663Z,rimbsweiler@gmail.com,newsletter,everyone,true
156507465,2025-02-05T04:49:37.737Z,briana.j.carroll@gmail.com,newsletter,everyone,true
156507465,2025-02-05T04:49:37.770Z,calebgrasse@gmail.com,newsletter,everyone,true
156507465,2025-02-05T04:49:37.776Z,alminivdmerwe@gmail.com,newsletter,everyone,true
156507465,2025-02-05T04:49:37.812Z,kalakaldruzuzu@gmail.com,newsletter,everyone,true
156507465,2025-02-05T04:49:37.817Z,jasontrew@gmail.com,newsletter,everyone,true
156507465,2025-02-05T04:49:37.834Z,itzhak.samara@gmail.com,newsletter,everyone,true
156507465,2025-02-05T04:49:37.850Z,beer64925@gmail.com,newsletter,everyone,true
156507465,2025-02-05T04:49:37.960Z,rwlbmitchell@gmail.com,newsletter,everyone,true
156507465,2025-02-05T04:49:37.988Z,3d0f86f2-e17f-4f2a-8ca5-154e98f6d68a@deletion-request.substack.com,newsletter,everyone,true
156507465,2025-02-05T04:49:38.061Z,growlyted@gmail.com,newsletter,everyone,true
156507465,2025-02-05T04:49:38.130Z,ahershmc@aol.com,newsletter,everyone,true
156507465,2025-02-05T04:49:38.140Z,gdg2018mm5@gmail.com,newsletter,everyone,true
156507465,2025-02-05T04:49:38.198Z,mileswilsondc@gmail.com,newsletter,everyone,true
156507465,2025-02-05T04:49:38.222Z,zutorilla@gmail.com,newsletter,everyone,true
156507465,2025-02-05T04:49:38.253Z,ozs2@cornell.edu,newsletter,everyone,true
156507465,2025-02-05T04:49:38.545Z,adooleycox@gmail.com,newsletter,everyone,true
156507465,2025-02-05T04:49:38.712Z,Twadley@gmail.com,newsletter,everyone,true
156507465,2025-02-05T04:49:38.751Z,shien.getsuto@gmail.com,newsletter,everyone,true
156507465,2025-02-05T04:49:38.832Z,virknavkaur@gmail.com,newsletter,everyone,true
156507465,2025-02-05T04:49:38.842Z,ptdaris@uol.com.br,newsletter,everyone,true
156507465,2025-02-05T04:49:38.858Z,ianwilmoth@gmail.com,newsletter,everyone,true
156507465,2025-02-05T04:49:38.960Z,apollohlynch@gmail.com,newsletter,everyone,true
156507465,2025-02-05T04:49:39.224Z,theory.nifty438@passinbox.com,newsletter,everyone,true
156507465,2025-02-05T04:49:40.562Z,dennis@burns.org,newsletter,everyone,true
156507465,2025-02-05T04:49:41.407Z,skyjensen@icloud.com,newsletter,everyone,true
156507465,2025-02-05T04:49:43.370Z,borealspain@yahoo.co.uk,newsletter,everyone,true
