post_id,timestamp,email,post_type,post_audience,active_subscription
156507307,2025-02-05T04:37:05.163Z,dwightlyman@gmail.com,newsletter,everyone,true
156507307,2025-02-05T04:37:05.209Z,rimbsweiler@yahoo.com,newsletter,everyone,false
156507307,2025-02-05T04:37:05.299Z,beansocolofsky@gmail.com,newsletter,everyone,true
156507307,2025-02-05T04:37:05.623Z,Experimentalunit317@gmail.com,newsletter,everyone,false
156507307,2025-02-05T04:37:05.802Z,justinaugustwellington@gmail.com,newsletter,everyone,true
156507307,2025-02-05T04:37:05.848Z,kadirgemici066@gmail.com,newsletter,everyone,true
156507307,2025-02-05T04:37:05.850Z,gdg2018mm5@gmail.com,newsletter,everyone,true
156507307,2025-02-05T04:37:05.902Z,lennoxgravox@gmail.com,newsletter,everyone,true
156507307,2025-02-05T04:37:05.967Z,harrisbrian321@gmail.com,newsletter,everyone,true
156507307,2025-02-05T04:37:06.001Z,mrnononsense02@gmail.com,newsletter,everyone,true
156507307,2025-02-05T04:37:06.112Z,bky074a@gmail.com,newsletter,everyone,true
156507307,2025-02-05T04:37:06.154Z,semakpa@gmail.com,newsletter,everyone,true
156507307,2025-02-05T04:37:06.281Z,raynottwoodbead@gmail.com,newsletter,everyone,true
156507307,2025-02-05T04:37:06.287Z,djcart137@gmail.com,newsletter,everyone,true
156507307,2025-02-05T04:37:06.359Z,3d0f86f2-e17f-4f2a-8ca5-154e98f6d68a@deletion-request.substack.com,newsletter,everyone,true
156507307,2025-02-05T04:37:06.381Z,Twadley@gmail.com,newsletter,everyone,true
156507307,2025-02-05T04:37:06.383Z,kalakaldruzuzu@gmail.com,newsletter,everyone,true
156507307,2025-02-05T04:37:06.390Z,nathanhaile11@gmail.com,newsletter,everyone,true
156507307,2025-02-05T04:37:06.399Z,virknavkaur@gmail.com,newsletter,everyone,true
156507307,2025-02-05T04:37:06.414Z,apollohlynch@gmail.com,newsletter,everyone,true
156507307,2025-02-05T04:37:06.445Z,rwlbmitchell@gmail.com,newsletter,everyone,true
156507307,2025-02-05T04:37:06.470Z,shien.getsuto@gmail.com,newsletter,everyone,true
156507307,2025-02-05T04:37:06.474Z,ianwilmoth@gmail.com,newsletter,everyone,true
156507307,2025-02-05T04:37:06.475Z,itzhak.samara@gmail.com,newsletter,everyone,true
156507307,2025-02-05T04:37:06.479Z,briana.j.carroll@gmail.com,newsletter,everyone,true
156507307,2025-02-05T04:37:06.491Z,jasontrew@gmail.com,newsletter,everyone,true
156507307,2025-02-05T04:37:06.520Z,evangelinepressblog@gmail.com,newsletter,everyone,true
156507307,2025-02-05T04:37:06.527Z,growlyted@gmail.com,newsletter,everyone,true
156507307,2025-02-05T04:37:06.759Z,adooleycox@gmail.com,newsletter,everyone,true
156507307,2025-02-05T04:37:06.834Z,alminivdmerwe@gmail.com,newsletter,everyone,true
156507307,2025-02-05T04:37:06.947Z,ozs2@cornell.edu,newsletter,everyone,true
156507307,2025-02-05T04:37:07.063Z,rimbsweiler@gmail.com,newsletter,everyone,true
156507307,2025-02-05T04:37:07.150Z,calebgrasse@gmail.com,newsletter,everyone,true
156507307,2025-02-05T04:37:07.170Z,joliefleur3435@gmail.com,newsletter,everyone,true
156507307,2025-02-05T04:37:07.278Z,mileswilsondc@gmail.com,newsletter,everyone,true
156507307,2025-02-05T04:37:07.624Z,beer64925@gmail.com,newsletter,everyone,true
156507307,2025-02-05T04:37:07.776Z,zach.bartell.writer@gmail.com,newsletter,everyone,true
156507307,2025-02-05T04:37:07.783Z,ahershmc@aol.com,newsletter,everyone,true
156507307,2025-02-05T04:37:07.833Z,zutorilla@gmail.com,newsletter,everyone,true
156507307,2025-02-05T04:37:07.913Z,ptdaris@uol.com.br,newsletter,everyone,true
156507307,2025-02-05T04:37:08.102Z,skyjensen@icloud.com,newsletter,everyone,true
156507307,2025-02-05T04:37:08.258Z,borealspain@yahoo.co.uk,newsletter,everyone,true
156507307,2025-02-05T04:37:08.345Z,theory.nifty438@passinbox.com,newsletter,everyone,true
156507307,2025-02-05T04:37:09.210Z,dennis@burns.org,newsletter,everyone,true
