post_id,timestamp,email,post_type,post_audience,active_subscription,country,city,region,device_type,client_os,client_type,user_agent
156506106,2025-02-05T04:04:49.173Z,jasontrew@gmail.com,newsletter,everyone,true,US,,,,,,Mozilla/5.0 (Windows NT 5.1; rv:11.0) Gecko Firefox/11.0 (via ggpht.com GoogleImageProxy)
156506106,2025-02-05T04:05:29.695Z,borealspain@yahoo.co.uk,newsletter,everyone,true,US,,,,,,Mozilla/5.0
156506106,2025-02-05T04:15:46.117Z,dwightlyman@gmail.com,newsletter,everyone,true,US,,,,,,Mozilla/5.0
156506106,2025-02-05T04:23:43.384Z,skyjensen@icloud.com,newsletter,everyone,true,NL,,,,,,Mozilla/5.0
156506106,2025-02-05T04:25:31.297Z,jasontrew@gmail.com,newsletter,everyone,true,US,,,,,,Mozilla/5.0
156506106,2025-02-05T04:42:46.605Z,alminivdmerwe@gmail.com,newsletter,everyone,true,LI,,,,,,Mozilla/5.0
156506106,2025-02-05T04:53:48.437Z,zach.bartell.writer@gmail.com,newsletter,everyone,true,US,,,,,,Mozilla/5.0
156506106,2025-02-05T05:07:34.883Z,mileswilsondc@gmail.com,newsletter,everyone,true,US,,,,,,Mozilla/5.0
156506106,2025-02-05T05:12:56.383Z,skyjensen@icloud.com,newsletter,everyone,true,US,,,,,,Mozilla/5.0
156506106,2025-02-05T06:13:54.946Z,lennoxgravox@gmail.com,newsletter,everyone,true,US,,,,,,Mozilla/5.0 (Windows NT 5.1; rv:11.0) Gecko Firefox/11.0 (via ggpht.com GoogleImageProxy)
156506106,2025-02-05T06:57:49.964Z,ianwilmoth@gmail.com,newsletter,everyone,true,NL,,,,,,Mozilla/5.0
156506106,2025-02-05T07:04:20.069Z,alminivdmerwe@gmail.com,newsletter,everyone,true,LI,,,,,,Mozilla/5.0
156506106,2025-02-05T07:21:50.798Z,nathanhaile11@gmail.com,newsletter,everyone,true,MX,,,,,,Mozilla/5.0
156506106,2025-02-05T09:10:51.104Z,briana.j.carroll@gmail.com,newsletter,everyone,true,US,,,,,,Mozilla/5.0 (Windows NT 5.1; rv:11.0) Gecko Firefox/11.0 (via ggpht.com GoogleImageProxy)
156506106,2025-02-05T14:13:27.772Z,harrisbrian321@gmail.com,newsletter,everyone,true,CA,,,,,,Mozilla/5.0
156506106,2025-02-05T14:18:38.824Z,rimbsweiler@yahoo.com,newsletter,everyone,false,US,,,,,,Mozilla/5.0
156506106,2025-02-05T17:56:30.262Z,evangelinepressblog@gmail.com,newsletter,everyone,true,US,,,,,,Mozilla/5.0 (Windows NT 5.1; rv:11.0) Gecko Firefox/11.0 (via ggpht.com GoogleImageProxy)
156506106,2025-02-06T01:15:59.291Z,apollohlynch@gmail.com,newsletter,everyone,true,US,,,,,,Mozilla/5.0
156506106,2025-02-06T05:44:10.476Z,joliefleur3435@gmail.com,newsletter,everyone,true,GB,,,,,,Mozilla/5.0
156506106,2025-02-06T07:30:55.841Z,virknavkaur@gmail.com,newsletter,everyone,true,US,,,,,,Mozilla/5.0 (Windows NT 5.1; rv:11.0) Gecko Firefox/11.0 (via ggpht.com GoogleImageProxy)
156506106,2025-02-06T08:25:55.262Z,skyjensen@icloud.com,newsletter,everyone,true,US,,,,,,"Mozilla/5.0 AppleWebKit/WebKit_version (KHTML, like Gecko)"
156506106,2025-02-06T08:43:58.312Z,skyjensen@icloud.com,newsletter,everyone,true,US,,,,,,"Mozilla/5.0 AppleWebKit/WebKit_version (KHTML, like Gecko)"
156506106,2025-02-06T12:45:44.508Z,skyjensen@icloud.com,newsletter,everyone,true,US,,,,,,Mozilla/5.0
156506106,2025-02-06T21:01:25.785Z,ianwilmoth@gmail.com,newsletter,everyone,true,US,,,,,,Mozilla/5.0
156506106,2025-02-07T17:55:36.109Z,dwightlyman@gmail.com,newsletter,everyone,true,US,,,,,,Mozilla/5.0
156506106,2025-02-09T07:57:04.540Z,zutorilla@gmail.com,newsletter,everyone,true,US,,,,,,Mozilla/5.0 (Windows NT 5.1; rv:11.0) Gecko Firefox/11.0 (via ggpht.com GoogleImageProxy)
