post_id,timestamp,email,post_type,post_audience,active_subscription
156506106,2025-02-05T04:04:17.593Z,Experimentalunit317@gmail.com,newsletter,everyone,false
156506106,2025-02-05T04:04:17.670Z,joliefleur3435@gmail.com,newsletter,everyone,true
156506106,2025-02-05T04:04:17.753Z,lennoxgravox@gmail.com,newsletter,everyone,true
156506106,2025-02-05T04:04:17.780Z,nathanhaile11@gmail.com,newsletter,everyone,true
156506106,2025-02-05T04:04:17.792Z,mrnononsense02@gmail.com,newsletter,everyone,true
156506106,2025-02-05T04:04:17.792Z,kadirgemici066@gmail.com,newsletter,everyone,true
156506106,2025-02-05T04:04:17.801Z,dwightlyman@gmail.com,newsletter,everyone,true
156506106,2025-02-05T04:04:18.022Z,harrisbrian321@gmail.com,newsletter,everyone,true
156506106,2025-02-05T04:04:18.076Z,mileswilsondc@gmail.com,newsletter,everyone,true
156506106,2025-02-05T04:04:18.089Z,beansocolofsky@gmail.com,newsletter,everyone,true
156506106,2025-02-05T04:04:18.176Z,shien.getsuto@gmail.com,newsletter,everyone,true
156506106,2025-02-05T04:04:18.222Z,Twadley@gmail.com,newsletter,everyone,true
156506106,2025-02-05T04:04:18.299Z,itzhak.samara@gmail.com,newsletter,everyone,true
156506106,2025-02-05T04:04:18.332Z,rimbsweiler@yahoo.com,newsletter,everyone,false
156506106,2025-02-05T04:04:18.334Z,zutorilla@gmail.com,newsletter,everyone,true
156506106,2025-02-05T04:04:18.344Z,rimbsweiler@gmail.com,newsletter,everyone,true
156506106,2025-02-05T04:04:18.354Z,alminivdmerwe@gmail.com,newsletter,everyone,true
156506106,2025-02-05T04:04:18.364Z,rwlbmitchell@gmail.com,newsletter,everyone,true
156506106,2025-02-05T04:04:18.393Z,ianwilmoth@gmail.com,newsletter,everyone,true
156506106,2025-02-05T04:04:18.443Z,calebgrasse@gmail.com,newsletter,everyone,true
156506106,2025-02-05T04:04:18.455Z,evangelinepressblog@gmail.com,newsletter,everyone,true
156506106,2025-02-05T04:04:18.787Z,ahershmc@aol.com,newsletter,everyone,true
156506106,2025-02-05T04:04:18.879Z,briana.j.carroll@gmail.com,newsletter,everyone,true
156506106,2025-02-05T04:04:19.052Z,apollohlynch@gmail.com,newsletter,everyone,true
156506106,2025-02-05T04:04:19.074Z,jasontrew@gmail.com,newsletter,everyone,true
156506106,2025-02-05T04:04:19.118Z,borealspain@yahoo.co.uk,newsletter,everyone,true
156506106,2025-02-05T04:04:19.207Z,theory.nifty438@passinbox.com,newsletter,everyone,true
156506106,2025-02-05T04:04:19.315Z,semakpa@gmail.com,newsletter,everyone,true
156506106,2025-02-05T04:04:19.345Z,bky074a@gmail.com,newsletter,everyone,true
156506106,2025-02-05T04:04:19.378Z,gdg2018mm5@gmail.com,newsletter,everyone,true
156506106,2025-02-05T04:04:19.435Z,ptdaris@uol.com.br,newsletter,everyone,true
156506106,2025-02-05T04:04:19.442Z,justinaugustwellington@gmail.com,newsletter,everyone,true
156506106,2025-02-05T04:04:19.478Z,virknavkaur@gmail.com,newsletter,everyone,true
156506106,2025-02-05T04:04:19.757Z,adooleycox@gmail.com,newsletter,everyone,true
156506106,2025-02-05T04:04:19.863Z,djcart137@gmail.com,newsletter,everyone,true
156506106,2025-02-05T04:04:19.873Z,raynottwoodbead@gmail.com,newsletter,everyone,true
156506106,2025-02-05T04:04:19.981Z,growlyted@gmail.com,newsletter,everyone,true
156506106,2025-02-05T04:04:20.490Z,3d0f86f2-e17f-4f2a-8ca5-154e98f6d68a@deletion-request.substack.com,newsletter,everyone,true
156506106,2025-02-05T04:04:20.592Z,kalakaldruzuzu@gmail.com,newsletter,everyone,true
156506106,2025-02-05T04:04:20.592Z,beer64925@gmail.com,newsletter,everyone,true
156506106,2025-02-05T04:04:20.893Z,dennis@burns.org,newsletter,everyone,true
156506106,2025-02-05T04:04:21.161Z,zach.bartell.writer@gmail.com,newsletter,everyone,true
156506106,2025-02-05T04:04:21.329Z,ozs2@cornell.edu,newsletter,everyone,true
156506106,2025-02-05T04:04:23.527Z,skyjensen@icloud.com,newsletter,everyone,true
