post_id,timestamp,email,post_type,post_audience,active_subscription
156507862,2025-02-05T05:00:11.634Z,Experimentalunit317@gmail.com,newsletter,everyone,false
156507862,2025-02-05T05:00:12.584Z,beansocolofsky@gmail.com,newsletter,everyone,true
156507862,2025-02-05T05:00:12.695Z,dwightlyman@gmail.com,newsletter,everyone,true
156507862,2025-02-05T05:00:12.868Z,raynottwoodbead@gmail.com,newsletter,everyone,true
156507862,2025-02-05T05:00:12.889Z,beer64925@gmail.com,newsletter,everyone,true
156507862,2025-02-05T05:00:12.905Z,kalakaldruzuzu@gmail.com,newsletter,everyone,true
156507862,2025-02-05T05:00:12.922Z,rimbsweiler@yahoo.com,newsletter,everyone,false
156507862,2025-02-05T05:00:12.929Z,kadirgemici066@gmail.com,newsletter,everyone,true
156507862,2025-02-05T05:00:12.991Z,lennoxgravox@gmail.com,newsletter,everyone,true
156507862,2025-02-05T05:00:13.003Z,justinaugustwellington@gmail.com,newsletter,everyone,true
156507862,2025-02-05T05:00:13.101Z,gdg2018mm5@gmail.com,newsletter,everyone,true
156507862,2025-02-05T05:00:13.160Z,bky074a@gmail.com,newsletter,everyone,true
156507862,2025-02-05T05:00:13.166Z,joliefleur3435@gmail.com,newsletter,everyone,true
156507862,2025-02-05T05:00:13.291Z,adooleycox@gmail.com,newsletter,everyone,true
156507862,2025-02-05T05:00:13.296Z,calebgrasse@gmail.com,newsletter,everyone,true
156507862,2025-02-05T05:00:13.303Z,rimbsweiler@gmail.com,newsletter,everyone,true
156507862,2025-02-05T05:00:13.327Z,mrnononsense02@gmail.com,newsletter,everyone,true
156507862,2025-02-05T05:00:13.334Z,briana.j.carroll@gmail.com,newsletter,everyone,true
156507862,2025-02-05T05:00:13.351Z,Twadley@gmail.com,newsletter,everyone,true
156507862,2025-02-05T05:00:13.361Z,harrisbrian321@gmail.com,newsletter,everyone,true
156507862,2025-02-05T05:00:13.379Z,zach.bartell.writer@gmail.com,newsletter,everyone,true
156507862,2025-02-05T05:00:13.423Z,rwlbmitchell@gmail.com,newsletter,everyone,true
156507862,2025-02-05T05:00:13.460Z,shien.getsuto@gmail.com,newsletter,everyone,true
156507862,2025-02-05T05:00:13.475Z,3d0f86f2-e17f-4f2a-8ca5-154e98f6d68a@deletion-request.substack.com,newsletter,everyone,true
156507862,2025-02-05T05:00:13.476Z,apollohlynch@gmail.com,newsletter,everyone,true
156507862,2025-02-05T05:00:13.481Z,alminivdmerwe@gmail.com,newsletter,everyone,true
156507862,2025-02-05T05:00:13.482Z,zutorilla@gmail.com,newsletter,everyone,true
156507862,2025-02-05T05:00:13.482Z,virknavkaur@gmail.com,newsletter,everyone,true
156507862,2025-02-05T05:00:13.514Z,evangelinepressblog@gmail.com,newsletter,everyone,true
156507862,2025-02-05T05:00:13.584Z,mileswilsondc@gmail.com,newsletter,everyone,true
156507862,2025-02-05T05:00:13.715Z,itzhak.samara@gmail.com,newsletter,everyone,true
156507862,2025-02-05T05:00:13.780Z,borealspain@yahoo.co.uk,newsletter,everyone,true
156507862,2025-02-05T05:00:13.883Z,ahershmc@aol.com,newsletter,everyone,true
156507862,2025-02-05T05:00:14.056Z,nathanhaile11@gmail.com,newsletter,everyone,true
156507862,2025-02-05T05:00:14.299Z,djcart137@gmail.com,newsletter,everyone,true
156507862,2025-02-05T05:00:14.440Z,ozs2@cornell.edu,newsletter,everyone,true
156507862,2025-02-05T05:00:14.590Z,semakpa@gmail.com,newsletter,everyone,true
156507862,2025-02-05T05:00:14.704Z,ptdaris@uol.com.br,newsletter,everyone,true
156507862,2025-02-05T05:00:14.707Z,ianwilmoth@gmail.com,newsletter,everyone,true
156507862,2025-02-05T05:00:14.791Z,growlyted@gmail.com,newsletter,everyone,true
156507862,2025-02-05T05:00:14.900Z,jasontrew@gmail.com,newsletter,everyone,true
156507862,2025-02-05T05:00:15.830Z,theory.nifty438@passinbox.com,newsletter,everyone,true
156507862,2025-02-05T05:00:16.223Z,dennis@burns.org,newsletter,everyone,true
156507862,2025-02-05T05:00:16.906Z,skyjensen@icloud.com,newsletter,everyone,true
