post_id,timestamp,email,post_type,post_audience,active_subscription,country,city,region,device_type,client_os,client_type,user_agent
156507465,2025-02-05T04:51:57.445Z,jasontrew@gmail.com,newsletter,everyone,true,US,,,,,,Mozilla/5.0 (Windows NT 5.1; rv:11.0) Gecko Firefox/11.0 (via ggpht.com GoogleImageProxy)
156507465,2025-02-05T04:59:38.669Z,borealspain@yahoo.co.uk,newsletter,everyone,true,US,,,,,,Mozilla/5.0
156507465,2025-02-05T05:00:42.646Z,skyjensen@icloud.com,newsletter,everyone,true,US,,,,,,Mozilla/5.0
156507465,2025-02-05T05:02:56.957Z,jasontrew@gmail.com,newsletter,everyone,true,US,,,,,,Mozilla/5.0
156507465,2025-02-05T05:07:34.882Z,mileswilsondc@gmail.com,newsletter,everyone,true,US,,,,,,Mozilla/5.0
156507465,2025-02-05T05:12:56.385Z,skyjensen@icloud.com,newsletter,everyone,true,US,,,,,,Mozilla/5.0
156507465,2025-02-05T05:29:19.709Z,zach.bartell.writer@gmail.com,newsletter,everyone,true,US,,,,,,Mozilla/5.0
156507465,2025-02-05T06:57:49.963Z,ianwilmoth@gmail.com,newsletter,everyone,true,NL,,,,,,Mozilla/5.0
156507465,2025-02-05T07:21:50.799Z,nathanhaile11@gmail.com,newsletter,everyone,true,MX,,,,,,Mozilla/5.0
156507465,2025-02-05T07:28:04.839Z,alminivdmerwe@gmail.com,newsletter,everyone,true,LI,,,,,,Mozilla/5.0
156507465,2025-02-05T09:23:56.891Z,alminivdmerwe@gmail.com,newsletter,everyone,true,LI,,,,,,Mozilla/5.0
156507465,2025-02-05T14:13:27.770Z,harrisbrian321@gmail.com,newsletter,everyone,true,CA,,,,,,Mozilla/5.0
156507465,2025-02-05T14:18:38.823Z,rimbsweiler@yahoo.com,newsletter,everyone,false,US,,,,,,Mozilla/5.0
156507465,2025-02-05T21:50:16.645Z,skyjensen@icloud.com,newsletter,everyone,true,US,,,,,,Mozilla/5.0
156507465,2025-02-06T01:15:59.292Z,apollohlynch@gmail.com,newsletter,everyone,true,US,,,,,,Mozilla/5.0
156507465,2025-02-06T05:44:10.473Z,joliefleur3435@gmail.com,newsletter,everyone,true,GB,,,,,,Mozilla/5.0
156507465,2025-02-06T21:01:25.784Z,ianwilmoth@gmail.com,newsletter,everyone,true,US,,,,,,Mozilla/5.0
156507465,2025-02-07T06:29:45.410Z,shien.getsuto@gmail.com,newsletter,everyone,true,US,,,,,,Mozilla/5.0 (Windows NT 5.1; rv:11.0) Gecko Firefox/11.0 (via ggpht.com GoogleImageProxy)
156507465,2025-02-08T13:44:36.608Z,briana.j.carroll@gmail.com,newsletter,everyone,true,US,,,,,,Mozilla/5.0 (Windows NT 5.1; rv:11.0) Gecko Firefox/11.0 (via ggpht.com GoogleImageProxy)
