post_id,timestamp,email,post_type,post_audience,active_subscription
156506743,2025-02-05T04:31:37.826Z,beer64925@gmail.com,newsletter,everyone,true
156506743,2025-02-05T04:31:37.907Z,raynottwoodbead@gmail.com,newsletter,everyone,true
156506743,2025-02-05T04:31:38.008Z,mrnononsense02@gmail.com,newsletter,everyone,true
156506743,2025-02-05T04:31:38.063Z,evangelinepressblog@gmail.com,newsletter,everyone,true
156506743,2025-02-05T04:31:38.086Z,nathanhaile11@gmail.com,newsletter,everyone,true
156506743,2025-02-05T04:31:38.200Z,beansocolofsky@gmail.com,newsletter,everyone,true
156506743,2025-02-05T04:31:38.210Z,3d0f86f2-e17f-4f2a-8ca5-154e98f6d68a@deletion-request.substack.com,newsletter,everyone,true
156506743,2025-02-05T04:31:38.216Z,lennoxgravox@gmail.com,newsletter,everyone,true
156506743,2025-02-05T04:31:38.220Z,kadirgemici066@gmail.com,newsletter,everyone,true
156506743,2025-02-05T04:31:38.291Z,Experimentalunit317@gmail.com,newsletter,everyone,false
156506743,2025-02-05T04:31:38.602Z,rimbsweiler@yahoo.com,newsletter,everyone,false
156506743,2025-02-05T04:31:38.782Z,bky074a@gmail.com,newsletter,everyone,true
156506743,2025-02-05T04:31:38.829Z,semakpa@gmail.com,newsletter,everyone,true
156506743,2025-02-05T04:31:38.975Z,adooleycox@gmail.com,newsletter,everyone,true
156506743,2025-02-05T04:31:39.041Z,dwightlyman@gmail.com,newsletter,everyone,true
156506743,2025-02-05T04:31:39.109Z,ozs2@cornell.edu,newsletter,everyone,true
156506743,2025-02-05T04:31:39.188Z,kalakaldruzuzu@gmail.com,newsletter,everyone,true
156506743,2025-02-05T04:31:39.275Z,harrisbrian321@gmail.com,newsletter,everyone,true
156506743,2025-02-05T04:31:39.283Z,djcart137@gmail.com,newsletter,everyone,true
156506743,2025-02-05T04:31:39.345Z,briana.j.carroll@gmail.com,newsletter,everyone,true
156506743,2025-02-05T04:31:39.370Z,Twadley@gmail.com,newsletter,everyone,true
156506743,2025-02-05T04:31:39.440Z,zach.bartell.writer@gmail.com,newsletter,everyone,true
156506743,2025-02-05T04:31:39.447Z,zutorilla@gmail.com,newsletter,everyone,true
156506743,2025-02-05T04:31:39.489Z,joliefleur3435@gmail.com,newsletter,everyone,true
156506743,2025-02-05T04:31:39.491Z,justinaugustwellington@gmail.com,newsletter,everyone,true
156506743,2025-02-05T04:31:39.513Z,apollohlynch@gmail.com,newsletter,everyone,true
156506743,2025-02-05T04:31:39.514Z,itzhak.samara@gmail.com,newsletter,everyone,true
156506743,2025-02-05T04:31:39.528Z,rwlbmitchell@gmail.com,newsletter,everyone,true
156506743,2025-02-05T04:31:39.547Z,jasontrew@gmail.com,newsletter,everyone,true
156506743,2025-02-05T04:31:39.619Z,ianwilmoth@gmail.com,newsletter,everyone,true
156506743,2025-02-05T04:31:39.647Z,gdg2018mm5@gmail.com,newsletter,everyone,true
156506743,2025-02-05T04:31:39.682Z,virknavkaur@gmail.com,newsletter,everyone,true
156506743,2025-02-05T04:31:39.720Z,shien.getsuto@gmail.com,newsletter,everyone,true
156506743,2025-02-05T04:31:39.751Z,mileswilsondc@gmail.com,newsletter,everyone,true
156506743,2025-02-05T04:31:39.793Z,rimbsweiler@gmail.com,newsletter,everyone,true
156506743,2025-02-05T04:31:39.920Z,ahershmc@aol.com,newsletter,everyone,true
156506743,2025-02-05T04:31:40.009Z,alminivdmerwe@gmail.com,newsletter,everyone,true
156506743,2025-02-05T04:31:40.639Z,calebgrasse@gmail.com,newsletter,everyone,true
156506743,2025-02-05T04:31:40.724Z,growlyted@gmail.com,newsletter,everyone,true
156506743,2025-02-05T04:31:40.858Z,ptdaris@uol.com.br,newsletter,everyone,true
156506743,2025-02-05T04:31:40.984Z,borealspain@yahoo.co.uk,newsletter,everyone,true
156506743,2025-02-05T04:31:41.950Z,theory.nifty438@passinbox.com,newsletter,everyone,true
156506743,2025-02-05T04:31:43.557Z,dennis@burns.org,newsletter,everyone,true
156506743,2025-02-05T04:31:47.621Z,skyjensen@icloud.com,newsletter,everyone,true
