post_id,timestamp,email,post_type,post_audience,active_subscription
156578789,2025-02-09T16:41:34.669Z,Experimentalunit317@gmail.com,newsletter,everyone,false
156578789,2025-02-09T16:41:34.730Z,kalakaldruzuzu@gmail.com,newsletter,everyone,true
156578789,2025-02-09T16:41:34.759Z,djcart137@gmail.com,newsletter,everyone,true
156578789,2025-02-09T16:41:34.836Z,zach.bartell.writer@gmail.com,newsletter,everyone,true
156578789,2025-02-09T16:41:34.978Z,dwightlyman@gmail.com,newsletter,everyone,true
156578789,2025-02-09T16:41:35.249Z,raynottwoodbead@gmail.com,newsletter,everyone,true
156578789,2025-02-09T16:41:35.313Z,rimbsweiler@yahoo.com,newsletter,everyone,false
156578789,2025-02-09T16:41:35.491Z,lennoxgravox@gmail.com,newsletter,everyone,true
156578789,2025-02-09T16:41:35.517Z,beer64925@gmail.com,newsletter,everyone,true
156578789,2025-02-09T16:41:35.540Z,bky074a@gmail.com,newsletter,everyone,true
156578789,2025-02-09T16:41:35.565Z,beansocolofsky@gmail.com,newsletter,everyone,true
156578789,2025-02-09T16:41:35.569Z,3d0f86f2-e17f-4f2a-8ca5-154e98f6d68a@deletion-request.substack.com,newsletter,everyone,true
156578789,2025-02-09T16:41:35.589Z,kadirgemici066@gmail.com,newsletter,everyone,true
156578789,2025-02-09T16:41:35.625Z,semakpa@gmail.com,newsletter,everyone,true
156578789,2025-02-09T16:41:35.627Z,mileswilsondc@gmail.com,newsletter,everyone,true
156578789,2025-02-09T16:41:35.846Z,nathanhaile11@gmail.com,newsletter,everyone,true
156578789,2025-02-09T16:41:35.879Z,mrnononsense02@gmail.com,newsletter,everyone,true
156578789,2025-02-09T16:41:35.893Z,justinaugustwellington@gmail.com,newsletter,everyone,true
156578789,2025-02-09T16:41:35.952Z,gdg2018mm5@gmail.com,newsletter,everyone,true
156578789,2025-02-09T16:41:36.000Z,evangelinepressblog@gmail.com,newsletter,everyone,true
156578789,2025-02-09T16:41:36.148Z,harrisbrian321@gmail.com,newsletter,everyone,true
156578789,2025-02-09T16:41:36.680Z,rimbsweiler@gmail.com,newsletter,everyone,true
156578789,2025-02-09T16:41:36.690Z,shien.getsuto@gmail.com,newsletter,everyone,true
156578789,2025-02-09T16:41:36.714Z,alminivdmerwe@gmail.com,newsletter,everyone,true
156578789,2025-02-09T16:41:36.774Z,calebgrasse@gmail.com,newsletter,everyone,true
156578789,2025-02-09T16:41:36.792Z,Twadley@gmail.com,newsletter,everyone,true
156578789,2025-02-09T16:41:36.794Z,zutorilla@gmail.com,newsletter,everyone,true
156578789,2025-02-09T16:41:36.794Z,apollohlynch@gmail.com,newsletter,everyone,true
156578789,2025-02-09T16:41:36.844Z,virknavkaur@gmail.com,newsletter,everyone,true
156578789,2025-02-09T16:41:36.993Z,growlyted@gmail.com,newsletter,everyone,true
156578789,2025-02-09T16:41:37.082Z,ahershmc@aol.com,newsletter,everyone,true
156578789,2025-02-09T16:41:37.111Z,borealspain@yahoo.co.uk,newsletter,everyone,true
156578789,2025-02-09T16:41:37.158Z,adooleycox@gmail.com,newsletter,everyone,true
156578789,2025-02-09T16:41:37.191Z,jasontrew@gmail.com,newsletter,everyone,true
156578789,2025-02-09T16:41:37.195Z,ptdaris@uol.com.br,newsletter,everyone,true
156578789,2025-02-09T16:41:37.207Z,rwlbmitchell@gmail.com,newsletter,everyone,true
156578789,2025-02-09T16:41:37.282Z,ianwilmoth@gmail.com,newsletter,everyone,true
156578789,2025-02-09T16:41:37.352Z,ozs2@cornell.edu,newsletter,everyone,true
156578789,2025-02-09T16:41:37.594Z,briana.j.carroll@gmail.com,newsletter,everyone,true
156578789,2025-02-09T16:41:37.644Z,itzhak.samara@gmail.com,newsletter,everyone,true
156578789,2025-02-09T16:41:39.271Z,theory.nifty438@passinbox.com,newsletter,everyone,true
156578789,2025-02-09T16:41:39.585Z,dennis@burns.org,newsletter,everyone,true
156578789,2025-02-09T16:41:40.670Z,skyjensen@icloud.com,newsletter,everyone,true
