post_id,timestamp,email,post_type,post_audience,active_subscription,country,city,region,device_type,client_os,client_type,user_agent
156507862,2025-02-05T05:00:42.646Z,skyjensen@icloud.com,newsletter,everyone,true,US,,,,,,Mozilla/5.0
156507862,2025-02-05T05:02:56.958Z,jasontrew@gmail.com,newsletter,everyone,true,US,,,,,,Mozilla/5.0
156507862,2025-02-05T05:07:34.884Z,mileswilsondc@gmail.com,newsletter,everyone,true,US,,,,,,Mozilla/5.0
156507862,2025-02-05T05:12:56.385Z,skyjensen@icloud.com,newsletter,everyone,true,US,,,,,,Mozilla/5.0
156507862,2025-02-05T05:29:19.710Z,zach.bartell.writer@gmail.com,newsletter,everyone,true,US,,,,,,Mozilla/5.0
156507862,2025-02-05T06:13:54.950Z,lennoxgravox@gmail.com,newsletter,everyone,true,US,,,,,,Mozilla/5.0 (Windows NT 5.1; rv:11.0) Gecko Firefox/11.0 (via ggpht.com GoogleImageProxy)
156507862,2025-02-05T06:23:12.530Z,borealspain@yahoo.co.uk,newsletter,everyone,true,US,,,,,,Mozilla/5.0
156507862,2025-02-05T06:57:49.963Z,ianwilmoth@gmail.com,newsletter,everyone,true,NL,,,,,,Mozilla/5.0
156507862,2025-02-05T07:21:50.799Z,nathanhaile11@gmail.com,newsletter,everyone,true,MX,,,,,,Mozilla/5.0
156507862,2025-02-05T07:28:04.838Z,alminivdmerwe@gmail.com,newsletter,everyone,true,LI,,,,,,Mozilla/5.0
156507862,2025-02-05T07:39:09.715Z,dwightlyman@gmail.com,newsletter,everyone,true,US,,,,,,Mozilla/5.0
156507862,2025-02-05T09:14:54.903Z,virknavkaur@gmail.com,newsletter,everyone,true,US,,,,,,Mozilla/5.0 (Windows NT 5.1; rv:11.0) Gecko Firefox/11.0 (via ggpht.com GoogleImageProxy)
156507862,2025-02-05T09:23:56.890Z,alminivdmerwe@gmail.com,newsletter,everyone,true,LI,,,,,,Mozilla/5.0
156507862,2025-02-05T13:26:09.251Z,briana.j.carroll@gmail.com,newsletter,everyone,true,US,,,,,,Mozilla/5.0 (Windows NT 5.1; rv:11.0) Gecko Firefox/11.0 (via ggpht.com GoogleImageProxy)
156507862,2025-02-05T14:13:27.771Z,harrisbrian321@gmail.com,newsletter,everyone,true,CA,,,,,,Mozilla/5.0
156507862,2025-02-05T14:18:38.823Z,rimbsweiler@yahoo.com,newsletter,everyone,false,US,,,,,,Mozilla/5.0
156507862,2025-02-05T17:07:34.469Z,dennis@burns.org,newsletter,everyone,true,US,,,,,,Mozilla/4.0 (compatible; ms-office; MSOffice 16)
156507862,2025-02-05T17:07:34.523Z,dennis@burns.org,newsletter,everyone,true,US,,,,,,Mozilla/4.0 (compatible; ms-office; MSOffice 16)
156507862,2025-02-05T18:35:40.273Z,joliefleur3435@gmail.com,newsletter,everyone,true,GB,,,,,,Mozilla/5.0
156507862,2025-02-05T21:50:16.253Z,skyjensen@icloud.com,newsletter,everyone,true,US,,,,,,Mozilla/5.0
156507862,2025-02-06T01:15:59.293Z,apollohlynch@gmail.com,newsletter,everyone,true,US,,,,,,Mozilla/5.0
156507862,2025-02-06T21:01:25.783Z,ianwilmoth@gmail.com,newsletter,everyone,true,US,,,,,,Mozilla/5.0
156507862,2025-02-07T18:12:28.255Z,dwightlyman@gmail.com,newsletter,everyone,true,US,,,,,,Mozilla/5.0
156507862,2025-02-09T07:55:13.388Z,zutorilla@gmail.com,newsletter,everyone,true,US,,,,,,Mozilla/5.0 (Windows NT 5.1; rv:11.0) Gecko Firefox/11.0 (via ggpht.com GoogleImageProxy)
