post_id,timestamp,email,post_type,post_audience,active_subscription,country,city,region,device_type,client_os,client_type,user_agent
156506743,2025-02-05T04:33:45.937Z,ianwilmoth@gmail.com,newsletter,everyone,true,US,,,,,,Mozilla/5.0 (Windows NT 5.1; rv:11.0) Gecko Firefox/11.0 (via ggpht.com GoogleImageProxy)
156506743,2025-02-05T04:53:48.438Z,zach.bartell.writer@gmail.com,newsletter,everyone,true,US,,,,,,Mozilla/5.0
156506743,2025-02-05T04:56:40.521Z,dwightlyman@gmail.com,newsletter,everyone,true,US,,,,,,Mozilla/5.0
156506743,2025-02-05T04:59:38.670Z,borealspain@yahoo.co.uk,newsletter,everyone,true,US,,,,,,Mozilla/5.0
156506743,2025-02-05T05:00:42.645Z,skyjensen@icloud.com,newsletter,everyone,true,US,,,,,,Mozilla/5.0
156506743,2025-02-05T05:02:56.957Z,jasontrew@gmail.com,newsletter,everyone,true,US,,,,,,Mozilla/5.0
156506743,2025-02-05T05:07:34.882Z,mileswilsondc@gmail.com,newsletter,everyone,true,US,,,,,,Mozilla/5.0
156506743,2025-02-05T05:12:56.384Z,skyjensen@icloud.com,newsletter,everyone,true,US,,,,,,Mozilla/5.0
156506743,2025-02-05T06:57:49.962Z,ianwilmoth@gmail.com,newsletter,everyone,true,NL,,,,,,Mozilla/5.0
156506743,2025-02-05T07:04:20.069Z,alminivdmerwe@gmail.com,newsletter,everyone,true,LI,,,,,,Mozilla/5.0
156506743,2025-02-05T07:21:50.797Z,nathanhaile11@gmail.com,newsletter,everyone,true,MX,,,,,,Mozilla/5.0
156506743,2025-02-05T14:13:27.771Z,harrisbrian321@gmail.com,newsletter,everyone,true,CA,,,,,,Mozilla/5.0
156506743,2025-02-05T14:18:38.824Z,rimbsweiler@yahoo.com,newsletter,everyone,false,US,,,,,,Mozilla/5.0
156506743,2025-02-05T15:40:24.379Z,alminivdmerwe@gmail.com,newsletter,everyone,true,LI,,,,,,Mozilla/5.0
156506743,2025-02-05T21:50:17.533Z,skyjensen@icloud.com,newsletter,everyone,true,US,,,,,,Mozilla/5.0
156506743,2025-02-06T01:15:59.292Z,apollohlynch@gmail.com,newsletter,everyone,true,US,,,,,,Mozilla/5.0
156506743,2025-02-06T05:44:10.474Z,joliefleur3435@gmail.com,newsletter,everyone,true,GB,,,,,,Mozilla/5.0
156506743,2025-02-06T21:01:25.784Z,ianwilmoth@gmail.com,newsletter,everyone,true,US,,,,,,Mozilla/5.0
156506743,2025-02-07T18:12:28.257Z,dwightlyman@gmail.com,newsletter,everyone,true,US,,,,,,Mozilla/5.0
