post_id,timestamp,email,post_type,post_audience,active_subscription,country,city,region,device_type,client_os,client_type,user_agent
156578789,2025-02-09T16:51:21.486Z,skyjensen@icloud.com,newsletter,everyone,true,US,,,,,,Mozilla/5.0
156578789,2025-02-09T16:58:04.187Z,dwightlyman@gmail.com,newsletter,everyone,true,US,,,,,,Mozilla/5.0
156578789,2025-02-09T17:11:48.487Z,ianwilmoth@gmail.com,newsletter,everyone,true,US,,,,,,Mozilla/5.0
156578789,2025-02-09T17:37:51.676Z,borealspain@yahoo.co.uk,newsletter,everyone,true,US,,,,,,Mozilla/5.0
156578789,2025-02-09T18:19:50.880Z,ptdaris@uol.com.br,newsletter,everyone,true,BR,,,,,,Mozilla/4.0 (compatible; ms-office; MSOffice 16)
156578789,2025-02-09T19:45:13.749Z,shien.getsuto@gmail.com,newsletter,everyone,true,US,,,,,,Mozilla/5.0 (Windows NT 5.1; rv:11.0) Gecko Firefox/11.0 (via ggpht.com GoogleImageProxy)
156578789,2025-02-09T19:51:57.169Z,alminivdmerwe@gmail.com,newsletter,everyone,true,LI,,,,,,Mozilla/5.0
156578789,2025-02-09T20:54:03.209Z,mileswilsondc@gmail.com,newsletter,everyone,true,US,,,,,,Mozilla/5.0
156578789,2025-02-10T00:55:57.676Z,dwightlyman@gmail.com,newsletter,everyone,true,US,,,,,,Mozilla/5.0
156578789,2025-02-10T03:58:05.675Z,jasontrew@gmail.com,newsletter,everyone,true,US,,,,,,Mozilla/5.0
156578789,2025-02-10T04:23:29.247Z,zach.bartell.writer@gmail.com,newsletter,everyone,true,US,,,,,,Mozilla/5.0
156578789,2025-02-10T04:53:23.339Z,skyjensen@icloud.com,newsletter,everyone,true,US,,,,,,Mozilla/5.0
156578789,2025-02-10T07:55:49.107Z,alminivdmerwe@gmail.com,newsletter,everyone,true,LI,,,,,,Mozilla/5.0
156578789,2025-02-10T14:29:30.263Z,rimbsweiler@yahoo.com,newsletter,everyone,false,US,,,,,,Mozilla/5.0
156578789,2025-02-10T17:17:54.836Z,apollohlynch@gmail.com,newsletter,everyone,true,US,,,,,,Mozilla/5.0
156578789,2025-02-11T11:50:23.341Z,harrisbrian321@gmail.com,newsletter,everyone,true,CA,,,,,,Mozilla/5.0
156578789,2025-02-26T04:22:30.323Z,nathanhaile11@gmail.com,newsletter,everyone,true,MX,,,,,,Mozilla/5.0
