post_id,timestamp,email,post_type,post_audience,active_subscription,country,city,region,device_type,client_os,client_type,user_agent
156507307,2025-02-05T04:40:26.156Z,jasontrew@gmail.com,newsletter,everyone,true,US,,,,,,Mozilla/5.0 (Windows NT 5.1; rv:11.0) Gecko Firefox/11.0 (via ggpht.com GoogleImageProxy)
156507307,2025-02-05T04:53:48.438Z,zach.bartell.writer@gmail.com,newsletter,everyone,true,US,,,,,,Mozilla/5.0
156507307,2025-02-05T04:59:38.669Z,borealspain@yahoo.co.uk,newsletter,everyone,true,US,,,,,,Mozilla/5.0
156507307,2025-02-05T05:00:42.646Z,skyjensen@icloud.com,newsletter,everyone,true,US,,,,,,Mozilla/5.0
156507307,2025-02-05T05:02:56.958Z,jasontrew@gmail.com,newsletter,everyone,true,US,,,,,,Mozilla/5.0
156507307,2025-02-05T05:07:34.883Z,mileswilsondc@gmail.com,newsletter,everyone,true,US,,,,,,Mozilla/5.0
156507307,2025-02-05T05:12:56.384Z,skyjensen@icloud.com,newsletter,everyone,true,US,,,,,,Mozilla/5.0
156507307,2025-02-05T06:57:49.962Z,ianwilmoth@gmail.com,newsletter,everyone,true,NL,,,,,,Mozilla/5.0
156507307,2025-02-05T07:21:50.798Z,nathanhaile11@gmail.com,newsletter,everyone,true,MX,,,,,,Mozilla/5.0
156507307,2025-02-05T07:28:04.839Z,alminivdmerwe@gmail.com,newsletter,everyone,true,LI,,,,,,Mozilla/5.0
156507307,2025-02-05T09:23:56.891Z,alminivdmerwe@gmail.com,newsletter,everyone,true,LI,,,,,,Mozilla/5.0
156507307,2025-02-05T14:13:27.771Z,harrisbrian321@gmail.com,newsletter,everyone,true,CA,,,,,,Mozilla/5.0
156507307,2025-02-05T14:18:38.823Z,rimbsweiler@yahoo.com,newsletter,everyone,false,US,,,,,,Mozilla/5.0
156507307,2025-02-05T18:42:22.589Z,briana.j.carroll@gmail.com,newsletter,everyone,true,US,,,,,,Mozilla/5.0 (Windows NT 5.1; rv:11.0) Gecko Firefox/11.0 (via ggpht.com GoogleImageProxy)
156507307,2025-02-05T21:50:17.014Z,skyjensen@icloud.com,newsletter,everyone,true,US,,,,,,Mozilla/5.0
156507307,2025-02-06T01:15:59.294Z,apollohlynch@gmail.com,newsletter,everyone,true,US,,,,,,Mozilla/5.0
156507307,2025-02-06T04:02:33.962Z,rwlbmitchell@gmail.com,newsletter,everyone,true,US,,,,,,Mozilla/5.0 (Windows NT 5.1; rv:11.0) Gecko Firefox/11.0 (via ggpht.com GoogleImageProxy)
156507307,2025-02-06T05:44:10.474Z,joliefleur3435@gmail.com,newsletter,everyone,true,GB,,,,,,Mozilla/5.0
156507307,2025-02-06T21:01:25.784Z,ianwilmoth@gmail.com,newsletter,everyone,true,US,,,,,,Mozilla/5.0
