post_id,timestamp,email,post_type,post_audience,active_subscription
156921165,2025-05-21T16:14:15.514Z,kaspar.sup@gmail.com,newsletter,everyone,true
156921165,2025-05-21T16:14:15.718Z,bky074a@gmail.com,newsletter,everyone,true
156921165,2025-05-21T16:14:15.732Z,zach.bartell.writer@gmail.com,newsletter,everyone,true
156921165,2025-05-21T16:14:16.006Z,djcart137@gmail.com,newsletter,everyone,true
156921165,2025-05-21T16:14:16.179Z,justinaugustwellington@gmail.com,newsletter,everyone,true
156921165,2025-05-21T16:14:16.181Z,rimbsweiler@yahoo.com,newsletter,everyone,true
156921165,2025-05-21T16:14:16.275Z,gdg2018mm5@gmail.com,newsletter,everyone,true
156921165,2025-05-21T16:14:16.308Z,kadirgemici066@gmail.com,newsletter,everyone,true
156921165,2025-05-21T16:14:16.481Z,kalakaldruzuzu@gmail.com,newsletter,everyone,true
156921165,2025-05-21T16:14:16.563Z,raynottwoodbead@gmail.com,newsletter,everyone,true
156921165,2025-05-21T16:14:16.611Z,rimbsweiler@gmail.com,newsletter,everyone,true
156921165,2025-05-21T16:14:16.636Z,vespajayr2@yahoo.com,newsletter,everyone,true
156921165,2025-05-21T16:14:16.704Z,ianwilmoth@gmail.com,newsletter,everyone,true
156921165,2025-05-21T16:14:16.719Z,mrnononsense02@gmail.com,newsletter,everyone,true
156921165,2025-05-21T16:14:16.726Z,rwlbmitchell@gmail.com,newsletter,everyone,true
156921165,2025-05-21T16:14:16.731Z,prodbyb2ny@gmail.com,newsletter,everyone,true
156921165,2025-05-21T16:14:16.735Z,briana.j.carroll@gmail.com,newsletter,everyone,true
156921165,2025-05-21T16:14:16.761Z,Twadley@gmail.com,newsletter,everyone,true
156921165,2025-05-21T16:14:16.811Z,evangelinepressblog@gmail.com,newsletter,everyone,true
156921165,2025-05-21T16:14:16.871Z,shien.getsuto@gmail.com,newsletter,everyone,true
156921165,2025-05-21T16:14:16.908Z,calebgrasse@gmail.com,newsletter,everyone,true
156921165,2025-05-21T16:14:17.280Z,borealspain@yahoo.co.uk,newsletter,everyone,true
156921165,2025-05-21T16:14:17.311Z,Originalsyn77@gmail.com,newsletter,everyone,true
156921165,2025-05-21T16:14:17.492Z,beer64925@gmail.com,newsletter,everyone,true
156921165,2025-05-21T16:14:17.758Z,mileswilsondc@gmail.com,newsletter,everyone,true
156921165,2025-05-21T16:14:18.006Z,ptdaris@uol.com.br,newsletter,everyone,true
156921165,2025-05-21T16:14:18.036Z,apollohlynch@gmail.com,newsletter,everyone,true
156921165,2025-05-21T16:14:18.366Z,harrisbrian321@gmail.com,newsletter,everyone,true
156921165,2025-05-21T16:14:18.479Z,semakpa@gmail.com,newsletter,everyone,true
156921165,2025-05-21T16:14:18.662Z,dennis@burns.org,newsletter,everyone,true
156921165,2025-05-21T16:14:18.806Z,ozs2@cornell.edu,newsletter,everyone,true
156921165,2025-05-21T16:14:20.145Z,marcreekers@icloud.com,newsletter,everyone,true
156921165,2025-05-21T16:14:21.737Z,skyjensen@icloud.com,newsletter,everyone,true
