post_id,timestamp,email,post_type,post_audience,active_subscription,country,city,region,device_type,client_os,client_type,user_agent
156921165,2025-05-21T16:26:51.457Z,harrisbrian321@gmail.com,newsletter,everyone,true,CA,,,,,,Mozilla/5.0
156921165,2025-05-21T16:28:32.519Z,borealspain@yahoo.co.uk,newsletter,everyone,true,US,,,,,,Mozilla/5.0
156921165,2025-05-21T16:32:03.305Z,briana.j.carroll@gmail.com,newsletter,everyone,true,US,,,,,,Mozilla/5.0 (Windows NT 5.1; rv:11.0) Gecko Firefox/11.0 (via ggpht.com GoogleImageProxy)
156921165,2025-05-21T16:32:49.081Z,briana.j.carroll@gmail.com,newsletter,everyone,true,US,,,,,,Mozilla/5.0 (Windows NT 5.1; rv:11.0) Gecko Firefox/11.0 (via ggpht.com GoogleImageProxy)
156921165,2025-05-21T16:49:58.792Z,harrisbrian321@gmail.com,newsletter,everyone,true,US,,,,,,Mozilla/5.0 (Windows NT 5.1; rv:11.0) Gecko Firefox/11.0 (via ggpht.com GoogleImageProxy)
156921165,2025-05-21T17:09:53.187Z,marcreekers@icloud.com,newsletter,everyone,true,US,,,,,,Mozilla/5.0
156921165,2025-05-21T17:26:57.047Z,ozs2@cornell.edu,newsletter,everyone,true,US,,,,,,Mozilla/5.0 (Windows NT 5.1; rv:11.0) Gecko Firefox/11.0 (via ggpht.com GoogleImageProxy)
156921165,2025-05-21T17:34:10.458Z,rimbsweiler@yahoo.com,newsletter,everyone,true,US,,,,,,YahooMailProxy; https://help.yahoo.com/kb/yahoo-mail-proxy-SLN28749.html
156921165,2025-05-21T19:34:09.755Z,mileswilsondc@gmail.com,newsletter,everyone,true,US,,,,,,Mozilla/5.0
156921165,2025-05-21T22:02:32.874Z,borealspain@yahoo.co.uk,newsletter,everyone,true,US,,,,,,Mozilla/5.0
156921165,2025-05-21T22:03:59.658Z,skyjensen@icloud.com,newsletter,everyone,true,US,,,,,,Mozilla/5.0
156921165,2025-05-21T22:08:28.384Z,marcreekers@icloud.com,newsletter,everyone,true,NL,,,,,,Mozilla/5.0
156921165,2025-05-22T05:24:09.416Z,apollohlynch@gmail.com,newsletter,everyone,true,US,,,,,,Mozilla/5.0
156921165,2025-05-22T08:53:09.815Z,zach.bartell.writer@gmail.com,newsletter,everyone,true,US,,,,,,Mozilla/5.0
156921165,2025-05-25T10:40:03.716Z,marcreekers@icloud.com,newsletter,everyone,true,NL,,,,,,Mozilla/5.0
156921165,2025-05-31T16:34:28.602Z,skyjensen@icloud.com,newsletter,everyone,true,US,,,,,,Mozilla/5.0
156921165,2025-05-31T22:40:10.693Z,marcreekers@icloud.com,newsletter,everyone,true,US,,,,,,Mozilla/5.0
