post_id,timestamp,email,post_type,post_audience,active_subscription
157803616,2025-02-24T13:10:39.944Z,djcart137@gmail.com,newsletter,everyone,true
157803616,2025-02-24T13:10:40.087Z,raynottwoodbead@gmail.com,newsletter,everyone,true
157803616,2025-02-24T13:10:40.100Z,kalakaldruzuzu@gmail.com,newsletter,everyone,true
157803616,2025-02-24T13:10:40.110Z,nathanhaile11@gmail.com,newsletter,everyone,true
157803616,2025-02-24T13:10:40.203Z,evangelinepressblog@gmail.com,newsletter,everyone,true
157803616,2025-02-24T13:10:40.215Z,gdg2018mm5@gmail.com,newsletter,everyone,true
157803616,2025-02-24T13:10:40.225Z,justinaugustwellington@gmail.com,newsletter,everyone,true
157803616,2025-02-24T13:10:40.228Z,mrnononsense02@gmail.com,newsletter,everyone,true
157803616,2025-02-24T13:10:40.276Z,beer64925@gmail.com,newsletter,everyone,true
157803616,2025-02-24T13:10:40.481Z,beansocolofsky@gmail.com,newsletter,everyone,true
157803616,2025-02-24T13:10:40.485Z,bky074a@gmail.com,newsletter,everyone,true
157803616,2025-02-24T13:10:40.647Z,harrisbrian321@gmail.com,newsletter,everyone,true
157803616,2025-02-24T13:10:40.664Z,ozs2@cornell.edu,newsletter,everyone,true
157803616,2025-02-24T13:10:40.733Z,kadirgemici066@gmail.com,newsletter,everyone,true
157803616,2025-02-24T13:10:40.790Z,dwightlyman@gmail.com,newsletter,everyone,true
157803616,2025-02-24T13:10:40.816Z,adooleycox@gmail.com,newsletter,everyone,true
157803616,2025-02-24T13:10:40.849Z,lennoxgravox@gmail.com,newsletter,everyone,true
157803616,2025-02-24T13:10:40.871Z,rimbsweiler@gmail.com,newsletter,everyone,true
157803616,2025-02-24T13:10:40.875Z,zach.bartell.writer@gmail.com,newsletter,everyone,true
157803616,2025-02-24T13:10:40.909Z,ianwilmoth@gmail.com,newsletter,everyone,true
157803616,2025-02-24T13:10:40.919Z,shien.getsuto@gmail.com,newsletter,everyone,true
157803616,2025-02-24T13:10:40.929Z,calebgrasse@gmail.com,newsletter,everyone,true
157803616,2025-02-24T13:10:40.933Z,ptdaris@uol.com.br,newsletter,everyone,true
157803616,2025-02-24T13:10:40.977Z,growlyted@gmail.com,newsletter,everyone,true
157803616,2025-02-24T13:10:41.029Z,rwlbmitchell@gmail.com,newsletter,everyone,true
157803616,2025-02-24T13:10:41.133Z,Experimentalunit317@gmail.com,newsletter,everyone,false
157803616,2025-02-24T13:10:41.136Z,mileswilsondc@gmail.com,newsletter,everyone,true
157803616,2025-02-24T13:10:41.173Z,Twadley@gmail.com,newsletter,everyone,true
157803616,2025-02-24T13:10:41.251Z,ahershmc@aol.com,newsletter,everyone,true
157803616,2025-02-24T13:10:41.302Z,borealspain@yahoo.co.uk,newsletter,everyone,true
157803616,2025-02-24T13:10:41.333Z,semakpa@gmail.com,newsletter,everyone,true
157803616,2025-02-24T13:10:41.363Z,briana.j.carroll@gmail.com,newsletter,everyone,true
157803616,2025-02-24T13:10:41.389Z,alminivdmerwe@gmail.com,newsletter,everyone,true
157803616,2025-02-24T13:10:41.400Z,apollohlynch@gmail.com,newsletter,everyone,true
157803616,2025-02-24T13:10:41.460Z,jasontrew@gmail.com,newsletter,everyone,true
157803616,2025-02-24T13:10:41.565Z,virknavkaur@gmail.com,newsletter,everyone,true
157803616,2025-02-24T13:10:41.696Z,rimbsweiler@yahoo.com,newsletter,everyone,false
157803616,2025-02-24T13:10:45.249Z,dennis@burns.org,newsletter,everyone,true
