post_id,timestamp,email,post_type,post_audience,active_subscription,country,city,region,device_type,client_os,client_type,user_agent
157803616,2025-02-24T13:20:49.186Z,alminivdmerwe@gmail.com,newsletter,everyone,true,LI,,,,,,Mozilla/5.0
157803616,2025-02-24T13:27:43.183Z,harrisbrian321@gmail.com,newsletter,everyone,true,CA,,,,,,Mozilla/5.0
157803616,2025-02-24T13:39:23.143Z,alminivdmerwe@gmail.com,newsletter,everyone,true,LI,,,,,,Mozilla/5.0
157803616,2025-02-24T13:43:42.827Z,rimbsweiler@yahoo.com,newsletter,everyone,false,US,,,,,,Mozilla/5.0
157803616,2025-02-24T14:35:29.713Z,borealspain@yahoo.co.uk,newsletter,everyone,true,US,,,,,,Mozilla/5.0
157803616,2025-02-24T15:08:14.745Z,zach.bartell.writer@gmail.com,newsletter,everyone,true,US,,,,,,Mozilla/5.0
157803616,2025-02-24T21:37:10.008Z,mileswilsondc@gmail.com,newsletter,everyone,true,US,,,,,,Mozilla/5.0
157803616,2025-02-25T01:13:19.752Z,jasontrew@gmail.com,newsletter,everyone,true,US,,,,,,Mozilla/5.0
157803616,2025-02-27T19:49:49.506Z,nathanhaile11@gmail.com,newsletter,everyone,true,MX,,,,,,Mozilla/5.0
157803616,2025-03-03T08:09:10.780Z,apollohlynch@gmail.com,newsletter,everyone,true,US,,,,,,Mozilla/5.0
