post_id,timestamp,email,post_type,post_audience,active_subscription
158091418,2025-02-28T10:41:58.647Z,Experimentalunit317@gmail.com,newsletter,everyone,false
158091418,2025-02-28T10:42:00.498Z,rimbsweiler@yahoo.com,newsletter,everyone,false
158091418,2025-02-28T10:42:00.624Z,kalakaldruzuzu@gmail.com,newsletter,everyone,true
158091418,2025-02-28T10:42:00.640Z,beansocolofsky@gmail.com,newsletter,everyone,true
158091418,2025-02-28T10:42:00.687Z,zach.bartell.writer@gmail.com,newsletter,everyone,true
158091418,2025-02-28T10:42:00.866Z,bky074a@gmail.com,newsletter,everyone,true
158091418,2025-02-28T10:42:00.874Z,djcart137@gmail.com,newsletter,everyone,true
158091418,2025-02-28T10:42:00.963Z,beer64925@gmail.com,newsletter,everyone,true
158091418,2025-02-28T10:42:00.975Z,mileswilsondc@gmail.com,newsletter,everyone,true
158091418,2025-02-28T10:42:00.988Z,harrisbrian321@gmail.com,newsletter,everyone,true
158091418,2025-02-28T10:42:01.119Z,kadirgemici066@gmail.com,newsletter,everyone,true
158091418,2025-02-28T10:42:01.142Z,raynottwoodbead@gmail.com,newsletter,everyone,true
158091418,2025-02-28T10:42:01.237Z,semakpa@gmail.com,newsletter,everyone,true
158091418,2025-02-28T10:42:01.284Z,nathanhaile11@gmail.com,newsletter,everyone,true
158091418,2025-02-28T10:42:01.339Z,gdg2018mm5@gmail.com,newsletter,everyone,true
158091418,2025-02-28T10:42:01.376Z,lennoxgravox@gmail.com,newsletter,everyone,true
158091418,2025-02-28T10:42:01.395Z,mrnononsense02@gmail.com,newsletter,everyone,true
158091418,2025-02-28T10:42:01.493Z,briana.j.carroll@gmail.com,newsletter,everyone,true
158091418,2025-02-28T10:42:01.502Z,alminivdmerwe@gmail.com,newsletter,everyone,true
158091418,2025-02-28T10:42:01.584Z,calebgrasse@gmail.com,newsletter,everyone,true
158091418,2025-02-28T10:42:01.591Z,Twadley@gmail.com,newsletter,everyone,true
158091418,2025-02-28T10:42:01.596Z,shien.getsuto@gmail.com,newsletter,everyone,true
158091418,2025-02-28T10:42:01.684Z,ianwilmoth@gmail.com,newsletter,everyone,true
158091418,2025-02-28T10:42:01.753Z,dwightlyman@gmail.com,newsletter,everyone,true
158091418,2025-02-28T10:42:01.949Z,ahershmc@aol.com,newsletter,everyone,true
158091418,2025-02-28T10:42:02.070Z,virknavkaur@gmail.com,newsletter,everyone,true
158091418,2025-02-28T10:42:02.253Z,ptdaris@uol.com.br,newsletter,everyone,true
158091418,2025-02-28T10:42:02.282Z,growlyted@gmail.com,newsletter,everyone,true
158091418,2025-02-28T10:42:02.372Z,adooleycox@gmail.com,newsletter,everyone,true
158091418,2025-02-28T10:42:02.402Z,justinaugustwellington@gmail.com,newsletter,everyone,true
158091418,2025-02-28T10:42:02.638Z,evangelinepressblog@gmail.com,newsletter,everyone,true
158091418,2025-02-28T10:42:02.950Z,ozs2@cornell.edu,newsletter,everyone,true
158091418,2025-02-28T10:42:03.041Z,rwlbmitchell@gmail.com,newsletter,everyone,true
158091418,2025-02-28T10:42:03.075Z,jasontrew@gmail.com,newsletter,everyone,true
158091418,2025-02-28T10:42:03.089Z,rimbsweiler@gmail.com,newsletter,everyone,true
158091418,2025-02-28T10:42:03.433Z,borealspain@yahoo.co.uk,newsletter,everyone,true
158091418,2025-02-28T10:42:04.264Z,apollohlynch@gmail.com,newsletter,everyone,true
158091418,2025-02-28T10:42:06.056Z,dennis@burns.org,newsletter,everyone,true
158091418,2025-02-28T10:42:08.646Z,skyjensen@icloud.com,newsletter,everyone,true
